km,From:,REG (C-EXP),REG (C-EXP),REG (C-EXP),REG (C-EXP),HSR,REG (C-EXP),REG (C-EXP),REG (C-EXP),IC (HSR),IC (HSR),HSR,REG (C-EXP),REG (C-EXP),HSR,REG (C-EXP),REG (C-EXP),REG (C-EXP),IC (HSR),HSR,REG (C-EXP),REG (C-EXP),HSR,REG (C-EXP),REG (C-EXP),REG (C-EXP),IC (HSR),IC (HSR),HSR,REG (C-EXP),REG (C-EXP),HSR,REG (C-EXP),REG (C-EXP),REG (C-EXP),IC (HSR),HSR,REG (C-EXP),REG (C-EXP),HSR,REG (C-EXP),REG (C-EXP),REG (C-EXP),IC (HSR),IC (HSR),HSR,REG (C-EXP),REG (C-EXP),HSR,REG (C-EXP),REG (C-EXP),REG (C-EXP),IC (HSR),HSR,REG (C-EXP),REG (C-EXP),HSR,REG (C-EXP),REG (C-EXP),REG (C-EXP),IC (HSR),IC (HSR),HSR,REG (C-EXP),REG (C-EXP),HSR,REG (C-EXP),REG (C-EXP),REG (C-EXP),IC (HSR),HSR,REG (C-EXP),REG (C-EXP),HSR,REG (C-EXP),REG (C-EXP),REG (C-EXP),REG (C-EXP),IC (HSR),IC (HSR),HSR,REG (C-EXP),REG (C-EXP),REG (C-EXP),HSR,REG (C-EXP),REG (C-EXP),IC (HSR),HSR,HSR,REG (C-EXP),IC (HSR),IC (HSR),HSR,REG (C-EXP),REG (C-EXP),REG (C-EXP),IC (HSR),HSR,REG (C-EXP),IC (HSR),IC (HSR),HSR,REG (C-EXP),REG (C-EXP),REG (C-EXP),IC (HSR),HSR,REG (C-EXP),IC (HSR),IC (HSR),HSR,REG (C-EXP),REG (C-EXP),REG (C-EXP),IC (HSR),HSR,REG (C-EXP),IC (HSR),IC (HSR),HSR,REG (C-EXP),REG (C-EXP),REG (C-EXP),IC (HSR),HSR,REG (C-EXP),IC (HSR),IC (HSR),HSR,REG (C-EXP),REG (C-EXP),REG (C-EXP),REG (C-EXP),IC (HSR),REG (C-EXP),HSR,REG (C-EXP),REG (C-EXP),REG (C-EXP),IC (HSR),IC (HSR),HSR,REG (C-EXP),REG (C-EXP),HSR,REG (C-EXP),REG (C-EXP),REG (C-EXP),IC (HSR),HSR,REG (C-EXP),REG (C-EXP),HSR,REG (C-EXP),REG (C-EXP),REG (C-EXP),IC (HSR),IC (HSR),HSR,REG (C-EXP),REG (C-EXP),HSR,REG (C-EXP),REG (C-EXP),REG (C-EXP),IC (HSR),HSR,REG (C-EXP),REG (C-EXP),HSR,REG (C-EXP),REG (C-EXP),REG (C-EXP),IC (HSR),IC (HSR),HSR,REG (C-EXP),REG (C-EXP),HSR,REG (C-EXP),REG (C-EXP),REG (C-EXP),IC (HSR),HSR,REG (C-EXP),REG (C-EXP),HSR,REG (C-EXP),REG (C-EXP),REG (C-EXP),IC (HSR),IC (HSR),HSR,REG (C-EXP),REG (C-EXP),HSR,REG (C-EXP),REG (C-EXP),REG (C-EXP),IC (HSR),HSR,REG (C-EXP),REG (C-EXP),HSR,REG (C-EXP),REG (C-EXP),REG (C-EXP),IC (HSR),IC (HSR),HSR,REG (C-EXP),REG (C-EXP),HSR,REG (C-EXP),REG (C-EXP),IC (HSR),HSR,HSR,REG (C-EXP),IC (HSR),IC (HSR),HSR,REG (C-EXP),REG (C-EXP),REG (C-EXP),IC (HSR),HSR,REG (C-EXP),IC (HSR),IC (HSR),HSR,REG (C-EXP),REG (C-EXP),REG (C-EXP),IC (HSR),HSR,REG (C-EXP),IC (HSR),IC (HSR),HSR,REG (C-EXP),REG (C-EXP),REG (C-EXP),IC (HSR),HSR,IC (HSR),IC (HSR),HSR,IC (HSR)
,,310,508,,312,806,312,510,,752,702,908,314,,808,314,512,,754,910,316,,810,316,514,,756,704,912,318,,812,318,516,,758,914,320,,814,320,518,,760,706,916,322,,816,322,520,,762,918,324,,818,324,522,,764,708,920,326,,820,326,524,,766,922,328,,822,328,526,,430,,,924,330,,430,824,330,528,,926,826,434,,,928,434,334,532,,830,438,,,932,438,338,536,,834,442,,,936,442,342,540,,838,446,,,940,446,346,544,,842,450,,,944,450,350,548,452,,352,846,352,550,454,,,948,354,454,848,354,552,456,,950,356,456,850,356,554,458,,,952,358,458,852,358,556,460,,954,360,460,854,360,558,462,,,956,362,462,856,362,560,464,,958,364,464,858,364,562,466,,,960,366,466,860,366,564,468,,962,368,468,862,368,566,470,,,964,370,470,864,370,568,,966,866,474,,,968,474,374,572,,870,,,,,,,,,,,,,,,,,,,,,,
0,GILROY (HSR) $,  ,  ,5:03  ,  ,5:31  ,  ,  ,5:33  ,5:43  ,5:49  ,5:55  ,  ,  ,6:01  ,  ,  ,6:03  ,6:13  ,6:25  ,  ,  ,6:31  ,  ,  ,6:33  ,6:43  ,6:49  ,6:55  ,  ,  ,7:01  ,  ,  ,7:03  ,7:13  ,7:25  ,  ,  ,7:31  ,  ,  ,7:33  ,7:43  ,7:49  ,7:55  ,  ,  ,8:01  ,  ,  ,8:03  ,8:13  ,8:25  ,  ,  ,8:31  ,  ,  ,8:33  ,8:43  ,8:49  ,8:55  ,  ,  ,9:01  ,  ,  ,9:03  ,9:13  ,9:25  ,  ,  ,9:31  ,  ,  ,9:33  ,  ,9:43  ,9:49  ,9:55  ,  ,  ,  ,10:01  ,  ,  ,10:13  ,10:25  ,10:31  ,  ,10:43  ,10:49  ,10:55  ,  ,  ,  ,11:13  ,11:31  ,  ,11:43  ,11:49  ,11:55  ,  ,  ,  ,12:13  ,12:31  ,  ,12:43  ,12:49  ,12:55  ,  ,  ,  ,13:13  ,13:31  ,  ,13:43  ,13:49  ,13:55  ,  ,  ,  ,14:13  ,14:31  ,  ,14:43  ,14:49  ,14:55  ,  ,  ,  ,  ,15:13  ,  ,15:31  ,  ,  ,  ,15:43  ,15:49  ,15:55  ,  ,  ,16:01  ,  ,  ,  ,16:13  ,16:25  ,  ,  ,16:31  ,  ,  ,  ,16:43  ,16:49  ,16:55  ,  ,  ,17:01  ,  ,  ,  ,17:13  ,17:25  ,  ,  ,17:31  ,  ,  ,  ,17:43  ,17:49  ,17:55  ,  ,  ,18:01  ,  ,  ,  ,18:13  ,18:25  ,  ,  ,18:31  ,  ,  ,  ,18:43  ,18:49  ,18:55  ,  ,  ,19:01  ,  ,  ,  ,19:13  ,19:25  ,  ,  ,19:31  ,  ,  ,  ,19:43  ,19:49  ,19:55  ,  ,  ,20:01  ,  ,  ,20:13  ,20:25  ,20:31  ,  ,20:43  ,20:49  ,20:55  ,  ,  ,  ,21:13  ,21:31  ,  ,21:43  ,21:49  ,21:55  ,  ,  ,  ,22:13  ,22:31  ,  ,22:43  ,22:49  ,22:55  ,  ,  ,  ,23:13  ,23:31  ,23:43  ,23:49  ,23:55  ,0:13  
10,SAN MARTIIN (HSR) $,  ,  ,|      ,  ,|      ,  ,  ,|      ,|      ,|      ,|      ,  ,  ,|      ,  ,  ,|      ,|      ,|      ,  ,  ,|      ,  ,  ,|      ,|      ,|      ,|      ,  ,  ,|      ,  ,  ,|      ,|      ,|      ,  ,  ,|      ,  ,  ,|      ,|      ,|      ,|      ,  ,  ,|      ,  ,  ,|      ,|      ,|      ,  ,  ,|      ,  ,  ,|      ,|      ,|      ,|      ,  ,  ,|      ,  ,  ,|      ,|      ,|      ,  ,  ,|      ,  ,  ,|      ,  ,|      ,|      ,|      ,  ,  ,  ,|      ,  ,  ,|      ,|      ,|      ,  ,|      ,|      ,|      ,  ,  ,  ,|      ,|      ,  ,|      ,|      ,|      ,  ,  ,  ,|      ,|      ,  ,|      ,|      ,|      ,  ,  ,  ,|      ,|      ,  ,|      ,|      ,|      ,  ,  ,  ,|      ,|      ,  ,|      ,|      ,|      ,  ,  ,  ,  ,|      ,  ,|      ,  ,  ,  ,|      ,|      ,|      ,  ,  ,|      ,  ,  ,  ,|      ,|      ,  ,  ,|      ,  ,  ,  ,|      ,|      ,|      ,  ,  ,|      ,  ,  ,  ,|      ,|      ,  ,  ,|      ,  ,  ,  ,|      ,|      ,|      ,  ,  ,|      ,  ,  ,  ,|      ,|      ,  ,  ,|      ,  ,  ,  ,|      ,|      ,|      ,  ,  ,|      ,  ,  ,  ,|      ,|      ,  ,  ,|      ,  ,  ,  ,|      ,|      ,|      ,  ,  ,|      ,  ,  ,|      ,|      ,|      ,  ,|      ,|      ,|      ,  ,  ,  ,|      ,|      ,  ,|      ,|      ,|      ,  ,  ,  ,|      ,|      ,  ,|      ,|      ,|      ,  ,  ,  ,|      ,|      ,|      ,|      ,|      ,|      
16,MORGAN HILL (HSR) $,  ,  ,5:13  ,  ,|      ,  ,  ,|      ,|      ,|      ,|      ,  ,  ,|      ,  ,  ,6:13  ,|      ,|      ,  ,  ,|      ,  ,  ,|      ,|      ,|      ,|      ,  ,  ,|      ,  ,  ,7:13  ,|      ,|      ,  ,  ,|      ,  ,  ,|      ,|      ,|      ,|      ,  ,  ,|      ,  ,  ,8:13  ,|      ,|      ,  ,  ,|      ,  ,  ,|      ,|      ,|      ,|      ,  ,  ,|      ,  ,  ,9:13  ,|      ,|      ,  ,  ,|      ,  ,  ,|      ,  ,|      ,|      ,|      ,  ,  ,  ,|      ,  ,  ,|      ,|      ,|      ,  ,|      ,|      ,|      ,  ,  ,  ,|      ,|      ,  ,|      ,|      ,|      ,  ,  ,  ,|      ,|      ,  ,|      ,|      ,|      ,  ,  ,  ,|      ,|      ,  ,|      ,|      ,|      ,  ,  ,  ,|      ,|      ,  ,|      ,|      ,|      ,  ,  ,  ,  ,|      ,  ,|      ,  ,  ,  ,|      ,|      ,|      ,  ,  ,|      ,  ,  ,  ,|      ,|      ,  ,  ,|      ,  ,  ,  ,|      ,|      ,|      ,  ,  ,|      ,  ,  ,  ,|      ,|      ,  ,  ,|      ,  ,  ,  ,|      ,|      ,|      ,  ,  ,|      ,  ,  ,  ,|      ,|      ,  ,  ,|      ,  ,  ,  ,|      ,|      ,|      ,  ,  ,|      ,  ,  ,  ,|      ,|      ,  ,  ,|      ,  ,  ,  ,|      ,|      ,|      ,  ,  ,|      ,  ,  ,|      ,|      ,|      ,  ,|      ,|      ,|      ,  ,  ,  ,|      ,|      ,  ,|      ,|      ,|      ,  ,  ,  ,|      ,|      ,  ,|      ,|      ,|      ,  ,  ,  ,|      ,|      ,|      ,|      ,|      ,|      
35,BLOSSOM HILL (HSR) $,  ,  ,|      ,  ,|      ,  ,  ,5:52  ,|      ,|      ,|      ,  ,  ,|      ,  ,  ,|      ,|      ,|      ,  ,  ,|      ,  ,  ,6:52  ,|      ,|      ,|      ,  ,  ,|      ,  ,  ,|      ,|      ,|      ,  ,  ,|      ,  ,  ,7:52  ,|      ,|      ,|      ,  ,  ,|      ,  ,  ,|      ,|      ,|      ,  ,  ,|      ,  ,  ,8:52  ,|      ,|      ,|      ,  ,  ,|      ,  ,  ,|      ,|      ,|      ,  ,  ,|      ,  ,  ,9:52  ,  ,|      ,|      ,|      ,  ,  ,  ,|      ,  ,  ,|      ,|      ,|      ,  ,|      ,|      ,|      ,  ,  ,  ,|      ,|      ,  ,|      ,|      ,|      ,  ,  ,  ,|      ,|      ,  ,|      ,|      ,|      ,  ,  ,  ,|      ,|      ,  ,|      ,|      ,|      ,  ,  ,  ,|      ,|      ,  ,|      ,|      ,|      ,  ,  ,  ,  ,|      ,  ,|      ,  ,  ,  ,|      ,|      ,|      ,  ,  ,|      ,  ,  ,  ,|      ,|      ,  ,  ,|      ,  ,  ,  ,|      ,|      ,|      ,  ,  ,|      ,  ,  ,  ,|      ,|      ,  ,  ,|      ,  ,  ,  ,|      ,|      ,|      ,  ,  ,|      ,  ,  ,  ,|      ,|      ,  ,  ,|      ,  ,  ,  ,|      ,|      ,|      ,  ,  ,|      ,  ,  ,  ,|      ,|      ,  ,  ,|      ,  ,  ,  ,|      ,|      ,|      ,  ,  ,|      ,  ,  ,|      ,|      ,|      ,  ,|      ,|      ,|      ,  ,  ,  ,|      ,|      ,  ,|      ,|      ,|      ,  ,  ,  ,|      ,|      ,  ,|      ,|      ,|      ,  ,  ,  ,|      ,|      ,|      ,|      ,|      ,|      
40,CAPITOL (HSR) $,  ,  ,5:27  ,  ,|      ,  ,  ,5:57  ,|      ,|      ,|      ,  ,  ,|      ,  ,  ,6:27  ,|      ,|      ,  ,  ,|      ,  ,  ,6:57  ,|      ,|      ,|      ,  ,  ,|      ,  ,  ,7:27  ,|      ,|      ,  ,  ,|      ,  ,  ,7:57  ,|      ,|      ,|      ,  ,  ,|      ,  ,  ,8:27  ,|      ,|      ,  ,  ,|      ,  ,  ,8:57  ,|      ,|      ,|      ,  ,  ,|      ,  ,  ,9:27  ,|      ,|      ,  ,  ,|      ,  ,  ,9:57  ,  ,|      ,|      ,|      ,  ,  ,  ,|      ,  ,  ,|      ,|      ,|      ,  ,|      ,|      ,|      ,  ,  ,  ,|      ,|      ,  ,|      ,|      ,|      ,  ,  ,  ,|      ,|      ,  ,|      ,|      ,|      ,  ,  ,  ,|      ,|      ,  ,|      ,|      ,|      ,  ,  ,  ,|      ,|      ,  ,|      ,|      ,|      ,  ,  ,  ,  ,|      ,  ,|      ,  ,  ,  ,|      ,|      ,|      ,  ,  ,|      ,  ,  ,  ,|      ,|      ,  ,  ,|      ,  ,  ,  ,|      ,|      ,|      ,  ,  ,|      ,  ,  ,  ,|      ,|      ,  ,  ,|      ,  ,  ,  ,|      ,|      ,|      ,  ,  ,|      ,  ,  ,  ,|      ,|      ,  ,  ,|      ,  ,  ,  ,|      ,|      ,|      ,  ,  ,|      ,  ,  ,  ,|      ,|      ,  ,  ,|      ,  ,  ,  ,|      ,|      ,|      ,  ,  ,|      ,  ,  ,|      ,|      ,|      ,  ,|      ,|      ,|      ,  ,  ,  ,|      ,|      ,  ,|      ,|      ,|      ,  ,  ,  ,|      ,|      ,  ,|      ,|      ,|      ,  ,  ,  ,|      ,|      ,|      ,|      ,|      ,|      
45,TAMIEN (HSR) $,5:19  ,5:27  ,5:31  ,5:49  ,|      ,  ,5:57  ,6:01  ,|      ,|      ,|      ,6:19  ,  ,|      ,  ,6:27  ,6:31  ,|      ,|      ,6:49  ,  ,|      ,  ,6:57  ,7:01  ,|      ,|      ,|      ,7:19  ,  ,|      ,  ,7:27  ,7:31  ,|      ,|      ,7:49  ,  ,|      ,  ,7:57  ,8:01  ,|      ,|      ,|      ,8:19  ,  ,|      ,  ,8:27  ,8:31  ,|      ,|      ,8:49  ,  ,|      ,  ,8:57  ,9:01  ,|      ,|      ,|      ,9:19  ,  ,|      ,  ,9:27  ,9:31  ,|      ,|      ,9:49  ,  ,|      ,  ,9:57  ,10:01  ,10:01  ,|      ,|      ,|      ,10:19  ,  ,  ,|      ,  ,10:27  ,|      ,|      ,|      ,11:01  ,|      ,|      ,|      ,  ,11:19  ,11:27  ,|      ,|      ,12:01  ,|      ,|      ,|      ,  ,12:19  ,12:27  ,|      ,|      ,13:01  ,|      ,|      ,|      ,  ,13:19  ,13:27  ,|      ,|      ,14:01  ,|      ,|      ,|      ,  ,14:19  ,14:27  ,|      ,|      ,15:01  ,|      ,|      ,|      ,  ,15:19  ,15:27  ,15:31  ,|      ,15:49  ,|      ,  ,15:57  ,16:01  ,|      ,|      ,|      ,16:19  ,  ,|      ,  ,16:27  ,16:31  ,|      ,|      ,16:49  ,  ,|      ,  ,16:57  ,17:01  ,|      ,|      ,|      ,17:19  ,  ,|      ,  ,17:27  ,17:31  ,|      ,|      ,17:49  ,  ,|      ,  ,17:57  ,18:01  ,|      ,|      ,|      ,18:19  ,  ,|      ,  ,18:27  ,18:31  ,|      ,|      ,18:49  ,  ,|      ,  ,18:57  ,19:01  ,|      ,|      ,|      ,19:19  ,  ,|      ,  ,19:27  ,19:31  ,|      ,|      ,19:49  ,  ,|      ,  ,19:57  ,20:01  ,|      ,|      ,|      ,20:19  ,  ,|      ,  ,20:27  ,|      ,|      ,|      ,21:01  ,|      ,|      ,|      ,  ,21:19  ,21:27  ,|      ,|      ,22:01  ,|      ,|      ,|      ,  ,22:19  ,22:27  ,|      ,|      ,23:01  ,|      ,|      ,|      ,  ,23:19  ,23:27  ,|      ,|      ,|      ,|      ,|      ,|      
48,SAN JOSE,5:22  ,5:30  ,5:34  ,5:52  ,5:55  ,  ,6:00  ,6:04  ,6:06  ,6:12  ,6:18  ,6:22  ,  ,6:25  ,  ,6:30  ,6:34  ,6:36  ,6:48  ,6:52  ,  ,6:55  ,  ,7:00  ,7:04  ,7:06  ,7:12  ,7:18  ,7:22  ,  ,7:25  ,  ,7:30  ,7:34  ,7:36  ,7:48  ,7:52  ,  ,7:55  ,  ,8:00  ,8:04  ,8:06  ,8:12  ,8:18  ,8:22  ,  ,8:25  ,  ,8:30  ,8:34  ,8:36  ,8:48  ,8:52  ,  ,8:55  ,  ,9:00  ,9:04  ,9:06  ,9:12  ,9:18  ,9:22  ,  ,9:25  ,  ,9:30  ,9:34  ,9:36  ,9:48  ,9:52  ,  ,9:55  ,  ,10:00  ,10:04  ,10:04  ,10:06  ,10:12  ,10:18  ,10:22  ,  ,  ,10:25  ,  ,10:30  ,10:36  ,10:48  ,10:55  ,11:04  ,11:06  ,11:12  ,11:18  ,  ,11:22  ,11:30  ,11:36  ,11:55  ,12:04  ,12:06  ,12:12  ,12:18  ,  ,12:22  ,12:30  ,12:36  ,12:55  ,13:04  ,13:06  ,13:12  ,13:18  ,  ,13:22  ,13:30  ,13:36  ,13:55  ,14:04  ,14:06  ,14:12  ,14:18  ,  ,14:22  ,14:30  ,14:36  ,14:55  ,15:04  ,15:06  ,15:12  ,15:18  ,  ,15:22  ,15:30  ,15:34  ,15:36  ,15:52  ,15:55  ,  ,16:00  ,16:04  ,16:06  ,16:12  ,16:18  ,16:22  ,  ,16:25  ,  ,16:30  ,16:34  ,16:36  ,16:48  ,16:52  ,  ,16:55  ,  ,17:00  ,17:04  ,17:06  ,17:12  ,17:18  ,17:22  ,  ,17:25  ,  ,17:30  ,17:34  ,17:36  ,17:48  ,17:52  ,  ,17:55  ,  ,18:00  ,18:04  ,18:06  ,18:12  ,18:18  ,18:22  ,  ,18:25  ,  ,18:30  ,18:34  ,18:36  ,18:48  ,18:52  ,  ,18:55  ,  ,19:00  ,19:04  ,19:06  ,19:12  ,19:18  ,19:22  ,  ,19:25  ,  ,19:30  ,19:34  ,19:36  ,19:48  ,19:52  ,  ,19:55  ,  ,20:00  ,20:04  ,20:06  ,20:12  ,20:18  ,20:22  ,  ,20:25  ,  ,20:30  ,20:36  ,20:48  ,20:55  ,21:04  ,21:06  ,21:12  ,21:18  ,  ,21:22  ,21:30  ,21:36  ,21:55  ,22:04  ,22:06  ,22:12  ,22:18  ,  ,22:22  ,22:30  ,22:36  ,22:55  ,23:04  ,23:06  ,23:12  ,23:18  ,  ,23:22  ,23:30  ,23:36  ,23:55  ,0:06  ,0:12  ,0:18  ,0:36  
,SAN JOSE,5:24  ,5:32  ,5:36  ,5:54  ,5:57  ,  ,6:02  ,6:06  ,  ,  ,6:20  ,6:24  ,  ,6:27  ,  ,6:32  ,6:36  ,  ,6:50  ,6:54  ,  ,6:57  ,  ,7:02  ,7:06  ,  ,  ,7:20  ,7:24  ,  ,7:27  ,  ,7:32  ,7:36  ,  ,7:50  ,7:54  ,  ,7:57  ,  ,8:02  ,8:06  ,  ,  ,8:20  ,8:24  ,  ,8:27  ,  ,8:32  ,8:36  ,  ,8:50  ,8:54  ,  ,8:57  ,  ,9:02  ,9:06  ,  ,  ,9:20  ,9:24  ,  ,9:27  ,  ,9:32  ,9:36  ,  ,9:50  ,9:54  ,  ,9:57  ,  ,10:02  ,10:06  ,10:06  ,  ,  ,10:20  ,10:24  ,  ,  ,10:27  ,  ,10:32  ,  ,10:50  ,10:57  ,11:06  ,  ,  ,11:20  ,  ,11:24  ,11:32  ,  ,11:57  ,12:06  ,  ,  ,12:20  ,  ,12:24  ,12:32  ,  ,12:57  ,13:06  ,  ,  ,13:20  ,  ,13:24  ,13:32  ,  ,13:57  ,14:06  ,  ,  ,14:20  ,  ,14:24  ,14:32  ,  ,14:57  ,15:06  ,  ,  ,15:20  ,  ,15:24  ,15:32  ,15:36  ,  ,15:54  ,15:57  ,  ,16:02  ,16:06  ,  ,  ,16:20  ,16:24  ,  ,16:27  ,  ,16:32  ,16:36  ,  ,16:50  ,16:54  ,  ,16:57  ,  ,17:02  ,17:06  ,  ,  ,17:20  ,17:24  ,  ,17:27  ,  ,17:32  ,17:36  ,  ,17:50  ,17:54  ,  ,17:57  ,  ,18:02  ,18:06  ,  ,  ,18:20  ,18:24  ,  ,18:27  ,  ,18:32  ,18:36  ,  ,18:50  ,18:54  ,  ,18:57  ,  ,19:02  ,19:06  ,  ,  ,19:20  ,19:24  ,  ,19:27  ,  ,19:32  ,19:36  ,  ,19:50  ,19:54  ,  ,19:57  ,  ,20:02  ,20:06  ,  ,  ,20:20  ,20:24  ,  ,20:27  ,  ,20:32  ,  ,20:50  ,20:57  ,21:06  ,  ,  ,21:20  ,  ,21:24  ,21:32  ,  ,21:57  ,22:06  ,  ,  ,22:20  ,  ,22:24  ,22:32  ,  ,22:57  ,23:06  ,  ,  ,23:20  ,  ,23:24  ,23:32  ,  ,23:57  ,  ,  ,0:20  ,  
50,COLLEGE PARK,|      ,|      ,|      ,|      ,|      ,  ,|      ,|      ,  ,  ,|      ,|      ,  ,|      ,  ,|      ,|      ,  ,|      ,|      ,  ,|      ,  ,|      ,|      ,  ,  ,|      ,|      ,  ,|      ,  ,|      ,|      ,  ,|      ,|      ,  ,|      ,  ,|      ,|      ,  ,  ,|      ,|      ,  ,|      ,  ,|      ,|      ,  ,|      ,|      ,  ,|      ,  ,|      ,|      ,  ,  ,|      ,|      ,  ,|      ,  ,|      ,|      ,  ,|      ,|      ,  ,|      ,  ,|      ,|      ,|      ,  ,  ,|      ,|      ,  ,  ,|      ,  ,|      ,  ,|      ,|      ,|      ,  ,  ,|      ,  ,|      ,|      ,  ,|      ,|      ,  ,  ,|      ,  ,|      ,|      ,  ,|      ,|      ,  ,  ,|      ,  ,|      ,|      ,  ,|      ,|      ,  ,  ,|      ,  ,|      ,|      ,  ,|      ,|      ,  ,  ,|      ,  ,|      ,|      ,|      ,  ,|      ,|      ,  ,|      ,|      ,  ,  ,|      ,|      ,  ,|      ,  ,|      ,|      ,  ,|      ,|      ,  ,|      ,  ,|      ,|      ,  ,  ,|      ,|      ,  ,|      ,  ,|      ,|      ,  ,|      ,|      ,  ,|      ,  ,|      ,|      ,  ,  ,|      ,|      ,  ,|      ,  ,|      ,|      ,  ,|      ,|      ,  ,|      ,  ,|      ,|      ,  ,  ,|      ,|      ,  ,|      ,  ,|      ,|      ,  ,|      ,|      ,  ,|      ,  ,|      ,|      ,  ,  ,|      ,|      ,  ,|      ,  ,|      ,  ,|      ,|      ,|      ,  ,  ,|      ,  ,|      ,|      ,  ,|      ,|      ,  ,  ,|      ,  ,|      ,|      ,  ,|      ,|      ,  ,  ,|      ,  ,|      ,|      ,  ,|      ,  ,  ,|      ,  
52,SANTA CLARA,|      ,5:39  ,|      ,|      ,|      ,  ,6:09  ,|      ,  ,  ,|      ,|      ,  ,|      ,  ,6:39  ,|      ,  ,|      ,|      ,  ,|      ,  ,7:09  ,|      ,  ,  ,|      ,|      ,  ,|      ,  ,7:39  ,|      ,  ,|      ,|      ,  ,|      ,  ,8:09  ,|      ,  ,  ,|      ,|      ,  ,|      ,  ,8:39  ,|      ,  ,|      ,|      ,  ,|      ,  ,9:09  ,|      ,  ,  ,|      ,|      ,  ,|      ,  ,9:39  ,|      ,  ,|      ,|      ,  ,|      ,  ,10:09  ,|      ,|      ,  ,  ,|      ,|      ,  ,  ,|      ,  ,10:39  ,  ,|      ,|      ,|      ,  ,  ,|      ,  ,|      ,11:39  ,  ,|      ,|      ,  ,  ,|      ,  ,|      ,12:39  ,  ,|      ,|      ,  ,  ,|      ,  ,|      ,13:39  ,  ,|      ,|      ,  ,  ,|      ,  ,|      ,14:39  ,  ,|      ,|      ,  ,  ,|      ,  ,|      ,15:39  ,|      ,  ,|      ,|      ,  ,16:09  ,|      ,  ,  ,|      ,|      ,  ,|      ,  ,16:39  ,|      ,  ,|      ,|      ,  ,|      ,  ,17:09  ,|      ,  ,  ,|      ,|      ,  ,|      ,  ,17:39  ,|      ,  ,|      ,|      ,  ,|      ,  ,18:09  ,|      ,  ,  ,|      ,|      ,  ,|      ,  ,18:39  ,|      ,  ,|      ,|      ,  ,|      ,  ,19:09  ,|      ,  ,  ,|      ,|      ,  ,|      ,  ,19:39  ,|      ,  ,|      ,|      ,  ,|      ,  ,20:09  ,|      ,  ,  ,|      ,|      ,  ,|      ,  ,20:39  ,  ,|      ,|      ,|      ,  ,  ,|      ,  ,|      ,21:39  ,  ,|      ,|      ,  ,  ,|      ,  ,|      ,22:39  ,  ,|      ,|      ,  ,  ,|      ,  ,|      ,23:39  ,  ,|      ,  ,  ,|      ,  
58,LAWRENCE,5:38  ,|      ,5:45  ,6:08  ,|      ,  ,|      ,6:15  ,  ,  ,|      ,6:38  ,  ,|      ,  ,|      ,6:45  ,  ,|      ,7:08  ,  ,|      ,  ,|      ,7:15  ,  ,  ,|      ,7:38  ,  ,|      ,  ,|      ,7:45  ,  ,|      ,8:08  ,  ,|      ,  ,|      ,8:15  ,  ,  ,|      ,8:38  ,  ,|      ,  ,|      ,8:45  ,  ,|      ,9:08  ,  ,|      ,  ,|      ,9:15  ,  ,  ,|      ,9:38  ,  ,|      ,  ,|      ,9:45  ,  ,|      ,10:08  ,  ,|      ,  ,|      ,10:15  ,10:15  ,  ,  ,|      ,10:38  ,  ,  ,|      ,  ,|      ,  ,|      ,|      ,11:15  ,  ,  ,|      ,  ,11:38  ,|      ,  ,|      ,12:15  ,  ,  ,|      ,  ,12:38  ,|      ,  ,|      ,13:15  ,  ,  ,|      ,  ,13:38  ,|      ,  ,|      ,14:15  ,  ,  ,|      ,  ,14:38  ,|      ,  ,|      ,15:15  ,  ,  ,|      ,  ,15:38  ,|      ,15:45  ,  ,16:08  ,|      ,  ,|      ,16:15  ,  ,  ,|      ,16:38  ,  ,|      ,  ,|      ,16:45  ,  ,|      ,17:08  ,  ,|      ,  ,|      ,17:15  ,  ,  ,|      ,17:38  ,  ,|      ,  ,|      ,17:45  ,  ,|      ,18:08  ,  ,|      ,  ,|      ,18:15  ,  ,  ,|      ,18:38  ,  ,|      ,  ,|      ,18:45  ,  ,|      ,19:08  ,  ,|      ,  ,|      ,19:15  ,  ,  ,|      ,19:38  ,  ,|      ,  ,|      ,19:45  ,  ,|      ,20:08  ,  ,|      ,  ,|      ,20:15  ,  ,  ,|      ,20:38  ,  ,|      ,  ,|      ,  ,|      ,|      ,21:15  ,  ,  ,|      ,  ,21:38  ,|      ,  ,|      ,22:15  ,  ,  ,|      ,  ,22:38  ,|      ,  ,|      ,23:15  ,  ,  ,|      ,  ,23:38  ,|      ,  ,|      ,  ,  ,|      ,  
61,SUNNYVALE,|      ,5:45  ,5:48  ,|      ,|      ,  ,6:15  ,6:18  ,  ,  ,|      ,|      ,  ,|      ,  ,6:45  ,6:48  ,  ,|      ,|      ,  ,|      ,  ,7:15  ,7:18  ,  ,  ,|      ,|      ,  ,|      ,  ,7:45  ,7:48  ,  ,|      ,|      ,  ,|      ,  ,8:15  ,8:18  ,  ,  ,|      ,|      ,  ,|      ,  ,8:45  ,8:48  ,  ,|      ,|      ,  ,|      ,  ,9:15  ,9:18  ,  ,  ,|      ,|      ,  ,|      ,  ,9:45  ,9:48  ,  ,|      ,|      ,  ,|      ,  ,10:15  ,10:18  ,10:19  ,  ,  ,|      ,|      ,  ,  ,|      ,  ,10:45  ,  ,|      ,|      ,11:19  ,  ,  ,|      ,  ,|      ,11:45  ,  ,|      ,12:19  ,  ,  ,|      ,  ,|      ,12:45  ,  ,|      ,13:19  ,  ,  ,|      ,  ,|      ,13:45  ,  ,|      ,14:19  ,  ,  ,|      ,  ,|      ,14:45  ,  ,|      ,15:19  ,  ,  ,|      ,  ,|      ,15:45  ,15:49  ,  ,|      ,|      ,  ,16:15  ,16:19  ,  ,  ,|      ,|      ,  ,|      ,  ,16:45  ,16:49  ,  ,|      ,|      ,  ,|      ,  ,17:15  ,17:19  ,  ,  ,|      ,|      ,  ,|      ,  ,17:45  ,17:49  ,  ,|      ,|      ,  ,|      ,  ,18:15  ,18:19  ,  ,  ,|      ,|      ,  ,|      ,  ,18:45  ,18:49  ,  ,|      ,|      ,  ,|      ,  ,19:15  ,19:19  ,  ,  ,|      ,|      ,  ,|      ,  ,19:45  ,19:49  ,  ,|      ,|      ,  ,|      ,  ,20:15  ,20:19  ,  ,  ,|      ,|      ,  ,|      ,  ,20:45  ,  ,|      ,|      ,21:19  ,  ,  ,|      ,  ,|      ,21:45  ,  ,|      ,22:19  ,  ,  ,|      ,  ,|      ,22:45  ,  ,|      ,23:19  ,  ,  ,|      ,  ,|      ,23:45  ,  ,|      ,  ,  ,|      ,  
65,MOUNTAIN VIEW,5:43  ,5:48  ,5:52  ,6:13  ,|      ,  ,6:18  ,6:22  ,  ,  ,|      ,6:43  ,  ,|      ,  ,6:48  ,6:52  ,  ,|      ,7:13  ,  ,|      ,  ,7:18  ,7:22  ,  ,  ,|      ,7:43  ,  ,|      ,  ,7:48  ,7:52  ,  ,|      ,8:13  ,  ,|      ,  ,8:18  ,8:22  ,  ,  ,|      ,8:43  ,  ,|      ,  ,8:48  ,8:52  ,  ,|      ,9:13  ,  ,|      ,  ,9:18  ,9:22  ,  ,  ,|      ,9:43  ,  ,|      ,  ,9:48  ,9:52  ,  ,|      ,10:13  ,  ,|      ,  ,10:18  ,10:22  ,10:22  ,  ,  ,|      ,10:43  ,  ,  ,|      ,  ,10:48  ,  ,|      ,|      ,11:22  ,  ,  ,|      ,  ,11:43  ,11:48  ,  ,|      ,12:22  ,  ,  ,|      ,  ,12:43  ,12:48  ,  ,|      ,13:22  ,  ,  ,|      ,  ,13:43  ,13:48  ,  ,|      ,14:22  ,  ,  ,|      ,  ,14:43  ,14:48  ,  ,|      ,15:22  ,  ,  ,|      ,  ,15:43  ,15:48  ,15:52  ,  ,16:13  ,|      ,  ,16:18  ,16:22  ,  ,  ,|      ,16:43  ,  ,|      ,  ,16:48  ,16:52  ,  ,|      ,17:13  ,  ,|      ,  ,17:18  ,17:22  ,  ,  ,|      ,17:43  ,  ,|      ,  ,17:48  ,17:52  ,  ,|      ,18:13  ,  ,|      ,  ,18:18  ,18:22  ,  ,  ,|      ,18:43  ,  ,|      ,  ,18:48  ,18:52  ,  ,|      ,19:13  ,  ,|      ,  ,19:18  ,19:22  ,  ,  ,|      ,19:43  ,  ,|      ,  ,19:48  ,19:52  ,  ,|      ,20:13  ,  ,|      ,  ,20:18  ,20:22  ,  ,  ,|      ,20:43  ,  ,|      ,  ,20:48  ,  ,|      ,|      ,21:22  ,  ,  ,|      ,  ,21:43  ,21:48  ,  ,|      ,22:22  ,  ,  ,|      ,  ,22:43  ,22:48  ,  ,|      ,23:22  ,  ,  ,|      ,  ,23:43  ,23:48  ,  ,|      ,  ,  ,|      ,  
69,SAN ANTONIO,|      ,|      ,5:56  ,|      ,|      ,  ,|      ,6:26  ,  ,  ,|      ,|      ,  ,|      ,  ,|      ,6:56  ,  ,|      ,|      ,  ,|      ,  ,|      ,7:26  ,  ,  ,|      ,|      ,  ,|      ,  ,|      ,7:56  ,  ,|      ,|      ,  ,|      ,  ,|      ,8:26  ,  ,  ,|      ,|      ,  ,|      ,  ,|      ,8:56  ,  ,|      ,|      ,  ,|      ,  ,|      ,9:26  ,  ,  ,|      ,|      ,  ,|      ,  ,|      ,9:56  ,  ,|      ,|      ,  ,|      ,  ,|      ,10:26  ,10:26  ,  ,  ,|      ,|      ,  ,  ,|      ,  ,|      ,  ,|      ,|      ,11:26  ,  ,  ,|      ,  ,|      ,|      ,  ,|      ,12:26  ,  ,  ,|      ,  ,|      ,|      ,  ,|      ,13:26  ,  ,  ,|      ,  ,|      ,|      ,  ,|      ,14:26  ,  ,  ,|      ,  ,|      ,|      ,  ,|      ,15:26  ,  ,  ,|      ,  ,|      ,|      ,15:56  ,  ,|      ,|      ,  ,|      ,16:26  ,  ,  ,|      ,|      ,  ,|      ,  ,|      ,16:56  ,  ,|      ,|      ,  ,|      ,  ,|      ,17:26  ,  ,  ,|      ,|      ,  ,|      ,  ,|      ,17:56  ,  ,|      ,|      ,  ,|      ,  ,|      ,18:26  ,  ,  ,|      ,|      ,  ,|      ,  ,|      ,18:56  ,  ,|      ,|      ,  ,|      ,  ,|      ,19:26  ,  ,  ,|      ,|      ,  ,|      ,  ,|      ,19:56  ,  ,|      ,|      ,  ,|      ,  ,|      ,20:26  ,  ,  ,|      ,|      ,  ,|      ,  ,|      ,  ,|      ,|      ,21:26  ,  ,  ,|      ,  ,|      ,|      ,  ,|      ,22:26  ,  ,  ,|      ,  ,|      ,|      ,  ,|      ,23:26  ,  ,  ,|      ,  ,|      ,|      ,  ,|      ,  ,  ,|      ,  
72,CALIFORNIA AVENUE,|      ,5:53  ,|      ,|      ,|      ,  ,6:23  ,|      ,  ,  ,|      ,|      ,  ,|      ,  ,6:53  ,|      ,  ,|      ,|      ,  ,|      ,  ,7:23  ,|      ,  ,  ,|      ,|      ,  ,|      ,  ,7:53  ,|      ,  ,|      ,|      ,  ,|      ,  ,8:23  ,|      ,  ,  ,|      ,|      ,  ,|      ,  ,8:53  ,|      ,  ,|      ,|      ,  ,|      ,  ,9:23  ,|      ,  ,  ,|      ,|      ,  ,|      ,  ,9:53  ,|      ,  ,|      ,|      ,  ,|      ,  ,10:23  ,|      ,|      ,  ,  ,|      ,|      ,  ,  ,|      ,  ,10:53  ,  ,|      ,|      ,|      ,  ,  ,|      ,  ,|      ,11:53  ,  ,|      ,|      ,  ,  ,|      ,  ,|      ,12:53  ,  ,|      ,|      ,  ,  ,|      ,  ,|      ,13:53  ,  ,|      ,|      ,  ,  ,|      ,  ,|      ,14:53  ,  ,|      ,|      ,  ,  ,|      ,  ,|      ,15:53  ,|      ,  ,|      ,|      ,  ,16:23  ,|      ,  ,  ,|      ,|      ,  ,|      ,  ,16:53  ,|      ,  ,|      ,|      ,  ,|      ,  ,17:23  ,|      ,  ,  ,|      ,|      ,  ,|      ,  ,17:53  ,|      ,  ,|      ,|      ,  ,|      ,  ,18:23  ,|      ,  ,  ,|      ,|      ,  ,|      ,  ,18:53  ,|      ,  ,|      ,|      ,  ,|      ,  ,19:23  ,|      ,  ,  ,|      ,|      ,  ,|      ,  ,19:53  ,|      ,  ,|      ,|      ,  ,|      ,  ,20:23  ,|      ,  ,  ,|      ,|      ,  ,|      ,  ,20:53  ,  ,|      ,|      ,|      ,  ,  ,|      ,  ,|      ,21:53  ,  ,|      ,|      ,  ,  ,|      ,  ,|      ,22:53  ,  ,|      ,|      ,  ,  ,|      ,  ,|      ,23:53  ,  ,|      ,  ,  ,|      ,  
75,PALO ALTO,5:50  ,5:57  ,6:00  ,6:20  ,|      ,  ,6:27  ,6:30  ,  ,  ,|      ,6:50  ,  ,|      ,  ,6:57  ,7:00  ,  ,|      ,7:20  ,  ,|      ,  ,7:27  ,7:30  ,  ,  ,|      ,7:50  ,  ,|      ,  ,7:57  ,8:00  ,  ,|      ,8:20  ,  ,|      ,  ,8:27  ,8:30  ,  ,  ,|      ,8:50  ,  ,|      ,  ,8:57  ,9:00  ,  ,|      ,9:20  ,  ,|      ,  ,9:27  ,9:30  ,  ,  ,|      ,9:50  ,  ,|      ,  ,9:57  ,10:00  ,  ,|      ,10:20  ,  ,|      ,  ,10:27  ,10:30  ,10:30  ,  ,  ,|      ,10:50  ,  ,  ,|      ,  ,10:57  ,  ,|      ,|      ,11:30  ,  ,  ,|      ,  ,11:50  ,11:57  ,  ,|      ,12:30  ,  ,  ,|      ,  ,12:50  ,12:57  ,  ,|      ,13:30  ,  ,  ,|      ,  ,13:50  ,13:57  ,  ,|      ,14:30  ,  ,  ,|      ,  ,14:50  ,14:57  ,  ,|      ,15:30  ,  ,  ,|      ,  ,15:50  ,15:57  ,16:00  ,  ,16:20  ,|      ,  ,16:27  ,16:30  ,  ,  ,|      ,16:50  ,  ,|      ,  ,16:57  ,17:00  ,  ,|      ,17:20  ,  ,|      ,  ,17:27  ,17:30  ,  ,  ,|      ,17:50  ,  ,|      ,  ,17:57  ,18:00  ,  ,|      ,18:20  ,  ,|      ,  ,18:27  ,18:30  ,  ,  ,|      ,18:50  ,  ,|      ,  ,18:57  ,19:00  ,  ,|      ,19:20  ,  ,|      ,  ,19:27  ,19:30  ,  ,  ,|      ,19:50  ,  ,|      ,  ,19:57  ,20:00  ,  ,|      ,20:20  ,  ,|      ,  ,20:27  ,20:30  ,  ,  ,|      ,20:50  ,  ,|      ,  ,20:57  ,  ,|      ,|      ,21:30  ,  ,  ,|      ,  ,21:50  ,21:57  ,  ,|      ,22:30  ,  ,  ,|      ,  ,22:50  ,22:57  ,  ,|      ,23:30  ,  ,  ,|      ,  ,23:50  ,23:57  ,  ,|      ,  ,  ,|      ,  
77,MENLO PARK,|      ,5:59  ,|      ,|      ,|      ,  ,6:29  ,|      ,  ,  ,|      ,|      ,  ,|      ,  ,6:59  ,|      ,  ,|      ,|      ,  ,|      ,  ,7:29  ,|      ,  ,  ,|      ,|      ,  ,|      ,  ,7:59  ,|      ,  ,|      ,|      ,  ,|      ,  ,8:29  ,|      ,  ,  ,|      ,|      ,  ,|      ,  ,8:59  ,|      ,  ,|      ,|      ,  ,|      ,  ,9:29  ,|      ,  ,  ,|      ,|      ,  ,|      ,  ,9:59  ,|      ,  ,|      ,|      ,  ,|      ,  ,10:29  ,|      ,|      ,  ,  ,|      ,|      ,  ,  ,|      ,  ,10:59  ,  ,|      ,|      ,|      ,  ,  ,|      ,  ,|      ,11:59  ,  ,|      ,|      ,  ,  ,|      ,  ,|      ,12:59  ,  ,|      ,|      ,  ,  ,|      ,  ,|      ,13:59  ,  ,|      ,|      ,  ,  ,|      ,  ,|      ,14:59  ,  ,|      ,|      ,  ,  ,|      ,  ,|      ,15:59  ,|      ,  ,|      ,|      ,  ,16:29  ,|      ,  ,  ,|      ,|      ,  ,|      ,  ,16:59  ,|      ,  ,|      ,|      ,  ,|      ,  ,17:29  ,|      ,  ,  ,|      ,|      ,  ,|      ,  ,17:59  ,|      ,  ,|      ,|      ,  ,|      ,  ,18:29  ,|      ,  ,  ,|      ,|      ,  ,|      ,  ,18:59  ,|      ,  ,|      ,|      ,  ,|      ,  ,19:29  ,|      ,  ,  ,|      ,|      ,  ,|      ,  ,19:59  ,|      ,  ,|      ,|      ,  ,|      ,  ,20:29  ,|      ,  ,  ,|      ,|      ,  ,|      ,  ,20:59  ,  ,|      ,|      ,|      ,  ,  ,|      ,  ,|      ,21:59  ,  ,|      ,|      ,  ,  ,|      ,  ,|      ,22:59  ,  ,|      ,|      ,  ,  ,|      ,  ,|      ,23:59  ,  ,|      ,  ,  ,|      ,  
79,ATHERTON,5:53  ,|      ,|      ,6:23  ,|      ,  ,|      ,|      ,  ,  ,|      ,6:53  ,  ,|      ,  ,|      ,|      ,  ,|      ,7:23  ,  ,|      ,  ,|      ,|      ,  ,  ,|      ,7:53  ,  ,|      ,  ,|      ,|      ,  ,|      ,8:23  ,  ,|      ,  ,|      ,|      ,  ,  ,|      ,8:53  ,  ,|      ,  ,|      ,|      ,  ,|      ,9:23  ,  ,|      ,  ,|      ,|      ,  ,  ,|      ,9:53  ,  ,|      ,  ,|      ,|      ,  ,|      ,10:23  ,  ,|      ,  ,|      ,|      ,|      ,  ,  ,|      ,10:53  ,  ,  ,|      ,  ,|      ,  ,|      ,|      ,|      ,  ,  ,|      ,  ,11:53  ,|      ,  ,|      ,|      ,  ,  ,|      ,  ,12:53  ,|      ,  ,|      ,|      ,  ,  ,|      ,  ,13:53  ,|      ,  ,|      ,|      ,  ,  ,|      ,  ,14:53  ,|      ,  ,|      ,|      ,  ,  ,|      ,  ,15:53  ,|      ,|      ,  ,16:23  ,|      ,  ,|      ,|      ,  ,  ,|      ,16:53  ,  ,|      ,  ,|      ,|      ,  ,|      ,17:23  ,  ,|      ,  ,|      ,|      ,  ,  ,|      ,17:53  ,  ,|      ,  ,|      ,|      ,  ,|      ,18:23  ,  ,|      ,  ,|      ,|      ,  ,  ,|      ,18:53  ,  ,|      ,  ,|      ,|      ,  ,|      ,19:23  ,  ,|      ,  ,|      ,|      ,  ,  ,|      ,19:53  ,  ,|      ,  ,|      ,|      ,  ,|      ,20:23  ,  ,|      ,  ,|      ,|      ,  ,  ,|      ,20:53  ,  ,|      ,  ,|      ,  ,|      ,|      ,|      ,  ,  ,|      ,  ,21:53  ,|      ,  ,|      ,|      ,  ,  ,|      ,  ,22:53  ,|      ,  ,|      ,|      ,  ,  ,|      ,  ,23:53  ,|      ,  ,|      ,  ,  ,|      ,  
83,REDWOOD CITY,5:57  ,|      ,6:05  ,6:27  ,|      ,  ,|      ,6:35  ,  ,  ,|      ,6:57  ,  ,|      ,  ,|      ,7:05  ,  ,|      ,7:27  ,  ,|      ,  ,|      ,7:35  ,  ,  ,|      ,7:57  ,  ,|      ,  ,|      ,8:05  ,  ,|      ,8:27  ,  ,|      ,  ,|      ,8:35  ,  ,  ,|      ,8:57  ,  ,|      ,  ,|      ,9:05  ,  ,|      ,9:27  ,  ,|      ,  ,|      ,9:35  ,  ,  ,|      ,9:57  ,  ,|      ,  ,|      ,10:05  ,  ,|      ,10:27  ,  ,|      ,  ,|      ,10:35  ,10:36  ,  ,  ,|      ,10:57  ,  ,  ,|      ,  ,|      ,  ,|      ,|      ,11:36  ,  ,  ,|      ,  ,11:57  ,|      ,  ,|      ,12:36  ,  ,  ,|      ,  ,12:57  ,|      ,  ,|      ,13:36  ,  ,  ,|      ,  ,13:57  ,|      ,  ,|      ,14:36  ,  ,  ,|      ,  ,14:57  ,|      ,  ,|      ,15:36  ,  ,  ,|      ,  ,15:57  ,|      ,16:06  ,  ,16:27  ,|      ,  ,|      ,16:36  ,  ,  ,|      ,16:57  ,  ,|      ,  ,|      ,17:06  ,  ,|      ,17:27  ,  ,|      ,  ,|      ,17:36  ,  ,  ,|      ,17:57  ,  ,|      ,  ,|      ,18:06  ,  ,|      ,18:27  ,  ,|      ,  ,|      ,18:36  ,  ,  ,|      ,18:57  ,  ,|      ,  ,|      ,19:06  ,  ,|      ,19:27  ,  ,|      ,  ,|      ,19:36  ,  ,  ,|      ,19:57  ,  ,|      ,  ,|      ,20:06  ,  ,|      ,20:27  ,  ,|      ,  ,|      ,20:36  ,  ,  ,|      ,20:57  ,  ,|      ,  ,|      ,  ,|      ,|      ,21:36  ,  ,  ,|      ,  ,21:57  ,|      ,  ,|      ,22:36  ,  ,  ,|      ,  ,22:57  ,|      ,  ,|      ,23:36  ,  ,  ,|      ,  ,23:57  ,|      ,  ,|      ,  ,  ,|      ,  
86,SAN CARLOS,|      ,|      ,6:08  ,|      ,|      ,  ,|      ,6:38  ,  ,  ,|      ,|      ,  ,|      ,  ,|      ,7:08  ,  ,|      ,|      ,  ,|      ,  ,|      ,7:38  ,  ,  ,|      ,|      ,  ,|      ,  ,|      ,8:08  ,  ,|      ,|      ,  ,|      ,  ,|      ,8:38  ,  ,  ,|      ,|      ,  ,|      ,  ,|      ,9:08  ,  ,|      ,|      ,  ,|      ,  ,|      ,9:38  ,  ,  ,|      ,|      ,  ,|      ,  ,|      ,10:08  ,  ,|      ,|      ,  ,|      ,  ,|      ,10:38  ,10:39  ,  ,  ,|      ,|      ,  ,  ,|      ,  ,|      ,  ,|      ,|      ,11:39  ,  ,  ,|      ,  ,|      ,|      ,  ,|      ,12:39  ,  ,  ,|      ,  ,|      ,|      ,  ,|      ,13:39  ,  ,  ,|      ,  ,|      ,|      ,  ,|      ,14:39  ,  ,  ,|      ,  ,|      ,|      ,  ,|      ,15:39  ,  ,  ,|      ,  ,|      ,|      ,16:09  ,  ,|      ,|      ,  ,|      ,16:39  ,  ,  ,|      ,|      ,  ,|      ,  ,|      ,17:09  ,  ,|      ,|      ,  ,|      ,  ,|      ,17:39  ,  ,  ,|      ,|      ,  ,|      ,  ,|      ,18:09  ,  ,|      ,|      ,  ,|      ,  ,|      ,18:39  ,  ,  ,|      ,|      ,  ,|      ,  ,|      ,19:09  ,  ,|      ,|      ,  ,|      ,  ,|      ,19:39  ,  ,  ,|      ,|      ,  ,|      ,  ,|      ,20:09  ,  ,|      ,|      ,  ,|      ,  ,|      ,20:39  ,  ,  ,|      ,|      ,  ,|      ,  ,|      ,  ,|      ,|      ,21:39  ,  ,  ,|      ,  ,|      ,|      ,  ,|      ,22:39  ,  ,  ,|      ,  ,|      ,|      ,  ,|      ,23:39  ,  ,  ,|      ,  ,|      ,|      ,  ,|      ,  ,  ,|      ,  
88,BELMONT,|      ,6:06  ,|      ,|      ,|      ,  ,6:36  ,|      ,  ,  ,|      ,|      ,  ,|      ,  ,7:06  ,|      ,  ,|      ,|      ,  ,|      ,  ,7:36  ,|      ,  ,  ,|      ,|      ,  ,|      ,  ,8:06  ,|      ,  ,|      ,|      ,  ,|      ,  ,8:36  ,|      ,  ,  ,|      ,|      ,  ,|      ,  ,9:06  ,|      ,  ,|      ,|      ,  ,|      ,  ,9:36  ,|      ,  ,  ,|      ,|      ,  ,|      ,  ,10:06  ,|      ,  ,|      ,|      ,  ,|      ,  ,10:36  ,|      ,|      ,  ,  ,|      ,|      ,  ,  ,|      ,  ,11:06  ,  ,|      ,|      ,|      ,  ,  ,|      ,  ,|      ,12:06  ,  ,|      ,|      ,  ,  ,|      ,  ,|      ,13:06  ,  ,|      ,|      ,  ,  ,|      ,  ,|      ,14:06  ,  ,|      ,|      ,  ,  ,|      ,  ,|      ,15:06  ,  ,|      ,|      ,  ,  ,|      ,  ,|      ,16:06  ,|      ,  ,|      ,|      ,  ,16:36  ,|      ,  ,  ,|      ,|      ,  ,|      ,  ,17:06  ,|      ,  ,|      ,|      ,  ,|      ,  ,17:36  ,|      ,  ,  ,|      ,|      ,  ,|      ,  ,18:06  ,|      ,  ,|      ,|      ,  ,|      ,  ,18:36  ,|      ,  ,  ,|      ,|      ,  ,|      ,  ,19:06  ,|      ,  ,|      ,|      ,  ,|      ,  ,19:36  ,|      ,  ,  ,|      ,|      ,  ,|      ,  ,20:06  ,|      ,  ,|      ,|      ,  ,|      ,  ,20:36  ,|      ,  ,  ,|      ,|      ,  ,|      ,  ,21:06  ,  ,|      ,|      ,|      ,  ,  ,|      ,  ,|      ,22:06  ,  ,|      ,|      ,  ,  ,|      ,  ,|      ,23:06  ,  ,|      ,|      ,  ,  ,|      ,  ,|      ,0:06  ,  ,|      ,  ,  ,|      ,  
91,HILLSDALE,6:03  ,6:09  ,6:12  ,6:33  ,|      ,  ,6:39  ,6:42  ,  ,  ,|      ,7:03  ,  ,|      ,  ,7:09  ,7:12  ,  ,|      ,7:33  ,  ,|      ,  ,7:39  ,7:42  ,  ,  ,|      ,8:03  ,  ,|      ,  ,8:09  ,8:12  ,  ,|      ,8:33  ,  ,|      ,  ,8:39  ,8:42  ,  ,  ,|      ,9:03  ,  ,|      ,  ,9:09  ,9:12  ,  ,|      ,9:33  ,  ,|      ,  ,9:39  ,9:42  ,  ,  ,|      ,10:03  ,  ,|      ,  ,10:09  ,10:12  ,  ,|      ,10:33  ,  ,|      ,  ,10:39  ,10:42  ,10:43  ,  ,  ,|      ,11:03  ,  ,  ,|      ,  ,11:09  ,  ,|      ,|      ,11:43  ,  ,  ,|      ,  ,12:03  ,12:09  ,  ,|      ,12:43  ,  ,  ,|      ,  ,13:03  ,13:09  ,  ,|      ,13:43  ,  ,  ,|      ,  ,14:03  ,14:09  ,  ,|      ,14:43  ,  ,  ,|      ,  ,15:03  ,15:09  ,  ,|      ,15:43  ,  ,  ,|      ,  ,16:03  ,16:09  ,16:13  ,  ,16:33  ,|      ,  ,16:39  ,16:43  ,  ,  ,|      ,17:03  ,  ,|      ,  ,17:09  ,17:13  ,  ,|      ,17:33  ,  ,|      ,  ,17:39  ,17:43  ,  ,  ,|      ,18:03  ,  ,|      ,  ,18:09  ,18:13  ,  ,|      ,18:33  ,  ,|      ,  ,18:39  ,18:43  ,  ,  ,|      ,19:03  ,  ,|      ,  ,19:09  ,19:13  ,  ,|      ,19:33  ,  ,|      ,  ,19:39  ,19:43  ,  ,  ,|      ,20:03  ,  ,|      ,  ,20:09  ,20:13  ,  ,|      ,20:33  ,  ,|      ,  ,20:39  ,20:43  ,  ,  ,|      ,21:03  ,  ,|      ,  ,21:09  ,  ,|      ,|      ,21:43  ,  ,  ,|      ,  ,22:03  ,22:09  ,  ,|      ,22:43  ,  ,  ,|      ,  ,23:03  ,23:09  ,  ,|      ,23:43  ,  ,  ,|      ,  ,0:03  ,0:09  ,  ,|      ,  ,  ,|      ,  
93,HAYWARD PARK,|      ,|      ,6:15  ,|      ,|      ,  ,|      ,6:45  ,  ,  ,|      ,|      ,  ,|      ,  ,|      ,7:15  ,  ,|      ,|      ,  ,|      ,  ,|      ,7:45  ,  ,  ,|      ,|      ,  ,|      ,  ,|      ,8:15  ,  ,|      ,|      ,  ,|      ,  ,|      ,8:45  ,  ,  ,|      ,|      ,  ,|      ,  ,|      ,9:15  ,  ,|      ,|      ,  ,|      ,  ,|      ,9:45  ,  ,  ,|      ,|      ,  ,|      ,  ,|      ,10:15  ,  ,|      ,|      ,  ,|      ,  ,|      ,10:45  ,10:46  ,  ,  ,|      ,|      ,  ,  ,|      ,  ,|      ,  ,|      ,|      ,11:46  ,  ,  ,|      ,  ,|      ,|      ,  ,|      ,12:46  ,  ,  ,|      ,  ,|      ,|      ,  ,|      ,13:46  ,  ,  ,|      ,  ,|      ,|      ,  ,|      ,14:46  ,  ,  ,|      ,  ,|      ,|      ,  ,|      ,15:46  ,  ,  ,|      ,  ,|      ,|      ,16:16  ,  ,|      ,|      ,  ,|      ,16:46  ,  ,  ,|      ,|      ,  ,|      ,  ,|      ,17:16  ,  ,|      ,|      ,  ,|      ,  ,|      ,17:46  ,  ,  ,|      ,|      ,  ,|      ,  ,|      ,18:16  ,  ,|      ,|      ,  ,|      ,  ,|      ,18:46  ,  ,  ,|      ,|      ,  ,|      ,  ,|      ,19:16  ,  ,|      ,|      ,  ,|      ,  ,|      ,19:46  ,  ,  ,|      ,|      ,  ,|      ,  ,|      ,20:16  ,  ,|      ,|      ,  ,|      ,  ,|      ,20:46  ,  ,  ,|      ,|      ,  ,|      ,  ,|      ,  ,|      ,|      ,21:46  ,  ,  ,|      ,  ,|      ,|      ,  ,|      ,22:46  ,  ,  ,|      ,  ,|      ,|      ,  ,|      ,23:46  ,  ,  ,|      ,  ,|      ,|      ,  ,|      ,  ,  ,|      ,  
95,SAN MATEO,6:06  ,6:14  ,|      ,6:36  ,|      ,  ,6:44  ,|      ,  ,  ,|      ,7:06  ,  ,|      ,  ,7:14  ,|      ,  ,|      ,7:36  ,  ,|      ,  ,7:44  ,|      ,  ,  ,|      ,8:06  ,  ,|      ,  ,8:14  ,|      ,  ,|      ,8:36  ,  ,|      ,  ,8:44  ,|      ,  ,  ,|      ,9:06  ,  ,|      ,  ,9:14  ,|      ,  ,|      ,9:36  ,  ,|      ,  ,9:44  ,|      ,  ,  ,|      ,10:06  ,  ,|      ,  ,10:14  ,|      ,  ,|      ,10:36  ,  ,|      ,  ,10:44  ,|      ,|      ,  ,  ,|      ,11:06  ,  ,  ,|      ,  ,11:14  ,  ,|      ,|      ,|      ,  ,  ,|      ,  ,12:06  ,12:14  ,  ,|      ,|      ,  ,  ,|      ,  ,13:06  ,13:14  ,  ,|      ,|      ,  ,  ,|      ,  ,14:06  ,14:14  ,  ,|      ,|      ,  ,  ,|      ,  ,15:06  ,15:14  ,  ,|      ,|      ,  ,  ,|      ,  ,16:06  ,16:14  ,|      ,  ,16:36  ,|      ,  ,16:44  ,|      ,  ,  ,|      ,17:06  ,  ,|      ,  ,17:14  ,|      ,  ,|      ,17:36  ,  ,|      ,  ,17:44  ,|      ,  ,  ,|      ,18:06  ,  ,|      ,  ,18:14  ,|      ,  ,|      ,18:36  ,  ,|      ,  ,18:44  ,|      ,  ,  ,|      ,19:06  ,  ,|      ,  ,19:14  ,|      ,  ,|      ,19:36  ,  ,|      ,  ,19:44  ,|      ,  ,  ,|      ,20:06  ,  ,|      ,  ,20:14  ,|      ,  ,|      ,20:36  ,  ,|      ,  ,20:44  ,|      ,  ,  ,|      ,21:06  ,  ,|      ,  ,21:14  ,  ,|      ,|      ,|      ,  ,  ,|      ,  ,22:06  ,22:14  ,  ,|      ,|      ,  ,  ,|      ,  ,23:06  ,23:14  ,  ,|      ,|      ,  ,  ,|      ,  ,0:06  ,0:14  ,  ,|      ,  ,  ,|      ,  
97,BURLINGAME,6:09  ,|      ,|      ,6:39  ,|      ,  ,|      ,|      ,  ,  ,|      ,7:09  ,  ,|      ,  ,|      ,|      ,  ,|      ,7:39  ,  ,|      ,  ,|      ,|      ,  ,  ,|      ,8:09  ,  ,|      ,  ,|      ,|      ,  ,|      ,8:39  ,  ,|      ,  ,|      ,|      ,  ,  ,|      ,9:09  ,  ,|      ,  ,|      ,|      ,  ,|      ,9:39  ,  ,|      ,  ,|      ,|      ,  ,  ,|      ,10:09  ,  ,|      ,  ,|      ,|      ,  ,|      ,10:39  ,  ,|      ,  ,|      ,|      ,|      ,  ,  ,|      ,11:09  ,  ,  ,|      ,  ,|      ,  ,|      ,|      ,|      ,  ,  ,|      ,  ,12:09  ,|      ,  ,|      ,|      ,  ,  ,|      ,  ,13:09  ,|      ,  ,|      ,|      ,  ,  ,|      ,  ,14:09  ,|      ,  ,|      ,|      ,  ,  ,|      ,  ,15:09  ,|      ,  ,|      ,|      ,  ,  ,|      ,  ,16:09  ,|      ,|      ,  ,16:39  ,|      ,  ,|      ,|      ,  ,  ,|      ,17:09  ,  ,|      ,  ,|      ,|      ,  ,|      ,17:39  ,  ,|      ,  ,|      ,|      ,  ,  ,|      ,18:09  ,  ,|      ,  ,|      ,|      ,  ,|      ,18:39  ,  ,|      ,  ,|      ,|      ,  ,  ,|      ,19:09  ,  ,|      ,  ,|      ,|      ,  ,|      ,19:39  ,  ,|      ,  ,|      ,|      ,  ,  ,|      ,20:09  ,  ,|      ,  ,|      ,|      ,  ,|      ,20:39  ,  ,|      ,  ,|      ,|      ,  ,  ,|      ,21:09  ,  ,|      ,  ,|      ,  ,|      ,|      ,|      ,  ,  ,|      ,  ,22:09  ,|      ,  ,|      ,|      ,  ,  ,|      ,  ,23:09  ,|      ,  ,|      ,|      ,  ,  ,|      ,  ,0:09  ,|      ,  ,|      ,  ,  ,|      ,  
99,BROADWAY,|      ,|      ,6:19  ,|      ,|      ,↴      ,|      ,6:49  ,  ,  ,|      ,|      ,  ,|      ,↴      ,|      ,7:19  ,  ,|      ,|      ,  ,|      ,↴      ,|      ,7:49  ,  ,  ,|      ,|      ,  ,|      ,↴      ,|      ,8:19  ,  ,|      ,|      ,  ,|      ,↴      ,|      ,8:49  ,  ,  ,|      ,|      ,  ,|      ,↴      ,|      ,9:19  ,  ,|      ,|      ,  ,|      ,↴      ,|      ,9:49  ,  ,  ,|      ,|      ,  ,|      ,↴      ,|      ,10:19  ,  ,|      ,|      ,  ,|      ,↴      ,|      ,10:49  ,10:50  ,  ,  ,|      ,|      ,  ,  ,|      ,↴      ,|      ,  ,|      ,|      ,11:50  ,  ,  ,|      ,  ,|      ,|      ,  ,|      ,12:50  ,  ,  ,|      ,  ,|      ,|      ,  ,|      ,13:50  ,  ,  ,|      ,  ,|      ,|      ,  ,|      ,14:50  ,  ,  ,|      ,  ,|      ,|      ,  ,|      ,15:50  ,  ,  ,|      ,  ,|      ,|      ,16:20  ,  ,|      ,|      ,↴      ,|      ,16:50  ,  ,  ,|      ,|      ,  ,|      ,↴      ,|      ,17:20  ,  ,|      ,|      ,  ,|      ,↴      ,|      ,17:50  ,  ,  ,|      ,|      ,  ,|      ,↴      ,|      ,18:20  ,  ,|      ,|      ,  ,|      ,↴      ,|      ,18:50  ,  ,  ,|      ,|      ,  ,|      ,↴      ,|      ,19:20  ,  ,|      ,|      ,  ,|      ,↴      ,|      ,19:50  ,  ,  ,|      ,|      ,  ,|      ,↴      ,|      ,20:20  ,  ,|      ,|      ,  ,|      ,↴      ,|      ,20:50  ,  ,  ,|      ,|      ,  ,|      ,↴      ,|      ,  ,|      ,|      ,21:50  ,  ,  ,|      ,  ,|      ,|      ,  ,|      ,22:50  ,  ,  ,|      ,  ,|      ,|      ,  ,|      ,23:50  ,  ,  ,|      ,  ,|      ,|      ,  ,|      ,  ,  ,|      ,  
101,MILLBRAE,6:13  ,6:18  ,6:22  ,↳     ,6:32  ,6:43  ,6:48  ,6:52  ,  ,  ,|      ,↳     ,  ,7:02  ,7:13  ,7:18  ,7:22  ,  ,|      ,↳     ,  ,7:32  ,7:43  ,7:48  ,7:52  ,  ,  ,|      ,↳     ,  ,8:02  ,8:13  ,8:18  ,8:22  ,  ,|      ,↳     ,  ,8:32  ,8:43  ,8:48  ,8:52  ,  ,  ,|      ,↳     ,  ,9:02  ,9:13  ,9:18  ,9:22  ,  ,|      ,↳     ,  ,9:32  ,9:43  ,9:48  ,9:52  ,  ,  ,|      ,↳     ,  ,10:02  ,10:13  ,10:18  ,10:22  ,  ,|      ,↳     ,  ,10:32  ,10:43  ,10:48  ,10:52  ,10:53  ,  ,  ,|      ,↳     ,  ,  ,11:02  ,11:13  ,11:18  ,  ,|      ,11:32  ,11:53  ,  ,  ,|      ,  ,12:13  ,12:18  ,  ,12:32  ,12:53  ,  ,  ,|      ,  ,13:13  ,13:18  ,  ,13:32  ,13:53  ,  ,  ,|      ,  ,14:13  ,14:18  ,  ,14:32  ,14:53  ,  ,  ,|      ,  ,15:13  ,15:18  ,  ,15:32  ,15:53  ,  ,  ,|      ,  ,16:13  ,16:18  ,16:23  ,  ,↳     ,16:32  ,16:43  ,16:48  ,16:53  ,  ,  ,|      ,↳     ,  ,17:02  ,17:13  ,17:18  ,17:23  ,  ,|      ,↳     ,  ,17:32  ,17:43  ,17:48  ,17:53  ,  ,  ,|      ,↳     ,  ,18:02  ,18:13  ,18:18  ,18:23  ,  ,|      ,↳     ,  ,18:32  ,18:43  ,18:48  ,18:53  ,  ,  ,|      ,↳     ,  ,19:02  ,19:13  ,19:18  ,19:23  ,  ,|      ,↳     ,  ,19:32  ,19:43  ,19:48  ,19:53  ,  ,  ,|      ,↳     ,  ,20:02  ,20:13  ,20:18  ,20:23  ,  ,|      ,↳     ,  ,20:32  ,20:43  ,20:48  ,20:53  ,  ,  ,|      ,↳     ,  ,21:02  ,21:13  ,21:18  ,  ,|      ,21:32  ,21:53  ,  ,  ,|      ,  ,22:13  ,22:18  ,  ,22:32  ,22:53  ,  ,  ,|      ,  ,23:13  ,23:18  ,  ,23:32  ,23:53  ,  ,  ,|      ,  ,0:13  ,0:18  ,  ,0:32  ,  ,  ,|      ,  
106,SAN BRUNO,|      ,6:22  ,|      ,  ,|      ,|      ,6:52  ,|      ,  ,  ,|      ,  ,  ,|      ,|      ,7:22  ,|      ,  ,|      ,  ,  ,|      ,|      ,7:52  ,|      ,  ,  ,|      ,  ,  ,|      ,|      ,8:22  ,|      ,  ,|      ,  ,  ,|      ,|      ,8:52  ,|      ,  ,  ,|      ,  ,  ,|      ,|      ,9:22  ,|      ,  ,|      ,  ,  ,|      ,|      ,9:52  ,|      ,  ,  ,|      ,  ,  ,|      ,|      ,10:22  ,|      ,  ,|      ,  ,  ,|      ,|      ,10:52  ,|      ,|      ,  ,  ,|      ,  ,  ,  ,|      ,|      ,11:22  ,  ,|      ,|      ,|      ,  ,  ,|      ,  ,|      ,12:22  ,  ,|      ,|      ,  ,  ,|      ,  ,|      ,13:22  ,  ,|      ,|      ,  ,  ,|      ,  ,|      ,14:22  ,  ,|      ,|      ,  ,  ,|      ,  ,|      ,15:22  ,  ,|      ,|      ,  ,  ,|      ,  ,|      ,16:22  ,|      ,  ,  ,|      ,|      ,16:52  ,|      ,  ,  ,|      ,  ,  ,|      ,|      ,17:22  ,|      ,  ,|      ,  ,  ,|      ,|      ,17:52  ,|      ,  ,  ,|      ,  ,  ,|      ,|      ,18:22  ,|      ,  ,|      ,  ,  ,|      ,|      ,18:52  ,|      ,  ,  ,|      ,  ,  ,|      ,|      ,19:22  ,|      ,  ,|      ,  ,  ,|      ,|      ,19:52  ,|      ,  ,  ,|      ,  ,  ,|      ,|      ,20:22  ,|      ,  ,|      ,  ,  ,|      ,|      ,20:52  ,|      ,  ,  ,|      ,  ,  ,|      ,|      ,21:22  ,  ,|      ,|      ,|      ,  ,  ,|      ,  ,|      ,22:22  ,  ,|      ,|      ,  ,  ,|      ,  ,|      ,23:22  ,  ,|      ,|      ,  ,  ,|      ,  ,|      ,0:22  ,  ,|      ,  ,  ,|      ,  
109,SOUTH SAN FRANCISCO ,6:18  ,|      ,|      ,  ,|      ,6:48  ,|      ,|      ,  ,  ,|      ,  ,  ,|      ,7:18  ,|      ,|      ,  ,|      ,  ,  ,|      ,7:48  ,|      ,|      ,  ,  ,|      ,  ,  ,|      ,8:18  ,|      ,|      ,  ,|      ,  ,  ,|      ,8:48  ,|      ,|      ,  ,  ,|      ,  ,  ,|      ,9:18  ,|      ,|      ,  ,|      ,  ,  ,|      ,9:48  ,|      ,|      ,  ,  ,|      ,  ,  ,|      ,10:18  ,|      ,|      ,  ,|      ,  ,  ,|      ,10:48  ,|      ,|      ,|      ,  ,  ,|      ,  ,  ,  ,|      ,11:18  ,|      ,  ,|      ,|      ,|      ,  ,  ,|      ,  ,12:18  ,|      ,  ,|      ,|      ,  ,  ,|      ,  ,13:18  ,|      ,  ,|      ,|      ,  ,  ,|      ,  ,14:18  ,|      ,  ,|      ,|      ,  ,  ,|      ,  ,15:18  ,|      ,  ,|      ,|      ,  ,  ,|      ,  ,16:18  ,|      ,|      ,  ,  ,|      ,16:48  ,|      ,|      ,  ,  ,|      ,  ,  ,|      ,17:18  ,|      ,|      ,  ,|      ,  ,  ,|      ,17:48  ,|      ,|      ,  ,  ,|      ,  ,  ,|      ,18:18  ,|      ,|      ,  ,|      ,  ,  ,|      ,18:48  ,|      ,|      ,  ,  ,|      ,  ,  ,|      ,19:18  ,|      ,|      ,  ,|      ,  ,  ,|      ,19:48  ,|      ,|      ,  ,  ,|      ,  ,  ,|      ,20:18  ,|      ,|      ,  ,|      ,  ,  ,|      ,20:48  ,|      ,|      ,  ,  ,|      ,  ,  ,|      ,21:18  ,|      ,  ,|      ,|      ,|      ,  ,  ,|      ,  ,22:18  ,|      ,  ,|      ,|      ,  ,  ,|      ,  ,23:18  ,|      ,  ,|      ,|      ,  ,  ,|      ,  ,0:18  ,|      ,  ,|      ,  ,  ,|      ,  
115,BAYSHORE,|      ,|      ,6:35  ,  ,|      ,|      ,|      ,7:05  ,  ,  ,|      ,  ,  ,|      ,|      ,|      ,7:35  ,  ,|      ,  ,  ,|      ,|      ,|      ,8:05  ,  ,  ,|      ,  ,  ,|      ,|      ,|      ,8:35  ,  ,|      ,  ,  ,|      ,|      ,|      ,9:05  ,  ,  ,|      ,  ,  ,|      ,|      ,|      ,9:35  ,  ,|      ,  ,  ,|      ,|      ,|      ,10:05  ,  ,  ,|      ,  ,  ,|      ,|      ,|      ,10:35  ,  ,|      ,  ,  ,|      ,|      ,|      ,11:05  ,11:05  ,  ,  ,|      ,  ,  ,  ,|      ,|      ,|      ,  ,|      ,|      ,12:05  ,  ,  ,|      ,  ,|      ,|      ,  ,|      ,13:05  ,  ,  ,|      ,  ,|      ,|      ,  ,|      ,14:05  ,  ,  ,|      ,  ,|      ,|      ,  ,|      ,15:05  ,  ,  ,|      ,  ,|      ,|      ,  ,|      ,16:05  ,  ,  ,|      ,  ,|      ,|      ,16:35  ,  ,  ,|      ,|      ,|      ,17:05  ,  ,  ,|      ,  ,  ,|      ,|      ,|      ,17:35  ,  ,|      ,  ,  ,|      ,|      ,|      ,18:05  ,  ,  ,|      ,  ,  ,|      ,|      ,|      ,18:35  ,  ,|      ,  ,  ,|      ,|      ,|      ,19:05  ,  ,  ,|      ,  ,  ,|      ,|      ,|      ,19:35  ,  ,|      ,  ,  ,|      ,|      ,|      ,20:05  ,  ,  ,|      ,  ,  ,|      ,|      ,|      ,20:35  ,  ,|      ,  ,  ,|      ,|      ,|      ,21:05  ,  ,  ,|      ,  ,  ,|      ,|      ,|      ,  ,|      ,|      ,22:05  ,  ,  ,|      ,  ,|      ,|      ,  ,|      ,23:05  ,  ,  ,|      ,  ,|      ,|      ,  ,|      ,0:05  ,  ,  ,|      ,  ,|      ,|      ,  ,|      ,  ,  ,|      ,  
121,22nd STREET,6:25  ,6:31  ,|      ,  ,|      ,6:55  ,7:01  ,|      ,  ,  ,|      ,  ,↴      ,|      ,7:25  ,7:31  ,|      ,  ,|      ,  ,↴      ,|      ,7:55  ,8:01  ,|      ,  ,  ,|      ,  ,↴      ,|      ,8:25  ,8:31  ,|      ,  ,|      ,  ,↴      ,|      ,8:55  ,9:01  ,|      ,  ,  ,|      ,  ,↴      ,|      ,9:25  ,9:31  ,|      ,  ,|      ,  ,↴      ,|      ,9:55  ,10:01  ,|      ,  ,  ,|      ,  ,↴      ,|      ,10:25  ,10:31  ,|      ,  ,|      ,  ,↴      ,|      ,10:55  ,11:01  ,|      ,|      ,  ,  ,|      ,  ,↴      ,↴      ,|      ,11:25  ,11:31  ,  ,|      ,|      ,|      ,  ,  ,|      ,↴      ,12:25  ,12:31  ,  ,|      ,|      ,  ,  ,|      ,↴      ,13:25  ,13:31  ,  ,|      ,|      ,  ,  ,|      ,↴      ,14:25  ,14:31  ,  ,|      ,|      ,  ,  ,|      ,↴      ,15:25  ,15:31  ,  ,|      ,|      ,  ,  ,|      ,↴      ,16:25  ,16:31  ,|      ,  ,  ,|      ,16:55  ,17:01  ,|      ,  ,  ,|      ,  ,↴      ,|      ,17:25  ,17:31  ,|      ,  ,|      ,  ,↴      ,|      ,17:55  ,18:01  ,|      ,  ,  ,|      ,  ,↴      ,|      ,18:25  ,18:31  ,|      ,  ,|      ,  ,↴      ,|      ,18:55  ,19:01  ,|      ,  ,  ,|      ,  ,↴      ,|      ,19:25  ,19:31  ,|      ,  ,|      ,  ,↴      ,|      ,19:55  ,20:01  ,|      ,  ,  ,|      ,  ,↴      ,|      ,20:25  ,20:31  ,|      ,  ,|      ,  ,↴      ,|      ,20:55  ,21:01  ,|      ,  ,  ,|      ,  ,↴      ,|      ,21:25  ,21:31  ,  ,|      ,|      ,|      ,  ,  ,|      ,↴      ,22:25  ,22:31  ,  ,|      ,|      ,  ,  ,|      ,↴      ,23:25  ,23:31  ,  ,|      ,|      ,  ,  ,|      ,↴      ,0:25  ,0:31  ,  ,|      ,  ,  ,|      ,  
124,TOWNSEND / 4TH AND KING $,6:30  ,6:35  ,6:42  ,  ,|      ,7:00  ,7:05  ,↳     ,  ,  ,7:10  ,  ,7:12  ,|      ,7:30  ,7:35  ,↳     ,  ,7:40  ,  ,7:42  ,|      ,8:00  ,8:05  ,↳     ,  ,  ,8:10  ,  ,8:12  ,|      ,8:30  ,8:35  ,↳     ,  ,8:40  ,  ,8:42  ,|      ,9:00  ,9:05  ,↳     ,  ,  ,9:10  ,  ,9:12  ,|      ,9:30  ,9:35  ,↳     ,  ,9:40  ,  ,9:42  ,|      ,10:00  ,10:05  ,↳     ,  ,  ,10:10  ,  ,10:12  ,|      ,10:30  ,10:35  ,↳     ,  ,10:40  ,  ,10:42  ,|      ,11:00  ,11:05  ,↳     ,↳     ,  ,  ,11:10  ,  ,11:12  ,11:13  ,|      ,11:30  ,11:35  ,  ,11:40  ,|      ,↳     ,  ,  ,12:10  ,12:13  ,12:30  ,12:35  ,  ,|      ,↳     ,  ,  ,13:10  ,13:13  ,13:30  ,13:35  ,  ,|      ,↳     ,  ,  ,14:10  ,14:13  ,14:30  ,14:35  ,  ,|      ,↳     ,  ,  ,15:10  ,15:13  ,15:30  ,15:35  ,  ,|      ,↳     ,  ,  ,16:10  ,16:13  ,16:30  ,16:35  ,16:43  ,  ,  ,|      ,17:00  ,17:05  ,↳     ,  ,  ,17:10  ,  ,17:13  ,|      ,17:30  ,17:35  ,↳     ,  ,17:40  ,  ,17:43  ,|      ,18:00  ,18:05  ,↳     ,  ,  ,18:10  ,  ,18:13  ,|      ,18:30  ,18:35  ,↳     ,  ,18:40  ,  ,18:43  ,|      ,19:00  ,19:05  ,↳     ,  ,  ,19:10  ,  ,19:13  ,|      ,19:30  ,19:35  ,↳     ,  ,19:40  ,  ,19:43  ,|      ,20:00  ,20:05  ,↳     ,  ,  ,20:10  ,  ,20:13  ,|      ,20:30  ,20:35  ,↳     ,  ,20:40  ,  ,20:43  ,|      ,21:00  ,21:05  ,↳     ,  ,  ,21:10  ,  ,21:13  ,|      ,21:30  ,21:35  ,  ,21:40  ,|      ,↳     ,  ,  ,22:10  ,22:13  ,22:30  ,22:35  ,  ,|      ,↳     ,  ,  ,23:10  ,23:13  ,23:30  ,23:35  ,  ,|      ,↳     ,  ,  ,0:10  ,0:13  ,0:30  ,0:35  ,  ,|      ,  ,  ,1:10  ,  
126,SALESFORCE TRANSIT CENTER (STC) $,6:34  ,6:39  ,6:46  ,  ,6:50  ,7:04  ,7:09  ,  ,  ,  ,7:14  ,  ,7:16  ,7:20  ,7:34  ,7:39  ,  ,  ,7:44  ,  ,7:46  ,7:50  ,8:04  ,8:09  ,  ,  ,  ,8:14  ,  ,8:16  ,8:20  ,8:34  ,8:39  ,  ,  ,8:44  ,  ,8:46  ,8:50  ,9:04  ,9:09  ,  ,  ,  ,9:14  ,  ,9:16  ,9:20  ,9:34  ,9:39  ,  ,  ,9:44  ,  ,9:46  ,9:50  ,10:04  ,10:09  ,  ,  ,  ,10:14  ,  ,10:16  ,10:20  ,10:34  ,10:39  ,  ,  ,10:44  ,  ,10:46  ,10:50  ,11:04  ,11:09  ,  ,  ,  ,  ,11:14  ,  ,11:16  ,11:17  ,11:20  ,11:34  ,11:39  ,  ,11:44  ,11:50  ,  ,  ,  ,12:14  ,12:17  ,12:34  ,12:39  ,  ,12:50  ,  ,  ,  ,13:14  ,13:17  ,13:34  ,13:39  ,  ,13:50  ,  ,  ,  ,14:14  ,14:17  ,14:34  ,14:39  ,  ,14:50  ,  ,  ,  ,15:14  ,15:17  ,15:34  ,15:39  ,  ,15:50  ,  ,  ,  ,16:14  ,16:17  ,16:34  ,16:39  ,16:47  ,  ,  ,16:50  ,17:04  ,17:09  ,  ,  ,  ,17:14  ,  ,17:17  ,17:20  ,17:34  ,17:39  ,  ,  ,17:44  ,  ,17:47  ,17:50  ,18:04  ,18:09  ,  ,  ,  ,18:14  ,  ,18:17  ,18:20  ,18:34  ,18:39  ,  ,  ,18:44  ,  ,18:47  ,18:50  ,19:04  ,19:09  ,  ,  ,  ,19:14  ,  ,19:17  ,19:20  ,19:34  ,19:39  ,  ,  ,19:44  ,  ,19:47  ,19:50  ,20:04  ,20:09  ,  ,  ,  ,20:14  ,  ,20:17  ,20:20  ,20:34  ,20:39  ,  ,  ,20:44  ,  ,20:47  ,20:50  ,21:04  ,21:09  ,  ,  ,  ,21:14  ,  ,21:17  ,21:20  ,21:34  ,21:39  ,  ,21:44  ,21:50  ,  ,  ,  ,22:14  ,22:17  ,22:34  ,22:39  ,  ,22:50  ,  ,  ,  ,23:14  ,23:17  ,23:34  ,23:39  ,  ,23:50  ,  ,  ,  ,0:14  ,0:17  ,0:34  ,0:39  ,  ,0:50  ,  ,  ,1:14  ,  