km,From:,IC (HSR),HSR,REG (C-EXP),HSR,IC (HSR),REG (C-EXP),REG (C-EXP),REG (C-EXP),HSR,REG (C-EXP),REG (C-EXP),HSR,IC (HSR),IC (HSR),REG (C-EXP),REG (C-EXP),REG (C-EXP),HSR,REG (C-EXP),REG (C-EXP),HSR,IC (HSR),REG (C-EXP),REG (C-EXP),REG (C-EXP),HSR,REG (C-EXP),REG (C-EXP),HSR,IC (HSR),IC (HSR),REG (C-EXP),REG (C-EXP),REG (C-EXP),HSR,REG (C-EXP),REG (C-EXP),HSR,IC (HSR),REG (C-EXP),REG (C-EXP),REG (C-EXP),HSR,REG (C-EXP),REG (C-EXP),HSR,IC (HSR),IC (HSR),REG (C-EXP),REG (C-EXP),REG (C-EXP),HSR,REG (C-EXP),REG (C-EXP),HSR,IC (HSR),REG (C-EXP),REG (C-EXP),REG (C-EXP),HSR,REG (C-EXP),REG (C-EXP),HSR,IC (HSR),IC (HSR),REG (C-EXP),REG (C-EXP),REG (C-EXP),HSR,REG (C-EXP),REG (C-EXP),HSR,IC (HSR),REG (C-EXP),REG (C-EXP),REG (C-EXP),HSR,REG (C-EXP),REG (C-EXP),HSR,REG (C-EXP),REG (C-EXP),REG (C-EXP),HSR,REG (C-EXP),REG (C-EXP),HSR,REG (C-EXP),REG (C-EXP),REG (C-EXP),HSR,REG (C-EXP),HSR,REG (C-EXP),REG (C-EXP),REG (C-EXP),HSR,REG (C-EXP),HSR,REG (C-EXP),REG (C-EXP),REG (C-EXP),HSR,REG (C-EXP),HSR,REG (C-EXP),REG (C-EXP),REG (C-EXP),HSR,REG (C-EXP),HSR,REG (C-EXP),REG (C-EXP),REG (C-EXP),HSR,REG (C-EXP),HSR,REG (C-EXP),REG (C-EXP),REG (C-EXP),HSR,REG (C-EXP),REG (C-EXP),HSR,REG (C-EXP),REG (C-EXP),REG (C-EXP),HSR,REG (C-EXP),REG (C-EXP),HSR,REG (C-EXP),REG (C-EXP),REG (C-EXP),HSR,REG (C-EXP),REG (C-EXP),HSR,REG (C-EXP),REG (C-EXP),REG (C-EXP),HSR,REG (C-EXP),REG (C-EXP),HSR,REG (C-EXP),REG (C-EXP),REG (C-EXP),HSR,REG (C-EXP),REG (C-EXP),HSR,REG (C-EXP),REG (C-EXP),REG (C-EXP),HSR,REG (C-EXP),REG (C-EXP),HSR,REG (C-EXP),REG (C-EXP),REG (C-EXP),HSR,REG (C-EXP),REG (C-EXP),HSR,REG (C-EXP),REG (C-EXP),REG (C-EXP),HSR,REG (C-EXP),REG (C-EXP),HSR,REG (C-EXP),REG (C-EXP),REG (C-EXP),HSR,REG (C-EXP),REG (C-EXP),HSR,REG (C-EXP),REG (C-EXP),REG (C-EXP),HSR,REG (C-EXP),REG (C-EXP),HSR,REG (C-EXP),REG (C-EXP),REG (C-EXP),HSR,REG (C-EXP),HSR,REG (C-EXP),REG (C-EXP),REG (C-EXP),HSR,REG (C-EXP),HSR,REG (C-EXP),REG (C-EXP),REG (C-EXP),HSR,REG (C-EXP),HSR,REG (C-EXP),REG (C-EXP),REG (C-EXP)
,,701,801,,901,751,,503,1,803,1,405,903,703,753,405,505,2,805,2,407,905,755,407,507,3,807,3,409,907,705,757,409,509,4,809,4,411,909,759,411,511,5,811,5,413,911,707,761,413,513,6,813,6,415,913,763,415,515,7,815,7,417,915,709,765,417,517,8,817,8,419,917,767,419,519,9,819,9,421,919,421,521,10,821,10,423,921,423,523,11,825,427,925,427,527,13,829,431,929,431,531,15,833,435,933,435,535,17,837,439,937,439,539,19,841,4041,941,4041,543,21,843,21,,943,,545,22,845,22,4045,945,4045,547,23,847,23,,947,,549,24,849,24,,949,,551,25,851,25,,951,,553,26,853,26,,953,,555,27,855,27,,955,,557,28,857,28,,957,,559,29,859,29,,959,,561,30,861,30,463,961,463,563,31,865,467,965,467,567,33,869,471,969,471,571,35,,475,,475,575,37
0,SALESFORCE TRANSIT CENTER (STC) $,  ,5:10  ,5:13  ,5:16  ,  ,  ,5:21  ,5:26  ,5:40  ,  ,5:43  ,5:46  ,  ,  ,  ,5:51  ,5:56  ,6:10  ,  ,6:13  ,6:16  ,  ,  ,6:21  ,6:26  ,6:40  ,  ,6:43  ,6:46  ,  ,  ,  ,6:51  ,6:56  ,7:10  ,  ,7:13  ,7:16  ,  ,  ,7:21  ,7:26  ,7:40  ,  ,7:43  ,7:46  ,  ,  ,  ,7:51  ,7:56  ,8:10  ,  ,8:13  ,8:16  ,  ,  ,8:21  ,8:26  ,8:40  ,  ,8:43  ,8:46  ,  ,  ,  ,8:51  ,8:56  ,9:10  ,  ,9:13  ,9:16  ,  ,  ,9:21  ,9:26  ,9:40  ,  ,9:43  ,9:46  ,  ,9:51  ,9:56  ,10:10  ,  ,10:13  ,10:16  ,  ,10:21  ,10:26  ,11:10  ,11:13  ,11:16  ,  ,11:21  ,11:26  ,12:10  ,12:13  ,12:16  ,  ,12:21  ,12:26  ,13:10  ,13:13  ,13:16  ,  ,13:21  ,13:26  ,14:10  ,14:13  ,14:16  ,  ,14:21  ,14:26  ,15:10  ,15:14  ,15:16  ,  ,15:21  ,15:26  ,15:40  ,  ,15:44  ,15:46  ,  ,15:51  ,15:56  ,16:10  ,  ,16:14  ,16:16  ,  ,16:21  ,16:26  ,16:40  ,  ,16:44  ,16:46  ,  ,16:51  ,16:56  ,17:10  ,  ,17:14  ,17:16  ,  ,17:21  ,17:26  ,17:40  ,  ,17:44  ,17:46  ,  ,17:51  ,17:56  ,18:10  ,  ,18:14  ,18:16  ,  ,18:21  ,18:26  ,18:40  ,  ,18:44  ,18:46  ,  ,18:51  ,18:56  ,19:10  ,  ,19:14  ,19:16  ,  ,19:21  ,19:26  ,19:40  ,  ,19:44  ,19:46  ,  ,19:51  ,19:56  ,20:10  ,  ,20:13  ,20:16  ,  ,20:21  ,20:26  ,21:10  ,21:13  ,21:16  ,  ,21:21  ,21:26  ,22:10  ,22:13  ,22:16  ,  ,22:21  ,22:26  ,23:10  ,23:13  ,23:16  ,  ,23:21  ,23:26  
2,TOWNSEND / 4TH AND KING $,  ,|      ,5:18  ,5:21  ,  ,  ,5:26  ,5:31  ,|      ,  ,5:48  ,5:51  ,  ,  ,  ,5:56  ,6:01  ,|      ,  ,6:18  ,6:21  ,  ,  ,6:26  ,6:31  ,|      ,  ,6:48  ,6:51  ,  ,  ,  ,6:56  ,7:01  ,|      ,  ,7:18  ,7:21  ,  ,  ,7:26  ,7:31  ,|      ,  ,7:48  ,7:51  ,  ,  ,  ,7:56  ,8:01  ,|      ,  ,8:18  ,8:21  ,  ,  ,8:26  ,8:31  ,|      ,  ,8:48  ,8:51  ,  ,  ,  ,8:56  ,9:01  ,|      ,  ,9:18  ,9:21  ,  ,  ,9:26  ,9:31  ,|      ,  ,9:48  ,9:51  ,  ,9:56  ,10:01  ,|      ,  ,10:18  ,10:21  ,  ,10:26  ,10:31  ,|      ,11:18  ,11:21  ,  ,11:26  ,11:31  ,|      ,12:18  ,12:21  ,  ,12:26  ,12:31  ,|      ,13:18  ,13:21  ,  ,13:26  ,13:31  ,|      ,14:18  ,14:21  ,  ,14:26  ,14:31  ,|      ,15:18  ,15:21  ,  ,15:26  ,15:31  ,|      ,  ,15:48  ,15:51  ,  ,15:56  ,16:01  ,|      ,  ,16:18  ,16:21  ,  ,16:26  ,16:31  ,|      ,  ,16:48  ,16:51  ,  ,16:56  ,17:01  ,|      ,  ,17:18  ,17:21  ,  ,17:26  ,17:31  ,|      ,  ,17:48  ,17:51  ,  ,17:56  ,18:01  ,|      ,  ,18:18  ,18:21  ,  ,18:26  ,18:31  ,|      ,  ,18:48  ,18:51  ,  ,18:56  ,19:01  ,|      ,  ,19:18  ,19:21  ,  ,19:26  ,19:31  ,|      ,  ,19:48  ,19:51  ,  ,19:56  ,20:01  ,|      ,  ,20:18  ,20:21  ,  ,20:26  ,20:31  ,|      ,21:18  ,21:21  ,  ,21:26  ,21:31  ,|      ,22:18  ,22:21  ,  ,22:26  ,22:31  ,|      ,23:18  ,23:21  ,  ,23:26  ,23:31  
3,CP Common,  ,|      ,|      ,|      ,  ,  ,|      ,|      ,|      ,  ,|      ,|      ,  ,  ,  ,|      ,|      ,|      ,  ,|      ,|      ,  ,  ,|      ,|      ,|      ,  ,|      ,|      ,  ,  ,  ,|      ,|      ,|      ,  ,|      ,|      ,  ,  ,|      ,|      ,|      ,  ,|      ,|      ,  ,  ,  ,|      ,|      ,|      ,  ,|      ,|      ,  ,  ,|      ,|      ,|      ,  ,|      ,|      ,  ,  ,  ,|      ,|      ,|      ,  ,|      ,|      ,  ,  ,|      ,|      ,|      ,  ,|      ,|      ,  ,|      ,|      ,|      ,  ,|      ,|      ,  ,|      ,|      ,|      ,|      ,|      ,  ,|      ,|      ,|      ,|      ,|      ,  ,|      ,|      ,|      ,|      ,|      ,  ,|      ,|      ,|      ,|      ,|      ,  ,|      ,|      ,|      ,|      ,|      ,  ,|      ,|      ,|      ,  ,|      ,|      ,  ,|      ,|      ,|      ,  ,|      ,|      ,  ,|      ,|      ,|      ,  ,|      ,|      ,  ,|      ,|      ,|      ,  ,|      ,|      ,  ,|      ,|      ,|      ,  ,|      ,|      ,  ,|      ,|      ,|      ,  ,|      ,|      ,  ,|      ,|      ,|      ,  ,|      ,|      ,  ,|      ,|      ,|      ,  ,|      ,|      ,  ,|      ,|      ,|      ,  ,|      ,|      ,  ,|      ,|      ,|      ,  ,|      ,|      ,  ,|      ,|      ,|      ,|      ,|      ,  ,|      ,|      ,|      ,|      ,|      ,  ,|      ,|      ,|      ,|      ,|      ,  ,|      ,|      
5,22nd STREET,  ,|      ,|      ,|      ,  ,  ,5:31  ,5:36  ,|      ,  ,|      ,|      ,  ,  ,  ,6:01  ,6:06  ,|      ,  ,|      ,|      ,  ,  ,6:31  ,6:36  ,|      ,  ,|      ,|      ,  ,  ,  ,7:01  ,7:06  ,|      ,  ,|      ,|      ,  ,  ,7:31  ,7:36  ,|      ,  ,|      ,|      ,  ,  ,  ,8:01  ,8:06  ,|      ,  ,|      ,|      ,  ,  ,8:31  ,8:36  ,|      ,  ,|      ,|      ,  ,  ,  ,9:01  ,9:06  ,|      ,  ,|      ,|      ,  ,  ,9:31  ,9:36  ,|      ,  ,|      ,|      ,  ,10:01  ,10:06  ,|      ,  ,|      ,|      ,  ,10:31  ,10:36  ,|      ,|      ,|      ,  ,11:31  ,11:36  ,|      ,|      ,|      ,  ,12:31  ,12:36  ,|      ,|      ,|      ,  ,13:31  ,13:36  ,|      ,|      ,|      ,  ,14:31  ,14:36  ,|      ,|      ,|      ,  ,15:31  ,15:36  ,|      ,  ,|      ,|      ,  ,16:01  ,16:06  ,|      ,  ,|      ,|      ,  ,16:31  ,16:36  ,|      ,  ,|      ,|      ,  ,17:01  ,17:06  ,|      ,  ,|      ,|      ,  ,17:31  ,17:36  ,|      ,  ,|      ,|      ,  ,18:01  ,18:06  ,|      ,  ,|      ,|      ,  ,18:31  ,18:36  ,|      ,  ,|      ,|      ,  ,19:01  ,19:06  ,|      ,  ,|      ,|      ,  ,19:31  ,19:36  ,|      ,  ,|      ,|      ,  ,20:01  ,20:06  ,|      ,  ,|      ,|      ,  ,20:31  ,20:36  ,|      ,|      ,|      ,  ,21:31  ,21:36  ,|      ,|      ,|      ,  ,22:31  ,22:36  ,|      ,|      ,|      ,  ,23:31  ,23:36  
11,BAYSHORE,  ,|      ,5:29  ,|      ,  ,  ,|      ,|      ,|      ,  ,5:59  ,|      ,  ,  ,  ,|      ,|      ,|      ,  ,6:29  ,|      ,  ,  ,|      ,|      ,|      ,  ,6:59  ,|      ,  ,  ,  ,|      ,|      ,|      ,  ,7:29  ,|      ,  ,  ,|      ,|      ,|      ,  ,7:59  ,|      ,  ,  ,  ,|      ,|      ,|      ,  ,8:29  ,|      ,  ,  ,|      ,|      ,|      ,  ,8:59  ,|      ,  ,  ,  ,|      ,|      ,|      ,  ,9:29  ,|      ,  ,  ,|      ,|      ,|      ,  ,9:59  ,|      ,  ,|      ,|      ,|      ,  ,10:29  ,|      ,  ,|      ,|      ,|      ,11:29  ,|      ,  ,|      ,|      ,|      ,12:29  ,|      ,  ,|      ,|      ,|      ,13:29  ,|      ,  ,|      ,|      ,|      ,14:29  ,|      ,  ,|      ,|      ,|      ,15:30  ,|      ,  ,|      ,|      ,|      ,  ,16:00  ,|      ,  ,|      ,|      ,|      ,  ,16:30  ,|      ,  ,|      ,|      ,|      ,  ,17:00  ,|      ,  ,|      ,|      ,|      ,  ,17:30  ,|      ,  ,|      ,|      ,|      ,  ,18:00  ,|      ,  ,|      ,|      ,|      ,  ,18:30  ,|      ,  ,|      ,|      ,|      ,  ,19:00  ,|      ,  ,|      ,|      ,|      ,  ,19:30  ,|      ,  ,|      ,|      ,|      ,  ,20:00  ,|      ,  ,|      ,|      ,|      ,  ,20:29  ,|      ,  ,|      ,|      ,|      ,21:29  ,|      ,  ,|      ,|      ,|      ,22:29  ,|      ,  ,|      ,|      ,|      ,23:29  ,|      ,  ,|      ,|      
17,SOUTH SAN FRANCISCO ,  ,|      ,|      ,|      ,  ,  ,|      ,5:43  ,|      ,  ,|      ,|      ,  ,  ,  ,|      ,6:13  ,|      ,  ,|      ,|      ,  ,  ,|      ,6:43  ,|      ,  ,|      ,|      ,  ,  ,  ,|      ,7:13  ,|      ,  ,|      ,|      ,  ,  ,|      ,7:43  ,|      ,  ,|      ,|      ,  ,  ,  ,|      ,8:13  ,|      ,  ,|      ,|      ,  ,  ,|      ,8:43  ,|      ,  ,|      ,|      ,  ,  ,  ,|      ,9:13  ,|      ,  ,|      ,|      ,  ,  ,|      ,9:43  ,|      ,  ,|      ,|      ,  ,|      ,10:13  ,|      ,  ,|      ,|      ,  ,|      ,10:43  ,|      ,|      ,|      ,  ,|      ,11:43  ,|      ,|      ,|      ,  ,|      ,12:43  ,|      ,|      ,|      ,  ,|      ,13:43  ,|      ,|      ,|      ,  ,|      ,14:43  ,|      ,|      ,|      ,  ,|      ,15:43  ,|      ,  ,|      ,|      ,  ,|      ,16:13  ,|      ,  ,|      ,|      ,  ,|      ,16:43  ,|      ,  ,|      ,|      ,  ,|      ,17:13  ,|      ,  ,|      ,|      ,  ,|      ,17:43  ,|      ,  ,|      ,|      ,  ,|      ,18:13  ,|      ,  ,|      ,|      ,  ,|      ,18:43  ,|      ,  ,|      ,|      ,  ,|      ,19:13  ,|      ,  ,|      ,|      ,  ,|      ,19:43  ,|      ,  ,|      ,|      ,  ,|      ,20:13  ,|      ,  ,|      ,|      ,  ,|      ,20:43  ,|      ,|      ,|      ,  ,|      ,21:43  ,|      ,|      ,|      ,  ,|      ,22:43  ,|      ,|      ,|      ,  ,|      ,23:43  
20,SAN BRUNO,  ,|      ,|      ,|      ,  ,  ,5:39  ,|      ,|      ,  ,|      ,|      ,  ,  ,  ,6:09  ,|      ,|      ,  ,|      ,|      ,  ,  ,6:39  ,|      ,|      ,  ,|      ,|      ,  ,  ,  ,7:09  ,|      ,|      ,  ,|      ,|      ,  ,  ,7:39  ,|      ,|      ,  ,|      ,|      ,  ,  ,  ,8:09  ,|      ,|      ,  ,|      ,|      ,  ,  ,8:39  ,|      ,|      ,  ,|      ,|      ,  ,  ,  ,9:09  ,|      ,|      ,  ,|      ,|      ,  ,  ,9:39  ,|      ,|      ,  ,|      ,|      ,  ,10:09  ,|      ,|      ,  ,|      ,|      ,  ,10:39  ,|      ,|      ,|      ,|      ,  ,11:39  ,|      ,|      ,|      ,|      ,  ,12:39  ,|      ,|      ,|      ,|      ,  ,13:39  ,|      ,|      ,|      ,|      ,  ,14:39  ,|      ,|      ,|      ,|      ,  ,15:39  ,|      ,|      ,  ,|      ,|      ,  ,16:09  ,|      ,|      ,  ,|      ,|      ,  ,16:39  ,|      ,|      ,  ,|      ,|      ,  ,17:09  ,|      ,|      ,  ,|      ,|      ,  ,17:39  ,|      ,|      ,  ,|      ,|      ,  ,18:09  ,|      ,|      ,  ,|      ,|      ,  ,18:39  ,|      ,|      ,  ,|      ,|      ,  ,19:09  ,|      ,|      ,  ,|      ,|      ,  ,19:39  ,|      ,|      ,  ,|      ,|      ,  ,20:09  ,|      ,|      ,  ,|      ,|      ,  ,20:39  ,|      ,|      ,|      ,|      ,  ,21:39  ,|      ,|      ,|      ,|      ,  ,22:39  ,|      ,|      ,|      ,|      ,  ,23:39  ,|      
24,MILLBRAE,  ,5:30  ,5:38  ,|      ,  ,  ,5:43  ,5:48  ,6:00  ,  ,6:08  ,|      ,  ,  ,  ,6:13  ,6:18  ,6:30  ,  ,6:38  ,|      ,  ,  ,6:43  ,6:48  ,7:00  ,  ,7:08  ,|      ,  ,  ,  ,7:13  ,7:18  ,7:30  ,  ,7:38  ,|      ,  ,  ,7:43  ,7:48  ,8:00  ,  ,8:08  ,|      ,  ,  ,  ,8:13  ,8:18  ,8:30  ,  ,8:38  ,|      ,  ,  ,8:43  ,8:48  ,9:00  ,  ,9:08  ,|      ,  ,  ,  ,9:13  ,9:18  ,9:30  ,  ,9:38  ,|      ,  ,  ,9:43  ,9:48  ,10:00  ,  ,10:08  ,|      ,  ,10:13  ,10:18  ,10:30  ,  ,10:38  ,|      ,  ,10:43  ,10:48  ,11:30  ,11:38  ,|      ,  ,11:43  ,11:48  ,12:30  ,12:38  ,|      ,  ,12:43  ,12:48  ,13:30  ,13:38  ,|      ,  ,13:43  ,13:48  ,14:30  ,14:38  ,|      ,  ,14:43  ,14:48  ,15:30  ,15:38  ,|      ,  ,15:43  ,15:48  ,16:00  ,  ,16:08  ,|      ,  ,16:13  ,16:18  ,16:30  ,  ,16:38  ,|      ,  ,16:43  ,16:48  ,17:00  ,  ,17:08  ,|      ,  ,17:13  ,17:18  ,17:30  ,  ,17:38  ,|      ,  ,17:43  ,17:48  ,18:00  ,  ,18:08  ,|      ,  ,18:13  ,18:18  ,18:30  ,  ,18:38  ,|      ,  ,18:43  ,18:48  ,19:00  ,  ,19:08  ,|      ,  ,19:13  ,19:18  ,19:30  ,  ,19:38  ,|      ,  ,19:43  ,19:48  ,20:00  ,  ,20:08  ,|      ,  ,20:13  ,20:18  ,20:30  ,  ,20:38  ,|      ,  ,20:43  ,20:48  ,21:30  ,21:38  ,|      ,  ,21:43  ,21:48  ,22:30  ,22:38  ,|      ,  ,22:43  ,22:48  ,23:30  ,23:38  ,|      ,  ,23:43  ,23:48  
27,BROADWAY,  ,|      ,5:41  ,|      ,  ,  ,|      ,|      ,|      ,  ,6:11  ,|      ,  ,  ,  ,|      ,|      ,|      ,  ,6:41  ,|      ,  ,  ,|      ,|      ,|      ,  ,7:11  ,|      ,  ,  ,  ,|      ,|      ,|      ,  ,7:41  ,|      ,  ,  ,|      ,|      ,|      ,  ,8:11  ,|      ,  ,  ,  ,|      ,|      ,|      ,  ,8:41  ,|      ,  ,  ,|      ,|      ,|      ,  ,9:11  ,|      ,  ,  ,  ,|      ,|      ,|      ,  ,9:41  ,|      ,  ,  ,|      ,|      ,|      ,  ,10:11  ,|      ,  ,|      ,|      ,|      ,  ,10:41  ,|      ,  ,|      ,|      ,|      ,11:41  ,|      ,  ,|      ,|      ,|      ,12:41  ,|      ,  ,|      ,|      ,|      ,13:41  ,|      ,  ,|      ,|      ,|      ,14:41  ,|      ,  ,|      ,|      ,|      ,15:41  ,|      ,  ,|      ,|      ,|      ,  ,16:11  ,|      ,  ,|      ,|      ,|      ,  ,16:41  ,|      ,  ,|      ,|      ,|      ,  ,17:11  ,|      ,  ,|      ,|      ,|      ,  ,17:41  ,|      ,  ,|      ,|      ,|      ,  ,18:11  ,|      ,  ,|      ,|      ,|      ,  ,18:41  ,|      ,  ,|      ,|      ,|      ,  ,19:11  ,|      ,  ,|      ,|      ,|      ,  ,19:41  ,|      ,  ,|      ,|      ,|      ,  ,20:11  ,|      ,  ,|      ,|      ,|      ,  ,20:41  ,|      ,  ,|      ,|      ,|      ,21:41  ,|      ,  ,|      ,|      ,|      ,22:41  ,|      ,  ,|      ,|      ,|      ,23:41  ,|      ,  ,|      ,|      
29,BURLINGAME,  ,|      ,|      ,|      ,  ,  ,|      ,5:52  ,|      ,  ,|      ,|      ,  ,  ,  ,|      ,6:22  ,|      ,  ,|      ,|      ,  ,  ,|      ,6:52  ,|      ,  ,|      ,|      ,  ,  ,  ,|      ,7:22  ,|      ,  ,|      ,|      ,  ,  ,|      ,7:52  ,|      ,  ,|      ,|      ,  ,  ,  ,|      ,8:22  ,|      ,  ,|      ,|      ,  ,  ,|      ,8:52  ,|      ,  ,|      ,|      ,  ,  ,  ,|      ,9:22  ,|      ,  ,|      ,|      ,  ,  ,|      ,9:52  ,|      ,  ,|      ,|      ,  ,|      ,10:22  ,|      ,  ,|      ,|      ,  ,|      ,10:52  ,|      ,|      ,|      ,  ,|      ,11:52  ,|      ,|      ,|      ,  ,|      ,12:52  ,|      ,|      ,|      ,  ,|      ,13:52  ,|      ,|      ,|      ,  ,|      ,14:52  ,|      ,|      ,|      ,  ,|      ,15:52  ,|      ,  ,|      ,|      ,  ,|      ,16:22  ,|      ,  ,|      ,|      ,  ,|      ,16:52  ,|      ,  ,|      ,|      ,  ,|      ,17:22  ,|      ,  ,|      ,|      ,  ,|      ,17:52  ,|      ,  ,|      ,|      ,  ,|      ,18:22  ,|      ,  ,|      ,|      ,  ,|      ,18:52  ,|      ,  ,|      ,|      ,  ,|      ,19:22  ,|      ,  ,|      ,|      ,  ,|      ,19:52  ,|      ,  ,|      ,|      ,  ,|      ,20:22  ,|      ,  ,|      ,|      ,  ,|      ,20:52  ,|      ,|      ,|      ,  ,|      ,21:52  ,|      ,|      ,|      ,  ,|      ,22:52  ,|      ,|      ,|      ,  ,|      ,23:52  
31,SAN MATEO,  ,|      ,|      ,|      ,  ,  ,5:47  ,5:55  ,|      ,  ,|      ,|      ,  ,  ,  ,6:17  ,6:25  ,|      ,  ,|      ,|      ,  ,  ,6:47  ,6:55  ,|      ,  ,|      ,|      ,  ,  ,  ,7:17  ,7:25  ,|      ,  ,|      ,|      ,  ,  ,7:47  ,7:55  ,|      ,  ,|      ,|      ,  ,  ,  ,8:17  ,8:25  ,|      ,  ,|      ,|      ,  ,  ,8:47  ,8:55  ,|      ,  ,|      ,|      ,  ,  ,  ,9:17  ,9:25  ,|      ,  ,|      ,|      ,  ,  ,9:47  ,9:55  ,|      ,  ,|      ,|      ,  ,10:17  ,10:25  ,|      ,  ,|      ,|      ,  ,10:47  ,10:55  ,|      ,|      ,|      ,  ,11:47  ,11:55  ,|      ,|      ,|      ,  ,12:47  ,12:55  ,|      ,|      ,|      ,  ,13:47  ,13:55  ,|      ,|      ,|      ,  ,14:47  ,14:55  ,|      ,|      ,|      ,  ,15:47  ,15:55  ,|      ,  ,|      ,|      ,  ,16:17  ,16:25  ,|      ,  ,|      ,|      ,  ,16:47  ,16:55  ,|      ,  ,|      ,|      ,  ,17:17  ,17:25  ,|      ,  ,|      ,|      ,  ,17:47  ,17:55  ,|      ,  ,|      ,|      ,  ,18:17  ,18:25  ,|      ,  ,|      ,|      ,  ,18:47  ,18:55  ,|      ,  ,|      ,|      ,  ,19:17  ,19:25  ,|      ,  ,|      ,|      ,  ,19:47  ,19:55  ,|      ,  ,|      ,|      ,  ,20:17  ,20:25  ,|      ,  ,|      ,|      ,  ,20:47  ,20:55  ,|      ,|      ,|      ,  ,21:47  ,21:55  ,|      ,|      ,|      ,  ,22:47  ,22:55  ,|      ,|      ,|      ,  ,23:47  ,23:55  
33,HAYWARD PARK,  ,|      ,5:45  ,|      ,  ,  ,|      ,|      ,|      ,  ,6:15  ,|      ,  ,  ,  ,|      ,|      ,|      ,  ,6:45  ,|      ,  ,  ,|      ,|      ,|      ,  ,7:15  ,|      ,  ,  ,  ,|      ,|      ,|      ,  ,7:45  ,|      ,  ,  ,|      ,|      ,|      ,  ,8:15  ,|      ,  ,  ,  ,|      ,|      ,|      ,  ,8:45  ,|      ,  ,  ,|      ,|      ,|      ,  ,9:15  ,|      ,  ,  ,  ,|      ,|      ,|      ,  ,9:45  ,|      ,  ,  ,|      ,|      ,|      ,  ,10:15  ,|      ,  ,|      ,|      ,|      ,  ,10:45  ,|      ,  ,|      ,|      ,|      ,11:45  ,|      ,  ,|      ,|      ,|      ,12:45  ,|      ,  ,|      ,|      ,|      ,13:45  ,|      ,  ,|      ,|      ,|      ,14:45  ,|      ,  ,|      ,|      ,|      ,15:45  ,|      ,  ,|      ,|      ,|      ,  ,16:15  ,|      ,  ,|      ,|      ,|      ,  ,16:45  ,|      ,  ,|      ,|      ,|      ,  ,17:15  ,|      ,  ,|      ,|      ,|      ,  ,17:45  ,|      ,  ,|      ,|      ,|      ,  ,18:15  ,|      ,  ,|      ,|      ,|      ,  ,18:45  ,|      ,  ,|      ,|      ,|      ,  ,19:15  ,|      ,  ,|      ,|      ,|      ,  ,19:45  ,|      ,  ,|      ,|      ,|      ,  ,20:15  ,|      ,  ,|      ,|      ,|      ,  ,20:45  ,|      ,  ,|      ,|      ,|      ,21:45  ,|      ,  ,|      ,|      ,|      ,22:45  ,|      ,  ,|      ,|      ,|      ,23:45  ,|      ,  ,|      ,|      
35,HILLSDALE,  ,|      ,5:48  ,|      ,  ,  ,5:52  ,5:58  ,|      ,  ,6:18  ,|      ,  ,  ,  ,6:22  ,6:28  ,|      ,  ,6:48  ,|      ,  ,  ,6:52  ,6:58  ,|      ,  ,7:18  ,|      ,  ,  ,  ,7:22  ,7:28  ,|      ,  ,7:48  ,|      ,  ,  ,7:52  ,7:58  ,|      ,  ,8:18  ,|      ,  ,  ,  ,8:22  ,8:28  ,|      ,  ,8:48  ,|      ,  ,  ,8:52  ,8:58  ,|      ,  ,9:18  ,|      ,  ,  ,  ,9:22  ,9:28  ,|      ,  ,9:48  ,|      ,  ,  ,9:52  ,9:58  ,|      ,  ,10:18  ,|      ,  ,10:22  ,10:28  ,|      ,  ,10:48  ,|      ,  ,10:52  ,10:58  ,|      ,11:48  ,|      ,  ,11:52  ,11:58  ,|      ,12:48  ,|      ,  ,12:52  ,12:58  ,|      ,13:48  ,|      ,  ,13:52  ,13:58  ,|      ,14:48  ,|      ,  ,14:52  ,14:58  ,|      ,15:48  ,|      ,  ,15:52  ,15:58  ,|      ,  ,16:18  ,|      ,  ,16:22  ,16:28  ,|      ,  ,16:48  ,|      ,  ,16:52  ,16:58  ,|      ,  ,17:18  ,|      ,  ,17:22  ,17:28  ,|      ,  ,17:48  ,|      ,  ,17:52  ,17:58  ,|      ,  ,18:18  ,|      ,  ,18:22  ,18:28  ,|      ,  ,18:48  ,|      ,  ,18:52  ,18:58  ,|      ,  ,19:18  ,|      ,  ,19:22  ,19:28  ,|      ,  ,19:48  ,|      ,  ,19:52  ,19:58  ,|      ,  ,20:18  ,|      ,  ,20:22  ,20:28  ,|      ,  ,20:48  ,|      ,  ,20:52  ,20:58  ,|      ,21:48  ,|      ,  ,21:52  ,21:58  ,|      ,22:48  ,|      ,  ,22:52  ,22:58  ,|      ,23:48  ,|      ,  ,23:52  ,23:58  
38,BELMONT,  ,|      ,|      ,|      ,  ,  ,5:55  ,|      ,|      ,  ,|      ,|      ,  ,  ,  ,6:25  ,|      ,|      ,  ,|      ,|      ,  ,  ,6:55  ,|      ,|      ,  ,|      ,|      ,  ,  ,  ,7:25  ,|      ,|      ,  ,|      ,|      ,  ,  ,7:55  ,|      ,|      ,  ,|      ,|      ,  ,  ,  ,8:25  ,|      ,|      ,  ,|      ,|      ,  ,  ,8:55  ,|      ,|      ,  ,|      ,|      ,  ,  ,  ,9:25  ,|      ,|      ,  ,|      ,|      ,  ,  ,9:55  ,|      ,|      ,  ,|      ,|      ,  ,10:25  ,|      ,|      ,  ,|      ,|      ,  ,10:55  ,|      ,|      ,|      ,|      ,  ,11:55  ,|      ,|      ,|      ,|      ,  ,12:55  ,|      ,|      ,|      ,|      ,  ,13:55  ,|      ,|      ,|      ,|      ,  ,14:55  ,|      ,|      ,|      ,|      ,  ,15:55  ,|      ,|      ,  ,|      ,|      ,  ,16:25  ,|      ,|      ,  ,|      ,|      ,  ,16:55  ,|      ,|      ,  ,|      ,|      ,  ,17:25  ,|      ,|      ,  ,|      ,|      ,  ,17:55  ,|      ,|      ,  ,|      ,|      ,  ,18:25  ,|      ,|      ,  ,|      ,|      ,  ,18:55  ,|      ,|      ,  ,|      ,|      ,  ,19:25  ,|      ,|      ,  ,|      ,|      ,  ,19:55  ,|      ,|      ,  ,|      ,|      ,  ,20:25  ,|      ,|      ,  ,|      ,|      ,  ,20:55  ,|      ,|      ,|      ,|      ,  ,21:55  ,|      ,|      ,|      ,|      ,  ,22:55  ,|      ,|      ,|      ,|      ,  ,23:55  ,|      
40,SAN CARLOS,  ,|      ,5:52  ,|      ,  ,  ,|      ,|      ,|      ,  ,6:22  ,|      ,  ,  ,  ,|      ,|      ,|      ,  ,6:52  ,|      ,  ,  ,|      ,|      ,|      ,  ,7:22  ,|      ,  ,  ,  ,|      ,|      ,|      ,  ,7:52  ,|      ,  ,  ,|      ,|      ,|      ,  ,8:22  ,|      ,  ,  ,  ,|      ,|      ,|      ,  ,8:52  ,|      ,  ,  ,|      ,|      ,|      ,  ,9:22  ,|      ,  ,  ,  ,|      ,|      ,|      ,  ,9:52  ,|      ,  ,  ,|      ,|      ,|      ,  ,10:22  ,|      ,  ,|      ,|      ,|      ,  ,10:52  ,|      ,  ,|      ,|      ,|      ,11:52  ,|      ,  ,|      ,|      ,|      ,12:52  ,|      ,  ,|      ,|      ,|      ,13:52  ,|      ,  ,|      ,|      ,|      ,14:52  ,|      ,  ,|      ,|      ,|      ,15:52  ,|      ,  ,|      ,|      ,|      ,  ,16:22  ,|      ,  ,|      ,|      ,|      ,  ,16:52  ,|      ,  ,|      ,|      ,|      ,  ,17:22  ,|      ,  ,|      ,|      ,|      ,  ,17:52  ,|      ,  ,|      ,|      ,|      ,  ,18:22  ,|      ,  ,|      ,|      ,|      ,  ,18:52  ,|      ,  ,|      ,|      ,|      ,  ,19:22  ,|      ,  ,|      ,|      ,|      ,  ,19:52  ,|      ,  ,|      ,|      ,|      ,  ,20:22  ,|      ,  ,|      ,|      ,|      ,  ,20:52  ,|      ,  ,|      ,|      ,|      ,21:52  ,|      ,  ,|      ,|      ,|      ,22:52  ,|      ,  ,|      ,|      ,|      ,23:52  ,|      ,  ,|      ,|      
43,REDWOOD CITY,  ,|      ,5:56  ,|      ,  ,  ,|      ,6:04  ,|      ,  ,6:26  ,|      ,  ,  ,  ,|      ,6:34  ,|      ,  ,6:56  ,|      ,  ,  ,|      ,7:04  ,|      ,  ,7:26  ,|      ,  ,  ,  ,|      ,7:34  ,|      ,  ,7:56  ,|      ,  ,  ,|      ,8:04  ,|      ,  ,8:26  ,|      ,  ,  ,  ,|      ,8:34  ,|      ,  ,8:56  ,|      ,  ,  ,|      ,9:04  ,|      ,  ,9:26  ,|      ,  ,  ,  ,|      ,9:34  ,|      ,  ,9:56  ,|      ,  ,  ,|      ,10:04  ,|      ,  ,10:26  ,|      ,  ,|      ,10:34  ,|      ,  ,10:56  ,|      ,  ,|      ,11:04  ,|      ,11:56  ,|      ,  ,|      ,12:04  ,|      ,12:56  ,|      ,  ,|      ,13:04  ,|      ,13:56  ,|      ,  ,|      ,14:04  ,|      ,14:56  ,|      ,  ,|      ,15:04  ,|      ,15:56  ,|      ,  ,|      ,16:04  ,|      ,  ,16:26  ,|      ,  ,|      ,16:34  ,|      ,  ,16:56  ,|      ,  ,|      ,17:04  ,|      ,  ,17:26  ,|      ,  ,|      ,17:34  ,|      ,  ,17:56  ,|      ,  ,|      ,18:04  ,|      ,  ,18:26  ,|      ,  ,|      ,18:34  ,|      ,  ,18:56  ,|      ,  ,|      ,19:04  ,|      ,  ,19:26  ,|      ,  ,|      ,19:34  ,|      ,  ,19:56  ,|      ,  ,|      ,20:04  ,|      ,  ,20:26  ,|      ,  ,|      ,20:34  ,|      ,  ,20:56  ,|      ,  ,|      ,21:04  ,|      ,21:56  ,|      ,  ,|      ,22:04  ,|      ,22:56  ,|      ,  ,|      ,23:04  ,|      ,23:56  ,|      ,  ,|      ,0:04  
47,ATHERTON,  ,|      ,|      ,|      ,  ,  ,|      ,6:08  ,|      ,  ,|      ,|      ,  ,  ,  ,|      ,6:38  ,|      ,  ,|      ,|      ,  ,  ,|      ,7:08  ,|      ,  ,|      ,|      ,  ,  ,  ,|      ,7:38  ,|      ,  ,|      ,|      ,  ,  ,|      ,8:08  ,|      ,  ,|      ,|      ,  ,  ,  ,|      ,8:38  ,|      ,  ,|      ,|      ,  ,  ,|      ,9:08  ,|      ,  ,|      ,|      ,  ,  ,  ,|      ,9:38  ,|      ,  ,|      ,|      ,  ,  ,|      ,10:08  ,|      ,  ,|      ,|      ,  ,|      ,10:38  ,|      ,  ,|      ,|      ,  ,|      ,11:08  ,|      ,|      ,|      ,  ,|      ,12:08  ,|      ,|      ,|      ,  ,|      ,13:08  ,|      ,|      ,|      ,  ,|      ,14:08  ,|      ,|      ,|      ,  ,|      ,15:08  ,|      ,|      ,|      ,  ,|      ,16:08  ,|      ,  ,|      ,|      ,  ,|      ,16:38  ,|      ,  ,|      ,|      ,  ,|      ,17:08  ,|      ,  ,|      ,|      ,  ,|      ,17:38  ,|      ,  ,|      ,|      ,  ,|      ,18:08  ,|      ,  ,|      ,|      ,  ,|      ,18:38  ,|      ,  ,|      ,|      ,  ,|      ,19:08  ,|      ,  ,|      ,|      ,  ,|      ,19:38  ,|      ,  ,|      ,|      ,  ,|      ,20:08  ,|      ,  ,|      ,|      ,  ,|      ,20:38  ,|      ,  ,|      ,|      ,  ,|      ,21:08  ,|      ,|      ,|      ,  ,|      ,22:08  ,|      ,|      ,|      ,  ,|      ,23:08  ,|      ,|      ,|      ,  ,|      ,0:08  
49,MENLO PARK,  ,|      ,|      ,|      ,  ,  ,6:02  ,|      ,|      ,  ,|      ,|      ,  ,  ,  ,6:32  ,|      ,|      ,  ,|      ,|      ,  ,  ,7:02  ,|      ,|      ,  ,|      ,|      ,  ,  ,  ,7:32  ,|      ,|      ,  ,|      ,|      ,  ,  ,8:02  ,|      ,|      ,  ,|      ,|      ,  ,  ,  ,8:32  ,|      ,|      ,  ,|      ,|      ,  ,  ,9:02  ,|      ,|      ,  ,|      ,|      ,  ,  ,  ,9:32  ,|      ,|      ,  ,|      ,|      ,  ,  ,10:02  ,|      ,|      ,  ,|      ,|      ,  ,10:32  ,|      ,|      ,  ,|      ,|      ,  ,11:02  ,|      ,|      ,|      ,|      ,  ,12:02  ,|      ,|      ,|      ,|      ,  ,13:02  ,|      ,|      ,|      ,|      ,  ,14:02  ,|      ,|      ,|      ,|      ,  ,15:02  ,|      ,|      ,|      ,|      ,  ,16:02  ,|      ,|      ,  ,|      ,|      ,  ,16:32  ,|      ,|      ,  ,|      ,|      ,  ,17:02  ,|      ,|      ,  ,|      ,|      ,  ,17:32  ,|      ,|      ,  ,|      ,|      ,  ,18:02  ,|      ,|      ,  ,|      ,|      ,  ,18:32  ,|      ,|      ,  ,|      ,|      ,  ,19:02  ,|      ,|      ,  ,|      ,|      ,  ,19:32  ,|      ,|      ,  ,|      ,|      ,  ,20:02  ,|      ,|      ,  ,|      ,|      ,  ,20:32  ,|      ,|      ,  ,|      ,|      ,  ,21:02  ,|      ,|      ,|      ,|      ,  ,22:02  ,|      ,|      ,|      ,|      ,  ,23:02  ,|      ,|      ,|      ,|      ,  ,0:02  ,|      
51,PALO ALTO,  ,|      ,6:01  ,|      ,  ,  ,6:05  ,6:11  ,|      ,  ,6:31  ,|      ,  ,  ,  ,6:35  ,6:41  ,|      ,  ,7:01  ,|      ,  ,  ,7:05  ,7:11  ,|      ,  ,7:31  ,|      ,  ,  ,  ,7:35  ,7:41  ,|      ,  ,8:01  ,|      ,  ,  ,8:05  ,8:11  ,|      ,  ,8:31  ,|      ,  ,  ,  ,8:35  ,8:41  ,|      ,  ,9:01  ,|      ,  ,  ,9:05  ,9:11  ,|      ,  ,9:31  ,|      ,  ,  ,  ,9:35  ,9:41  ,|      ,  ,10:01  ,|      ,  ,  ,10:05  ,10:11  ,|      ,  ,10:31  ,|      ,  ,10:35  ,10:41  ,|      ,  ,11:01  ,|      ,  ,11:05  ,11:11  ,|      ,12:01  ,|      ,  ,12:05  ,12:11  ,|      ,13:01  ,|      ,  ,13:05  ,13:11  ,|      ,14:01  ,|      ,  ,14:05  ,14:11  ,|      ,15:01  ,|      ,  ,15:05  ,15:11  ,|      ,16:01  ,|      ,  ,16:05  ,16:11  ,|      ,  ,16:31  ,|      ,  ,16:35  ,16:41  ,|      ,  ,17:01  ,|      ,  ,17:05  ,17:11  ,|      ,  ,17:31  ,|      ,  ,17:35  ,17:41  ,|      ,  ,18:01  ,|      ,  ,18:05  ,18:11  ,|      ,  ,18:31  ,|      ,  ,18:35  ,18:41  ,|      ,  ,19:01  ,|      ,  ,19:05  ,19:11  ,|      ,  ,19:31  ,|      ,  ,19:35  ,19:41  ,|      ,  ,20:01  ,|      ,  ,20:05  ,20:11  ,|      ,  ,20:31  ,|      ,  ,20:35  ,20:41  ,|      ,  ,21:01  ,|      ,  ,21:05  ,21:11  ,|      ,22:01  ,|      ,  ,22:05  ,22:11  ,|      ,23:01  ,|      ,  ,23:05  ,23:11  ,|      ,0:01  ,|      ,  ,0:05  ,0:11  
52,STANDFORD STADIUM,  ,|      ,|      ,|      ,  ,  ,|      ,|      ,|      ,  ,|      ,|      ,  ,  ,  ,|      ,|      ,|      ,  ,|      ,|      ,  ,  ,|      ,|      ,|      ,  ,|      ,|      ,  ,  ,  ,|      ,|      ,|      ,  ,|      ,|      ,  ,  ,|      ,|      ,|      ,  ,|      ,|      ,  ,  ,  ,|      ,|      ,|      ,  ,|      ,|      ,  ,  ,|      ,|      ,|      ,  ,|      ,|      ,  ,  ,  ,|      ,|      ,|      ,  ,|      ,|      ,  ,  ,|      ,|      ,|      ,  ,|      ,|      ,  ,|      ,|      ,|      ,  ,|      ,|      ,  ,|      ,|      ,|      ,|      ,|      ,  ,|      ,|      ,|      ,|      ,|      ,  ,|      ,|      ,|      ,|      ,|      ,  ,|      ,|      ,|      ,|      ,|      ,  ,|      ,|      ,|      ,|      ,|      ,  ,|      ,|      ,|      ,  ,|      ,|      ,  ,|      ,|      ,|      ,  ,|      ,|      ,  ,|      ,|      ,|      ,  ,|      ,|      ,  ,|      ,|      ,|      ,  ,|      ,|      ,  ,|      ,|      ,|      ,  ,|      ,|      ,  ,|      ,|      ,|      ,  ,|      ,|      ,  ,|      ,|      ,|      ,  ,|      ,|      ,  ,|      ,|      ,|      ,  ,|      ,|      ,  ,|      ,|      ,|      ,  ,|      ,|      ,  ,|      ,|      ,|      ,  ,|      ,|      ,  ,|      ,|      ,|      ,|      ,|      ,  ,|      ,|      ,|      ,|      ,|      ,  ,|      ,|      ,|      ,|      ,|      ,  ,|      ,|      
53,CALIFORNIA AVENUE,  ,|      ,|      ,|      ,  ,  ,6:08  ,|      ,|      ,  ,|      ,|      ,  ,  ,  ,6:38  ,|      ,|      ,  ,|      ,|      ,  ,  ,7:08  ,|      ,|      ,  ,|      ,|      ,  ,  ,  ,7:38  ,|      ,|      ,  ,|      ,|      ,  ,  ,8:08  ,|      ,|      ,  ,|      ,|      ,  ,  ,  ,8:38  ,|      ,|      ,  ,|      ,|      ,  ,  ,9:08  ,|      ,|      ,  ,|      ,|      ,  ,  ,  ,9:38  ,|      ,|      ,  ,|      ,|      ,  ,  ,10:08  ,|      ,|      ,  ,|      ,|      ,  ,10:38  ,|      ,|      ,  ,|      ,|      ,  ,11:08  ,|      ,|      ,|      ,|      ,  ,12:08  ,|      ,|      ,|      ,|      ,  ,13:08  ,|      ,|      ,|      ,|      ,  ,14:08  ,|      ,|      ,|      ,|      ,  ,15:08  ,|      ,|      ,|      ,|      ,  ,16:08  ,|      ,|      ,  ,|      ,|      ,  ,16:38  ,|      ,|      ,  ,|      ,|      ,  ,17:08  ,|      ,|      ,  ,|      ,|      ,  ,17:38  ,|      ,|      ,  ,|      ,|      ,  ,18:08  ,|      ,|      ,  ,|      ,|      ,  ,18:38  ,|      ,|      ,  ,|      ,|      ,  ,19:08  ,|      ,|      ,  ,|      ,|      ,  ,19:38  ,|      ,|      ,  ,|      ,|      ,  ,20:08  ,|      ,|      ,  ,|      ,|      ,  ,20:38  ,|      ,|      ,  ,|      ,|      ,  ,21:08  ,|      ,|      ,|      ,|      ,  ,22:08  ,|      ,|      ,|      ,|      ,  ,23:08  ,|      ,|      ,|      ,|      ,  ,0:08  ,|      
57,SAN ANTONIO,  ,|      ,6:05  ,|      ,  ,  ,|      ,|      ,|      ,  ,6:35  ,|      ,  ,  ,  ,|      ,|      ,|      ,  ,7:05  ,|      ,  ,  ,|      ,|      ,|      ,  ,7:35  ,|      ,  ,  ,  ,|      ,|      ,|      ,  ,8:05  ,|      ,  ,  ,|      ,|      ,|      ,  ,8:35  ,|      ,  ,  ,  ,|      ,|      ,|      ,  ,9:05  ,|      ,  ,  ,|      ,|      ,|      ,  ,9:35  ,|      ,  ,  ,  ,|      ,|      ,|      ,  ,10:05  ,|      ,  ,  ,|      ,|      ,|      ,  ,10:35  ,|      ,  ,|      ,|      ,|      ,  ,11:05  ,|      ,  ,|      ,|      ,|      ,12:05  ,|      ,  ,|      ,|      ,|      ,13:05  ,|      ,  ,|      ,|      ,|      ,14:05  ,|      ,  ,|      ,|      ,|      ,15:05  ,|      ,  ,|      ,|      ,|      ,16:05  ,|      ,  ,|      ,|      ,|      ,  ,16:35  ,|      ,  ,|      ,|      ,|      ,  ,17:05  ,|      ,  ,|      ,|      ,|      ,  ,17:35  ,|      ,  ,|      ,|      ,|      ,  ,18:05  ,|      ,  ,|      ,|      ,|      ,  ,18:35  ,|      ,  ,|      ,|      ,|      ,  ,19:05  ,|      ,  ,|      ,|      ,|      ,  ,19:35  ,|      ,  ,|      ,|      ,|      ,  ,20:05  ,|      ,  ,|      ,|      ,|      ,  ,20:35  ,|      ,  ,|      ,|      ,|      ,  ,21:05  ,|      ,  ,|      ,|      ,|      ,22:05  ,|      ,  ,|      ,|      ,|      ,23:05  ,|      ,  ,|      ,|      ,|      ,0:05  ,|      ,  ,|      ,|      
60,MOUNTAIN VIEW,  ,|      ,6:09  ,|      ,  ,  ,6:13  ,6:18  ,|      ,  ,6:39  ,|      ,  ,  ,  ,6:43  ,6:48  ,|      ,  ,7:09  ,|      ,  ,  ,7:13  ,7:18  ,|      ,  ,7:39  ,|      ,  ,  ,  ,7:43  ,7:48  ,|      ,  ,8:09  ,|      ,  ,  ,8:13  ,8:18  ,|      ,  ,8:39  ,|      ,  ,  ,  ,8:43  ,8:48  ,|      ,  ,9:09  ,|      ,  ,  ,9:13  ,9:18  ,|      ,  ,9:39  ,|      ,  ,  ,  ,9:43  ,9:48  ,|      ,  ,10:09  ,|      ,  ,  ,10:13  ,10:18  ,|      ,  ,10:39  ,|      ,  ,10:43  ,10:48  ,|      ,  ,11:09  ,|      ,  ,11:13  ,11:18  ,|      ,12:09  ,|      ,  ,12:13  ,12:18  ,|      ,13:09  ,|      ,  ,13:13  ,13:18  ,|      ,14:09  ,|      ,  ,14:13  ,14:18  ,|      ,15:09  ,|      ,  ,15:13  ,15:18  ,|      ,16:08  ,|      ,  ,16:13  ,16:18  ,|      ,  ,16:38  ,|      ,  ,16:43  ,16:48  ,|      ,  ,17:08  ,|      ,  ,17:13  ,17:18  ,|      ,  ,17:38  ,|      ,  ,17:43  ,17:48  ,|      ,  ,18:08  ,|      ,  ,18:13  ,18:18  ,|      ,  ,18:38  ,|      ,  ,18:43  ,18:48  ,|      ,  ,19:08  ,|      ,  ,19:13  ,19:18  ,|      ,  ,19:38  ,|      ,  ,19:43  ,19:48  ,|      ,  ,20:08  ,|      ,  ,20:13  ,20:18  ,|      ,  ,20:38  ,|      ,  ,20:43  ,20:48  ,|      ,  ,21:09  ,|      ,  ,21:13  ,21:18  ,|      ,22:09  ,|      ,  ,22:13  ,22:18  ,|      ,23:09  ,|      ,  ,23:13  ,23:18  ,|      ,0:09  ,|      ,  ,0:13  ,0:18  
65,SUNNYVALE,  ,|      ,6:13  ,|      ,  ,  ,6:17  ,|      ,|      ,  ,6:43  ,|      ,  ,  ,  ,6:47  ,|      ,|      ,  ,7:13  ,|      ,  ,  ,7:17  ,|      ,|      ,  ,7:43  ,|      ,  ,  ,  ,7:47  ,|      ,|      ,  ,8:13  ,|      ,  ,  ,8:17  ,|      ,|      ,  ,8:43  ,|      ,  ,  ,  ,8:47  ,|      ,|      ,  ,9:13  ,|      ,  ,  ,9:17  ,|      ,|      ,  ,9:43  ,|      ,  ,  ,  ,9:47  ,|      ,|      ,  ,10:13  ,|      ,  ,  ,10:17  ,|      ,|      ,  ,10:43  ,|      ,  ,10:47  ,|      ,|      ,  ,11:13  ,|      ,  ,11:17  ,|      ,|      ,12:13  ,|      ,  ,12:17  ,|      ,|      ,13:13  ,|      ,  ,13:17  ,|      ,|      ,14:13  ,|      ,  ,14:17  ,|      ,|      ,15:13  ,|      ,  ,15:17  ,|      ,|      ,16:12  ,|      ,  ,16:17  ,|      ,|      ,  ,16:42  ,|      ,  ,16:47  ,|      ,|      ,  ,17:12  ,|      ,  ,17:17  ,|      ,|      ,  ,17:42  ,|      ,  ,17:47  ,|      ,|      ,  ,18:12  ,|      ,  ,18:17  ,|      ,|      ,  ,18:42  ,|      ,  ,18:47  ,|      ,|      ,  ,19:12  ,|      ,  ,19:17  ,|      ,|      ,  ,19:42  ,|      ,  ,19:47  ,|      ,|      ,  ,20:12  ,|      ,  ,20:17  ,|      ,|      ,  ,20:42  ,|      ,  ,20:47  ,|      ,|      ,  ,21:13  ,|      ,  ,21:17  ,|      ,|      ,22:13  ,|      ,  ,22:17  ,|      ,|      ,23:13  ,|      ,  ,23:17  ,|      ,|      ,0:13  ,|      ,  ,0:17  ,|      
66,CP Hendy,  ,|      ,|      ,|      ,  ,  ,|      ,|      ,|      ,  ,|      ,|      ,  ,  ,  ,|      ,|      ,|      ,  ,|      ,|      ,  ,  ,|      ,|      ,|      ,  ,|      ,|      ,  ,  ,  ,|      ,|      ,|      ,  ,|      ,|      ,  ,  ,|      ,|      ,|      ,  ,|      ,|      ,  ,  ,  ,|      ,|      ,|      ,  ,|      ,|      ,  ,  ,|      ,|      ,|      ,  ,|      ,|      ,  ,  ,  ,|      ,|      ,|      ,  ,|      ,|      ,  ,  ,|      ,|      ,|      ,  ,|      ,|      ,  ,|      ,|      ,|      ,  ,|      ,|      ,  ,|      ,|      ,|      ,|      ,|      ,  ,|      ,|      ,|      ,|      ,|      ,  ,|      ,|      ,|      ,|      ,|      ,  ,|      ,|      ,|      ,|      ,|      ,  ,|      ,|      ,|      ,|      ,|      ,  ,|      ,|      ,|      ,  ,|      ,|      ,  ,|      ,|      ,|      ,  ,|      ,|      ,  ,|      ,|      ,|      ,  ,|      ,|      ,  ,|      ,|      ,|      ,  ,|      ,|      ,  ,|      ,|      ,|      ,  ,|      ,|      ,  ,|      ,|      ,|      ,  ,|      ,|      ,  ,|      ,|      ,|      ,  ,|      ,|      ,  ,|      ,|      ,|      ,  ,|      ,|      ,  ,|      ,|      ,|      ,  ,|      ,|      ,  ,|      ,|      ,|      ,  ,|      ,|      ,  ,|      ,|      ,|      ,|      ,|      ,  ,|      ,|      ,|      ,|      ,|      ,  ,|      ,|      ,|      ,|      ,|      ,  ,|      ,|      
68,LAWRENCE,  ,|      ,6:16  ,|      ,  ,  ,|      ,6:27  ,|      ,  ,6:46  ,|      ,  ,  ,  ,|      ,6:57  ,|      ,  ,7:16  ,|      ,  ,  ,|      ,7:27  ,|      ,  ,7:46  ,|      ,  ,  ,  ,|      ,7:57  ,|      ,  ,8:16  ,|      ,  ,  ,|      ,8:27  ,|      ,  ,8:46  ,|      ,  ,  ,  ,|      ,8:57  ,|      ,  ,9:16  ,|      ,  ,  ,|      ,9:27  ,|      ,  ,9:46  ,|      ,  ,  ,  ,|      ,9:57  ,|      ,  ,10:16  ,|      ,  ,  ,|      ,10:27  ,|      ,  ,10:46  ,|      ,  ,|      ,10:57  ,|      ,  ,11:16  ,|      ,  ,|      ,11:27  ,|      ,12:16  ,|      ,  ,|      ,12:27  ,|      ,13:16  ,|      ,  ,|      ,13:27  ,|      ,14:16  ,|      ,  ,|      ,14:27  ,|      ,15:16  ,|      ,  ,|      ,15:27  ,|      ,16:15  ,|      ,  ,|      ,16:27  ,|      ,  ,16:45  ,|      ,  ,|      ,16:57  ,|      ,  ,17:15  ,|      ,  ,|      ,17:27  ,|      ,  ,17:45  ,|      ,  ,|      ,17:57  ,|      ,  ,18:15  ,|      ,  ,|      ,18:27  ,|      ,  ,18:45  ,|      ,  ,|      ,18:57  ,|      ,  ,19:15  ,|      ,  ,|      ,19:27  ,|      ,  ,19:45  ,|      ,  ,|      ,19:57  ,|      ,  ,20:15  ,|      ,  ,|      ,20:27  ,|      ,  ,20:45  ,|      ,  ,|      ,20:57  ,|      ,  ,21:16  ,|      ,  ,|      ,21:27  ,|      ,22:16  ,|      ,  ,|      ,22:27  ,|      ,23:16  ,|      ,  ,|      ,23:27  ,|      ,0:16  ,|      ,  ,|      ,0:27  
74,SANTA CLARA,  ,|      ,|      ,|      ,  ,  ,6:23  ,|      ,|      ,  ,|      ,|      ,  ,  ,  ,6:53  ,|      ,|      ,  ,|      ,|      ,  ,  ,7:23  ,|      ,|      ,  ,|      ,|      ,  ,  ,  ,7:53  ,|      ,|      ,  ,|      ,|      ,  ,  ,8:23  ,|      ,|      ,  ,|      ,|      ,  ,  ,  ,8:53  ,|      ,|      ,  ,|      ,|      ,  ,  ,9:23  ,|      ,|      ,  ,|      ,|      ,  ,  ,  ,9:53  ,|      ,|      ,  ,|      ,|      ,  ,  ,10:23  ,|      ,|      ,  ,|      ,|      ,  ,10:53  ,|      ,|      ,  ,|      ,|      ,  ,11:23  ,|      ,|      ,|      ,|      ,  ,12:23  ,|      ,|      ,|      ,|      ,  ,13:23  ,|      ,|      ,|      ,|      ,  ,14:23  ,|      ,|      ,|      ,|      ,  ,15:23  ,|      ,|      ,|      ,|      ,  ,16:23  ,|      ,|      ,  ,|      ,|      ,  ,16:53  ,|      ,|      ,  ,|      ,|      ,  ,17:23  ,|      ,|      ,  ,|      ,|      ,  ,17:53  ,|      ,|      ,  ,|      ,|      ,  ,18:23  ,|      ,|      ,  ,|      ,|      ,  ,18:53  ,|      ,|      ,  ,|      ,|      ,  ,19:23  ,|      ,|      ,  ,|      ,|      ,  ,19:53  ,|      ,|      ,  ,|      ,|      ,  ,20:23  ,|      ,|      ,  ,|      ,|      ,  ,20:53  ,|      ,|      ,  ,|      ,|      ,  ,21:23  ,|      ,|      ,|      ,|      ,  ,22:23  ,|      ,|      ,|      ,|      ,  ,23:23  ,|      ,|      ,|      ,|      ,  ,0:23  ,|      
76,COLLEGE PARK,  ,|      ,|      ,|      ,  ,↴      ,|      ,|      ,|      ,↴      ,|      ,|      ,  ,  ,↴      ,|      ,|      ,|      ,↴      ,|      ,|      ,  ,↴      ,|      ,|      ,|      ,↴      ,|      ,|      ,  ,  ,↴      ,|      ,|      ,|      ,↴      ,|      ,|      ,  ,↴      ,|      ,|      ,|      ,↴      ,|      ,|      ,  ,  ,↴      ,|      ,|      ,|      ,↴      ,|      ,|      ,  ,↴      ,|      ,|      ,|      ,↴      ,|      ,|      ,  ,  ,↴      ,|      ,|      ,|      ,↴      ,|      ,|      ,  ,↴      ,|      ,|      ,|      ,↴      ,|      ,|      ,↴      ,|      ,|      ,|      ,↴      ,|      ,|      ,↴      ,|      ,|      ,|      ,|      ,|      ,↴      ,|      ,|      ,|      ,|      ,|      ,↴      ,|      ,|      ,|      ,|      ,|      ,↴      ,|      ,|      ,|      ,|      ,|      ,↴      ,|      ,|      ,|      ,|      ,|      ,↴      ,|      ,|      ,|      ,↴      ,|      ,|      ,↴      ,|      ,|      ,|      ,↴      ,|      ,|      ,↴      ,|      ,|      ,|      ,↴      ,|      ,|      ,↴      ,|      ,|      ,|      ,↴      ,|      ,|      ,↴      ,|      ,|      ,|      ,↴      ,|      ,|      ,↴      ,|      ,|      ,|      ,↴      ,|      ,|      ,↴      ,|      ,|      ,|      ,↴      ,|      ,|      ,↴      ,|      ,|      ,|      ,↴      ,|      ,|      ,↴      ,|      ,|      ,|      ,↴      ,|      ,|      ,↴      ,|      ,|      ,|      ,↴      ,|      ,|      ,↴      ,|      ,|      ,|      ,|      ,|      ,↴      ,|      ,|      ,|      ,|      ,|      ,↴      ,|      ,|      ,|      ,|      ,|      ,↴      ,|      ,|      
78,SAN JOSE,5:48  ,6:05  ,↳     ,6:12  ,6:24  ,6:26  ,6:30  ,↳     ,6:35  ,6:38  ,↳     ,6:42  ,6:48  ,6:54  ,6:56  ,7:00  ,↳     ,7:05  ,7:08  ,↳     ,7:12  ,7:24  ,7:26  ,7:30  ,↳     ,7:35  ,7:38  ,↳     ,7:42  ,7:48  ,7:54  ,7:56  ,8:00  ,↳     ,8:05  ,8:08  ,↳     ,8:12  ,8:24  ,8:26  ,8:30  ,↳     ,8:35  ,8:38  ,↳     ,8:42  ,8:48  ,8:54  ,8:56  ,9:00  ,↳     ,9:05  ,9:08  ,↳     ,9:12  ,9:24  ,9:26  ,9:30  ,↳     ,9:35  ,9:38  ,↳     ,9:42  ,9:48  ,9:54  ,9:56  ,10:00  ,↳     ,10:05  ,10:08  ,↳     ,10:12  ,10:24  ,10:26  ,10:30  ,↳     ,10:35  ,10:38  ,↳     ,10:42  ,10:56  ,11:00  ,↳     ,11:05  ,11:08  ,↳     ,11:12  ,11:26  ,11:30  ,11:38  ,12:05  ,↳     ,12:12  ,12:26  ,12:30  ,12:38  ,13:05  ,↳     ,13:12  ,13:26  ,13:30  ,13:38  ,14:05  ,↳     ,14:12  ,14:26  ,14:30  ,14:38  ,15:05  ,↳     ,15:12  ,15:26  ,15:30  ,15:38  ,16:05  ,↳     ,16:12  ,16:26  ,16:30  ,↳     ,16:35  ,16:38  ,↳     ,16:42  ,16:56  ,17:00  ,↳     ,17:05  ,17:08  ,↳     ,17:12  ,17:26  ,17:30  ,↳     ,17:35  ,17:38  ,↳     ,17:42  ,17:56  ,18:00  ,↳     ,18:05  ,18:08  ,↳     ,18:12  ,18:26  ,18:30  ,↳     ,18:35  ,18:38  ,↳     ,18:42  ,18:56  ,19:00  ,↳     ,19:05  ,19:08  ,↳     ,19:12  ,19:26  ,19:30  ,↳     ,19:35  ,19:38  ,↳     ,19:42  ,19:56  ,20:00  ,↳     ,20:05  ,20:08  ,↳     ,20:12  ,20:26  ,20:30  ,↳     ,20:35  ,20:38  ,↳     ,20:42  ,20:56  ,21:00  ,↳     ,21:05  ,21:08  ,↳     ,21:12  ,21:26  ,21:30  ,21:38  ,22:05  ,↳     ,22:12  ,22:26  ,22:30  ,22:38  ,23:05  ,↳     ,23:12  ,23:26  ,23:30  ,23:38  ,0:05  ,↳     ,0:12  ,0:26  ,0:30  ,0:38  
81,TAMIEN (HSR) $,|      ,|      ,  ,|      ,|      ,o 6:29  ,o 6:33  ,  ,|      ,o 6:41  ,  ,|      ,|      ,|      ,o 6:59  ,o 7:03  ,  ,|      ,o 7:11  ,  ,|      ,|      ,o 7:29  ,o 7:33  ,  ,|      ,o 7:41  ,  ,|      ,|      ,|      ,o 7:59  ,o 8:03  ,  ,|      ,o 8:11  ,  ,|      ,|      ,o 8:29  ,o 8:33  ,  ,|      ,o 8:41  ,  ,|      ,|      ,|      ,o 8:59  ,o 9:03  ,  ,|      ,o 9:11  ,  ,|      ,|      ,o 9:29  ,o 9:33  ,  ,|      ,o 9:41  ,  ,|      ,|      ,|      ,o 9:59  ,o 10:03  ,  ,|      ,o 10:11  ,  ,|      ,|      ,o 10:29  ,o 10:33  ,  ,|      ,o 10:41  ,  ,|      ,o 10:59  ,o 11:03  ,  ,|      ,o 11:11  ,  ,|      ,o 11:29  ,o 11:33  ,o 11:41  ,|      ,  ,|      ,o 12:29  ,o 12:33  ,o 12:41  ,|      ,  ,|      ,o 13:29  ,o 13:33  ,o 13:41  ,|      ,  ,|      ,o 14:29  ,o 14:33  ,o 14:41  ,|      ,  ,|      ,o 15:29  ,o 15:33  ,o 15:41  ,|      ,  ,|      ,16:30  ,o 16:33  ,  ,|      ,o 16:41  ,  ,|      ,17:00  ,o 17:03  ,  ,|      ,o 17:11  ,  ,|      ,17:30  ,o 17:33  ,  ,|      ,o 17:41  ,  ,|      ,18:00  ,o 18:03  ,  ,|      ,o 18:11  ,  ,|      ,18:30  ,o 18:33  ,  ,|      ,o 18:41  ,  ,|      ,19:00  ,o 19:03  ,  ,|      ,o 19:11  ,  ,|      ,19:30  ,o 19:33  ,  ,|      ,o 19:41  ,  ,|      ,20:00  ,o 20:03  ,  ,|      ,o 20:11  ,  ,|      ,20:30  ,o 20:33  ,  ,|      ,o 20:41  ,  ,|      ,21:00  ,o 21:03  ,  ,|      ,o 21:11  ,  ,|      ,o 21:29  ,o 21:33  ,o 21:41  ,|      ,  ,|      ,o 22:29  ,o 22:33  ,o 22:41  ,|      ,  ,|      ,o 23:29  ,o 23:33  ,o 23:41  ,|      ,  ,|      ,o 0:29  ,o 0:33  ,o 0:41  
86,CAPITOL (HSR) $,|      ,|      ,  ,|      ,|      ,  ,  ,  ,|      ,  ,  ,|      ,|      ,|      ,  ,  ,  ,|      ,  ,  ,|      ,|      ,  ,  ,  ,|      ,  ,  ,|      ,|      ,|      ,  ,  ,  ,|      ,  ,  ,|      ,|      ,  ,  ,  ,|      ,  ,  ,|      ,|      ,|      ,  ,  ,  ,|      ,  ,  ,|      ,|      ,  ,  ,  ,|      ,  ,  ,|      ,|      ,|      ,  ,  ,  ,|      ,  ,  ,|      ,|      ,  ,  ,  ,|      ,  ,  ,|      ,  ,  ,  ,|      ,  ,  ,|      ,  ,  ,  ,|      ,  ,|      ,  ,  ,  ,|      ,  ,|      ,  ,  ,  ,|      ,  ,|      ,  ,  ,  ,|      ,  ,|      ,  ,  ,  ,|      ,  ,|      ,16:34  ,  ,  ,|      ,  ,  ,|      ,17:04  ,  ,  ,|      ,  ,  ,|      ,17:34  ,  ,  ,|      ,  ,  ,|      ,18:04  ,  ,  ,|      ,  ,  ,|      ,18:34  ,  ,  ,|      ,  ,  ,|      ,19:04  ,  ,  ,|      ,  ,  ,|      ,19:34  ,  ,  ,|      ,  ,  ,|      ,20:04  ,  ,  ,|      ,  ,  ,|      ,20:34  ,  ,  ,|      ,  ,  ,|      ,21:04  ,  ,  ,|      ,  ,  ,|      ,  ,  ,  ,|      ,  ,|      ,  ,  ,  ,|      ,  ,|      ,  ,  ,  ,|      ,  ,|      ,  ,  ,  
91,BLOSSOM HILL (HSR) $,|      ,|      ,  ,|      ,|      ,  ,  ,  ,|      ,  ,  ,|      ,|      ,|      ,  ,  ,  ,|      ,  ,  ,|      ,|      ,  ,  ,  ,|      ,  ,  ,|      ,|      ,|      ,  ,  ,  ,|      ,  ,  ,|      ,|      ,  ,  ,  ,|      ,  ,  ,|      ,|      ,|      ,  ,  ,  ,|      ,  ,  ,|      ,|      ,  ,  ,  ,|      ,  ,  ,|      ,|      ,|      ,  ,  ,  ,|      ,  ,  ,|      ,|      ,  ,  ,  ,|      ,  ,  ,|      ,  ,  ,  ,|      ,  ,  ,|      ,  ,  ,  ,|      ,  ,|      ,  ,  ,  ,|      ,  ,|      ,  ,  ,  ,|      ,  ,|      ,  ,  ,  ,|      ,  ,|      ,  ,  ,  ,|      ,  ,|      ,|      ,  ,  ,|      ,  ,  ,|      ,17:08  ,  ,  ,|      ,  ,  ,|      ,|      ,  ,  ,|      ,  ,  ,|      ,18:08  ,  ,  ,|      ,  ,  ,|      ,|      ,  ,  ,|      ,  ,  ,|      ,19:08  ,  ,  ,|      ,  ,  ,|      ,|      ,  ,  ,|      ,  ,  ,|      ,20:08  ,  ,  ,|      ,  ,  ,|      ,|      ,  ,  ,|      ,  ,  ,|      ,21:08  ,  ,  ,|      ,  ,  ,|      ,  ,  ,  ,|      ,  ,|      ,  ,  ,  ,|      ,  ,|      ,  ,  ,  ,|      ,  ,|      ,  ,  ,  
110,MORGAN HILL (HSR) $,|      ,|      ,  ,|      ,|      ,  ,  ,  ,|      ,  ,  ,|      ,|      ,|      ,  ,  ,  ,|      ,  ,  ,|      ,|      ,  ,  ,  ,|      ,  ,  ,|      ,|      ,|      ,  ,  ,  ,|      ,  ,  ,|      ,|      ,  ,  ,  ,|      ,  ,  ,|      ,|      ,|      ,  ,  ,  ,|      ,  ,  ,|      ,|      ,  ,  ,  ,|      ,  ,  ,|      ,|      ,|      ,  ,  ,  ,|      ,  ,  ,|      ,|      ,  ,  ,  ,|      ,  ,  ,|      ,  ,  ,  ,|      ,  ,  ,|      ,  ,  ,  ,|      ,  ,|      ,  ,  ,  ,|      ,  ,|      ,  ,  ,  ,|      ,  ,|      ,  ,  ,  ,|      ,  ,|      ,  ,  ,  ,|      ,  ,|      ,16:48  ,  ,  ,|      ,  ,  ,|      ,|      ,  ,  ,|      ,  ,  ,|      ,17:48  ,  ,  ,|      ,  ,  ,|      ,|      ,  ,  ,|      ,  ,  ,|      ,18:48  ,  ,  ,|      ,  ,  ,|      ,|      ,  ,  ,|      ,  ,  ,|      ,19:48  ,  ,  ,|      ,  ,  ,|      ,|      ,  ,  ,|      ,  ,  ,|      ,20:48  ,  ,  ,|      ,  ,  ,|      ,|      ,  ,  ,|      ,  ,  ,|      ,  ,  ,  ,|      ,  ,|      ,  ,  ,  ,|      ,  ,|      ,  ,  ,  ,|      ,  ,|      ,  ,  ,  
116,SAN MARTIIN (HSR) $,|      ,|      ,  ,|      ,|      ,  ,  ,  ,|      ,  ,  ,|      ,|      ,|      ,  ,  ,  ,|      ,  ,  ,|      ,|      ,  ,  ,  ,|      ,  ,  ,|      ,|      ,|      ,  ,  ,  ,|      ,  ,  ,|      ,|      ,  ,  ,  ,|      ,  ,  ,|      ,|      ,|      ,  ,  ,  ,|      ,  ,  ,|      ,|      ,  ,  ,  ,|      ,  ,  ,|      ,|      ,|      ,  ,  ,  ,|      ,  ,  ,|      ,|      ,  ,  ,  ,|      ,  ,  ,|      ,  ,  ,  ,|      ,  ,  ,|      ,  ,  ,  ,|      ,  ,|      ,  ,  ,  ,|      ,  ,|      ,  ,  ,  ,|      ,  ,|      ,  ,  ,  ,|      ,  ,|      ,  ,  ,  ,|      ,  ,|      ,|      ,  ,  ,|      ,  ,  ,|      ,|      ,  ,  ,|      ,  ,  ,|      ,|      ,  ,  ,|      ,  ,  ,|      ,|      ,  ,  ,|      ,  ,  ,|      ,|      ,  ,  ,|      ,  ,  ,|      ,|      ,  ,  ,|      ,  ,  ,|      ,|      ,  ,  ,|      ,  ,  ,|      ,|      ,  ,  ,|      ,  ,  ,|      ,|      ,  ,  ,|      ,  ,  ,|      ,|      ,  ,  ,|      ,  ,  ,|      ,  ,  ,  ,|      ,  ,|      ,  ,  ,  ,|      ,  ,|      ,  ,  ,  ,|      ,  ,|      ,  ,  ,  
126,GILROY (HSR) $,6:13  ,6:31  ,  ,6:37  ,6:49  ,  ,  ,  ,7:01  ,  ,  ,7:07  ,7:13  ,7:19  ,  ,  ,  ,7:31  ,  ,  ,7:37  ,7:49  ,  ,  ,  ,8:01  ,  ,  ,8:07  ,8:13  ,8:19  ,  ,  ,  ,8:31  ,  ,  ,8:37  ,8:49  ,  ,  ,  ,9:01  ,  ,  ,9:07  ,9:13  ,9:19  ,  ,  ,  ,9:31  ,  ,  ,9:37  ,9:49  ,  ,  ,  ,10:01  ,  ,  ,10:07  ,10:13  ,10:19  ,  ,  ,  ,10:31  ,  ,  ,10:37  ,10:49  ,  ,  ,  ,11:01  ,  ,  ,11:07  ,  ,  ,  ,11:31  ,  ,  ,11:37  ,  ,  ,  ,12:31  ,  ,12:37  ,  ,  ,  ,13:31  ,  ,13:37  ,  ,  ,  ,14:31  ,  ,14:37  ,  ,  ,  ,15:31  ,  ,15:37  ,  ,  ,  ,16:31  ,  ,16:37  ,o 16:56  ,  ,  ,17:01  ,  ,  ,17:07  ,o 17:26  ,  ,  ,17:31  ,  ,  ,17:37  ,o 17:56  ,  ,  ,18:01  ,  ,  ,18:07  ,o 18:26  ,  ,  ,18:31  ,  ,  ,18:37  ,o 18:56  ,  ,  ,19:01  ,  ,  ,19:07  ,o 19:26  ,  ,  ,19:31  ,  ,  ,19:37  ,o 19:56  ,  ,  ,20:01  ,  ,  ,20:07  ,o 20:26  ,  ,  ,20:31  ,  ,  ,20:37  ,o 20:56  ,  ,  ,21:01  ,  ,  ,21:07  ,o 21:26  ,  ,  ,21:31  ,  ,  ,21:37  ,  ,  ,  ,22:31  ,  ,22:37  ,  ,  ,  ,23:31  ,  ,23:37  ,  ,  ,  ,0:31  ,  ,0:37  ,  ,  ,  