km,From:,REG (C-LCL),REG (CT-LCL),REG (C-LCL),REG (C-LCL),REG (C-EXP),REG (C-LCL),REG (CT-LCL),REG (C-LCL),REG (C-LCL),REG (C-EXP),REG (C-LCL),REG (CT-LCL),REG (C-LCL),REG (C-EXP),HSR,REG (C-LCL),REG (C-EXP),REG (C-LCL),REG (CT-LCL),REG (C-LCL),REG (C-EXP),HSR,REG (C-LCL),REG (C-EXP),REG (C-LCL),REG (CT-LCL),HSR,REG (C-LCL),REG (C-EXP),HSR,REG (C-LCL),REG (C-EXP),REG (C-LCL),REG (CT-LCL),HSR,REG (C-LCL),REG (C-EXP),HSR,REG (C-LCL),REG (C-EXP),REG (C-LCL),REG (CT-LCL),HSR,REG (C-LCL),REG (C-EXP),HSR,REG (C-LCL),REG (C-EXP),REG (C-LCL),REG (CT-LCL),REG (C-LCL),REG (C-EXP),HSR,REG (C-LCL),REG (C-EXP),REG (C-LCL),REG (CT-LCL),HSR,REG (C-LCL),REG (C-EXP),HSR,REG (C-LCL),REG (C-EXP),REG (C-LCL),REG (CT-LCL),HSR,REG (C-LCL),REG (C-EXP),HSR,REG (C-LCL),REG (C-EXP),REG (C-LCL),REG (CT-LCL),HSR,REG (C-LCL),REG (C-EXP),HSR,REG (C-LCL),REG (C-EXP),REG (C-LCL),REG (CT-LCL),REG (C-LCL),REG (C-EXP),HSR,REG (C-LCL),REG (C-EXP),REG (C-LCL),REG (CT-LCL),HSR,REG (C-LCL),REG (C-EXP),HSR,REG (C-LCL),REG (C-EXP),REG (C-LCL),REG (CT-LCL),HSR,REG (C-LCL),REG (C-EXP),HSR,REG (C-LCL),REG (C-EXP),REG (C-LCL),REG (CT-LCL),HSR,REG (C-LCL),REG (C-EXP),HSR,REG (C-LCL),REG (C-EXP),REG (C-LCL),REG (CT-LCL),REG (C-LCL),REG (C-EXP),HSR,REG (C-LCL),REG (C-EXP),REG (C-LCL),REG (CT-LCL),HSR,REG (C-LCL),REG (C-EXP),HSR,REG (C-LCL),REG (C-EXP),REG (C-LCL),REG (CT-LCL),HSR,REG (C-LCL),REG (C-EXP),HSR,REG (C-LCL),REG (C-EXP),REG (C-LCL),REG (CT-LCL),HSR,REG (C-LCL),REG (C-EXP),HSR,REG (C-LCL),REG (C-EXP),REG (C-LCL),REG (CT-LCL),REG (C-LCL),REG (C-EXP),HSR,HSR,REG (C-LCL),REG (C-EXP),REG (C-LCL),REG (C-EXP),HSR,HSR,REG (C-LCL),REG (C-EXP),REG (C-EXP),HSR,HSR,REG (C-LCL),REG (C-EXP),REG (C-EXP),HSR,REG (C-EXP),REG (C-LCL),REG (C-EXP),HSR,HSR,REG (C-EXP),REG (C-LCL),REG (C-EXP),HSR,HSR,REG (C-LCL),REG (C-EXP),REG (C-LCL),REG (C-EXP),HSR,REG (C-EXP),HSR,REG (C-EXP),REG (C-LCL),REG (C-EXP),HSR,HSR,REG (C-EXP),REG (C-LCL),REG (C-EXP),HSR,HSR,REG (C-LCL),REG (C-EXP),REG (C-LCL),REG (C-EXP),HSR,REG (C-EXP),HSR,REG (C-EXP),REG (C-LCL),REG (C-EXP),HSR,HSR,REG (C-EXP),REG (C-LCL),REG (C-EXP),HSR,HSR,REG (C-LCL),REG (C-EXP),REG (C-LCL),REG (C-EXP),HSR,REG (C-EXP),HSR,REG (C-EXP),REG (C-LCL),REG (C-EXP),HSR,HSR,REG (C-EXP),REG (C-LCL),REG (C-EXP),HSR,HSR,REG (C-LCL),REG (C-EXP),REG (C-LCL),REG (C-EXP),HSR,REG (C-EXP),HSR,REG (C-EXP),REG (C-LCL),REG (C-EXP),HSR,REG (C-EXP),REG (C-LCL),REG (CT-LCL),HSR,REG (C-LCL),REG (C-EXP),HSR,REG (C-LCL),REG (C-EXP),REG (C-LCL),REG (CT-LCL),HSR,REG (C-LCL),REG (C-LCL),REG (C-EXP),REG (C-LCL),REG (CT-LCL),HSR
,,200,,1,200,400,1,,102,1,302,102,,2,402,1,102,402,2,500,202,304,904,2,304,202,502,,3,404,2,202,404,3,504,,104,306,906,3,306,104,506,700,4,406,3,104,406,4,508,204,308,908,4,308,204,510,704,5,408,4,204,408,5,512,706,106,310,910,5,310,106,514,708,6,410,5,106,410,6,516,206,312,912,6,312,206,518,712,7,412,6,206,412,7,520,714,108,314,914,7,314,108,522,716,8,414,7,108,414,8,524,208,316,916,8,316,208,526,720,9,416,8,208,416,9,528,722,110,318,918,9,318,110,530,724,10,418,9,110,418,10,,210,320,920,728,10,320,11,420,10,730,210,420,322,922,,11,322,422,11,422,212,324,924,,324,13,424,12,,212,424,13,326,,426,13,426,214,328,928,,328,15,428,14,,214,428,15,330,,430,15,430,216,332,932,,332,17,432,16,,216,432,17,334,,434,17,434,218,336,936,,336,19,436,18,,218,436,19,338,,438,19,438,220,340,940,340,220,,,21,440,20,220,440,21,,,122,21,342,122,,
0,GILROY (HSR) $,  ,  ,  ,  ,  ,  ,  ,  ,  ,5:11  ,  ,  ,  ,  ,5:35  ,  ,  ,  ,  ,  ,5:41  ,5:50  ,  ,  ,  ,  ,5:54  ,  ,  ,6:05  ,  ,  ,  ,  ,6:09  ,  ,6:11  ,6:20  ,  ,  ,  ,  ,6:24  ,  ,  ,6:35  ,  ,  ,  ,  ,  ,6:41  ,6:50  ,  ,  ,  ,  ,6:54  ,  ,  ,7:05  ,  ,  ,  ,  ,7:09  ,  ,7:11  ,7:20  ,  ,  ,  ,  ,7:24  ,  ,  ,7:35  ,  ,  ,  ,  ,  ,7:41  ,7:50  ,  ,  ,  ,  ,7:54  ,  ,  ,8:05  ,  ,  ,  ,  ,8:09  ,  ,8:11  ,8:20  ,  ,  ,  ,  ,8:24  ,  ,  ,8:35  ,  ,  ,  ,  ,  ,8:41  ,8:50  ,  ,  ,  ,  ,8:54  ,  ,  ,9:05  ,  ,  ,  ,  ,9:09  ,  ,9:11  ,9:20  ,  ,  ,  ,  ,9:24  ,  ,  ,9:35  ,  ,  ,  ,  ,  ,9:41  ,9:50  ,9:54  ,  ,  ,  ,  ,10:05  ,10:09  ,  ,  ,10:11  ,10:20  ,10:24  ,  ,  ,  ,10:35  ,  ,  ,10:41  ,10:50  ,10:54  ,  ,  ,  ,11:05  ,11:09  ,  ,  ,  ,11:11  ,11:24  ,  ,11:35  ,  ,  ,11:41  ,11:50  ,11:54  ,  ,  ,  ,12:05  ,12:09  ,  ,  ,  ,12:11  ,12:24  ,  ,12:35  ,  ,  ,12:41  ,12:50  ,12:54  ,  ,  ,  ,13:05  ,13:09  ,  ,  ,  ,13:11  ,13:24  ,  ,13:35  ,  ,  ,13:41  ,13:50  ,13:54  ,  ,  ,  ,14:05  ,14:09  ,  ,  ,  ,14:11  ,14:24  ,  ,14:35  ,  ,  ,14:41  ,14:50  ,  ,  ,  ,14:54  ,  ,  ,15:05  ,  ,  ,  ,  ,15:09  ,  ,  ,15:11  ,  ,  ,15:24  
10,SAN MARTIIN (HSR) $,  ,  ,  ,  ,  ,  ,  ,  ,  ,|      ,  ,  ,  ,  ,|      ,  ,  ,  ,  ,  ,|      ,|      ,  ,  ,  ,  ,|      ,  ,  ,|      ,  ,  ,  ,  ,|      ,  ,|      ,|      ,  ,  ,  ,  ,|      ,  ,  ,|      ,  ,  ,  ,  ,  ,|      ,|      ,  ,  ,  ,  ,|      ,  ,  ,|      ,  ,  ,  ,  ,|      ,  ,|      ,|      ,  ,  ,  ,  ,|      ,  ,  ,|      ,  ,  ,  ,  ,  ,|      ,|      ,  ,  ,  ,  ,|      ,  ,  ,|      ,  ,  ,  ,  ,|      ,  ,|      ,|      ,  ,  ,  ,  ,|      ,  ,  ,|      ,  ,  ,  ,  ,  ,|      ,|      ,  ,  ,  ,  ,|      ,  ,  ,|      ,  ,  ,  ,  ,|      ,  ,|      ,|      ,  ,  ,  ,  ,|      ,  ,  ,|      ,  ,  ,  ,  ,  ,|      ,|      ,|      ,  ,  ,  ,  ,|      ,|      ,  ,  ,|      ,|      ,|      ,  ,  ,  ,|      ,  ,  ,|      ,|      ,|      ,  ,  ,  ,|      ,|      ,  ,  ,  ,|      ,|      ,  ,|      ,  ,  ,|      ,|      ,|      ,  ,  ,  ,|      ,|      ,  ,  ,  ,|      ,|      ,  ,|      ,  ,  ,|      ,|      ,|      ,  ,  ,  ,|      ,|      ,  ,  ,  ,|      ,|      ,  ,|      ,  ,  ,|      ,|      ,|      ,  ,  ,  ,|      ,|      ,  ,  ,  ,|      ,|      ,  ,|      ,  ,  ,|      ,|      ,  ,  ,  ,|      ,  ,  ,|      ,  ,  ,  ,  ,|      ,  ,  ,|      ,  ,  ,|      
16,MORGAN HILL (HSR) $,  ,  ,  ,  ,  ,  ,  ,  ,  ,5:21  ,  ,  ,  ,  ,|      ,  ,  ,  ,  ,  ,5:51  ,|      ,  ,  ,  ,  ,|      ,  ,  ,|      ,  ,  ,  ,  ,|      ,  ,6:21  ,|      ,  ,  ,  ,  ,|      ,  ,  ,|      ,  ,  ,  ,  ,  ,6:51  ,|      ,  ,  ,  ,  ,|      ,  ,  ,|      ,  ,  ,  ,  ,|      ,  ,7:21  ,|      ,  ,  ,  ,  ,|      ,  ,  ,|      ,  ,  ,  ,  ,  ,7:51  ,|      ,  ,  ,  ,  ,|      ,  ,  ,|      ,  ,  ,  ,  ,|      ,  ,8:21  ,|      ,  ,  ,  ,  ,|      ,  ,  ,|      ,  ,  ,  ,  ,  ,8:51  ,|      ,  ,  ,  ,  ,|      ,  ,  ,|      ,  ,  ,  ,  ,|      ,  ,9:21  ,|      ,  ,  ,  ,  ,|      ,  ,  ,|      ,  ,  ,  ,  ,  ,9:51  ,|      ,|      ,  ,  ,  ,  ,|      ,|      ,  ,  ,10:21  ,|      ,|      ,  ,  ,  ,|      ,  ,  ,10:51  ,|      ,|      ,  ,  ,  ,|      ,|      ,  ,  ,  ,11:21  ,|      ,  ,|      ,  ,  ,11:51  ,|      ,|      ,  ,  ,  ,|      ,|      ,  ,  ,  ,12:21  ,|      ,  ,|      ,  ,  ,12:51  ,|      ,|      ,  ,  ,  ,|      ,|      ,  ,  ,  ,13:21  ,|      ,  ,|      ,  ,  ,13:51  ,|      ,|      ,  ,  ,  ,|      ,|      ,  ,  ,  ,14:21  ,|      ,  ,|      ,  ,  ,14:51  ,|      ,  ,  ,  ,|      ,  ,  ,|      ,  ,  ,  ,  ,|      ,  ,  ,15:21  ,  ,  ,|      
35,BLOSSOM HILL (HSR) $,  ,  ,  ,  ,5:14  ,  ,  ,  ,  ,5:30  ,  ,  ,  ,5:44  ,|      ,  ,  ,  ,  ,  ,6:00  ,|      ,  ,  ,  ,  ,|      ,  ,6:14  ,|      ,  ,  ,  ,  ,|      ,  ,6:30  ,|      ,  ,  ,  ,  ,|      ,  ,6:44  ,|      ,  ,  ,  ,  ,  ,7:00  ,|      ,  ,  ,  ,  ,|      ,  ,7:14  ,|      ,  ,  ,  ,  ,|      ,  ,7:30  ,|      ,  ,  ,  ,  ,|      ,  ,7:44  ,|      ,  ,  ,  ,  ,  ,8:00  ,|      ,  ,  ,  ,  ,|      ,  ,8:14  ,|      ,  ,  ,  ,  ,|      ,  ,8:30  ,|      ,  ,  ,  ,  ,|      ,  ,8:44  ,|      ,  ,  ,  ,  ,  ,9:00  ,|      ,  ,  ,  ,  ,|      ,  ,9:14  ,|      ,  ,  ,  ,  ,|      ,  ,9:30  ,|      ,  ,  ,  ,  ,|      ,  ,9:44  ,|      ,  ,  ,  ,  ,  ,10:00  ,|      ,|      ,  ,  ,  ,10:14  ,|      ,|      ,  ,  ,10:30  ,|      ,|      ,  ,  ,10:44  ,|      ,  ,  ,11:00  ,|      ,|      ,  ,  ,11:14  ,|      ,|      ,  ,  ,  ,11:30  ,|      ,11:44  ,|      ,  ,  ,12:00  ,|      ,|      ,  ,  ,12:14  ,|      ,|      ,  ,  ,  ,12:30  ,|      ,12:44  ,|      ,  ,  ,13:00  ,|      ,|      ,  ,  ,13:14  ,|      ,|      ,  ,  ,  ,13:30  ,|      ,13:44  ,|      ,  ,  ,14:00  ,|      ,|      ,  ,  ,14:14  ,|      ,|      ,  ,  ,  ,14:30  ,|      ,14:44  ,|      ,  ,  ,15:00  ,|      ,  ,  ,  ,|      ,  ,15:14  ,|      ,  ,  ,  ,  ,|      ,  ,  ,15:30  ,  ,  ,|      
40,CAPITOL (HSR) $,  ,  ,  ,  ,5:19  ,  ,  ,  ,  ,5:34  ,  ,  ,  ,5:49  ,|      ,  ,  ,  ,  ,  ,6:04  ,|      ,  ,  ,  ,  ,|      ,  ,6:19  ,|      ,  ,  ,  ,  ,|      ,  ,6:34  ,|      ,  ,  ,  ,  ,|      ,  ,6:49  ,|      ,  ,  ,  ,  ,  ,7:04  ,|      ,  ,  ,  ,  ,|      ,  ,7:19  ,|      ,  ,  ,  ,  ,|      ,  ,7:34  ,|      ,  ,  ,  ,  ,|      ,  ,7:49  ,|      ,  ,  ,  ,  ,  ,8:04  ,|      ,  ,  ,  ,  ,|      ,  ,8:19  ,|      ,  ,  ,  ,  ,|      ,  ,8:34  ,|      ,  ,  ,  ,  ,|      ,  ,8:49  ,|      ,  ,  ,  ,  ,  ,9:04  ,|      ,  ,  ,  ,  ,|      ,  ,9:19  ,|      ,  ,  ,  ,  ,|      ,  ,9:34  ,|      ,  ,  ,  ,  ,|      ,  ,9:49  ,|      ,  ,  ,  ,  ,  ,10:04  ,|      ,|      ,  ,  ,  ,10:19  ,|      ,|      ,  ,  ,10:34  ,|      ,|      ,  ,  ,10:49  ,|      ,  ,  ,11:04  ,|      ,|      ,  ,  ,11:19  ,|      ,|      ,  ,  ,  ,11:34  ,|      ,11:49  ,|      ,  ,  ,12:04  ,|      ,|      ,  ,  ,12:19  ,|      ,|      ,  ,  ,  ,12:34  ,|      ,12:49  ,|      ,  ,  ,13:04  ,|      ,|      ,  ,  ,13:19  ,|      ,|      ,  ,  ,  ,13:34  ,|      ,13:49  ,|      ,  ,  ,14:04  ,|      ,|      ,  ,  ,14:19  ,|      ,|      ,  ,  ,  ,14:34  ,|      ,14:49  ,|      ,  ,  ,15:04  ,|      ,  ,  ,  ,|      ,  ,15:19  ,|      ,  ,  ,  ,  ,|      ,  ,  ,15:34  ,  ,  ,|      
45,TAMIEN (HSR) $,5:01  ,5:12  ,5:16  ,  ,5:23  ,  ,5:27  ,5:31  ,  ,5:38  ,  ,5:42  ,5:46  ,5:53  ,|      ,  ,  ,  ,5:57  ,6:01  ,6:08  ,|      ,  ,  ,  ,6:12  ,|      ,6:16  ,6:23  ,|      ,  ,  ,  ,6:27  ,|      ,6:31  ,6:38  ,|      ,  ,  ,  ,6:42  ,|      ,6:46  ,6:53  ,|      ,  ,  ,  ,6:57  ,7:01  ,7:08  ,|      ,  ,  ,  ,7:12  ,|      ,7:16  ,7:23  ,|      ,  ,  ,  ,7:27  ,|      ,7:31  ,7:38  ,|      ,  ,  ,  ,7:42  ,|      ,7:46  ,7:53  ,|      ,  ,  ,  ,7:57  ,8:01  ,8:08  ,|      ,  ,  ,  ,8:12  ,|      ,8:16  ,8:23  ,|      ,  ,  ,  ,8:27  ,|      ,8:31  ,8:38  ,|      ,  ,  ,  ,8:42  ,|      ,8:46  ,8:53  ,|      ,  ,  ,  ,8:57  ,9:01  ,9:08  ,|      ,  ,  ,  ,9:12  ,|      ,9:16  ,9:23  ,|      ,  ,  ,  ,9:27  ,|      ,9:31  ,9:38  ,|      ,  ,  ,  ,9:42  ,|      ,9:46  ,9:53  ,|      ,  ,  ,  ,9:57  ,10:01  ,10:08  ,|      ,|      ,  ,  ,10:16  ,10:23  ,|      ,|      ,  ,  ,10:38  ,|      ,|      ,  ,  ,10:53  ,|      ,  ,11:01  ,11:08  ,|      ,|      ,  ,11:16  ,11:23  ,|      ,|      ,  ,  ,  ,11:38  ,|      ,11:53  ,|      ,  ,12:01  ,12:08  ,|      ,|      ,  ,12:16  ,12:23  ,|      ,|      ,  ,  ,  ,12:38  ,|      ,12:53  ,|      ,  ,13:01  ,13:08  ,|      ,|      ,  ,13:16  ,13:23  ,|      ,|      ,  ,  ,  ,13:38  ,|      ,13:53  ,|      ,  ,14:01  ,14:08  ,|      ,|      ,  ,14:16  ,14:23  ,|      ,|      ,  ,  ,  ,14:38  ,|      ,14:53  ,|      ,  ,15:01  ,15:08  ,|      ,  ,  ,15:12  ,|      ,15:16  ,15:23  ,|      ,  ,  ,  ,15:27  ,|      ,15:31  ,  ,15:38  ,  ,15:42  ,|      
48,SAN JOSE,5:04  ,5:15  ,5:19  ,  ,5:26  ,  ,5:30  ,5:34  ,  ,5:41  ,  ,5:45  ,5:49  ,5:56  ,5:58  ,  ,↴      ,  ,6:00  ,6:04  ,6:11  ,6:13  ,  ,↴      ,  ,6:15  ,6:17  ,6:19  ,6:26  ,6:28  ,  ,↴      ,  ,6:30  ,6:32  ,6:34  ,6:41  ,6:43  ,  ,↴      ,  ,6:45  ,6:47  ,6:49  ,6:56  ,6:58  ,  ,↴      ,  ,7:00  ,7:04  ,7:11  ,7:13  ,  ,↴      ,  ,7:15  ,7:17  ,7:19  ,7:26  ,7:28  ,  ,↴      ,  ,7:30  ,7:32  ,7:34  ,7:41  ,7:43  ,  ,↴      ,  ,7:45  ,7:47  ,7:49  ,7:56  ,7:58  ,  ,↴      ,  ,8:00  ,8:04  ,8:11  ,8:13  ,  ,↴      ,  ,8:15  ,8:17  ,8:19  ,8:26  ,8:28  ,  ,↴      ,  ,8:30  ,8:32  ,8:34  ,8:41  ,8:43  ,  ,↴      ,  ,8:45  ,8:47  ,8:49  ,8:56  ,8:58  ,  ,↴      ,  ,9:00  ,9:04  ,9:11  ,9:13  ,  ,↴      ,  ,9:15  ,9:17  ,9:19  ,9:26  ,9:28  ,  ,↴      ,  ,9:30  ,9:32  ,9:34  ,9:41  ,9:43  ,  ,↴      ,  ,9:45  ,9:47  ,9:49  ,9:56  ,9:58  ,  ,↴      ,  ,10:00  ,10:04  ,10:11  ,10:13  ,10:17  ,  ,↴      ,10:19  ,10:26  ,10:28  ,10:32  ,  ,↴      ,10:41  ,10:43  ,10:47  ,  ,↴      ,10:56  ,10:58  ,↴      ,11:04  ,11:11  ,11:13  ,11:17  ,↴      ,11:19  ,11:26  ,11:28  ,11:32  ,  ,↴      ,  ,11:41  ,11:47  ,11:56  ,11:58  ,↴      ,12:04  ,12:11  ,12:13  ,12:17  ,↴      ,12:19  ,12:26  ,12:28  ,12:32  ,  ,↴      ,  ,12:41  ,12:47  ,12:56  ,12:58  ,↴      ,13:04  ,13:11  ,13:13  ,13:17  ,↴      ,13:19  ,13:26  ,13:28  ,13:32  ,  ,↴      ,  ,13:41  ,13:47  ,13:56  ,13:58  ,↴      ,14:04  ,14:11  ,14:13  ,14:17  ,↴      ,14:19  ,14:26  ,14:28  ,14:32  ,  ,↴      ,  ,14:41  ,14:47  ,14:56  ,14:58  ,↴      ,15:04  ,15:11  ,15:13  ,↴      ,  ,15:15  ,15:17  ,15:19  ,15:26  ,15:28  ,  ,↴      ,  ,15:30  ,15:32  ,15:34  ,  ,15:41  ,  ,15:45  ,15:47  
,SAN JOSE,5:06  ,5:19  ,5:21  ,  ,5:32  ,  ,5:34  ,5:36  ,  ,5:47  ,  ,5:49  ,5:51  ,↳     ,6:00  ,  ,6:02  ,  ,6:04  ,6:06  ,↳     ,6:15  ,  ,6:17  ,  ,6:19  ,  ,6:21  ,↳     ,6:30  ,  ,6:32  ,  ,6:34  ,  ,6:36  ,↳     ,6:45  ,  ,6:47  ,  ,6:49  ,  ,6:51  ,↳     ,7:00  ,  ,7:02  ,  ,7:04  ,7:06  ,↳     ,7:15  ,  ,7:17  ,  ,7:19  ,  ,7:21  ,↳     ,7:30  ,  ,7:32  ,  ,7:34  ,  ,7:36  ,↳     ,7:45  ,  ,7:47  ,  ,7:49  ,  ,7:51  ,↳     ,8:00  ,  ,8:02  ,  ,8:04  ,8:06  ,↳     ,8:15  ,  ,8:17  ,  ,8:19  ,  ,8:21  ,↳     ,8:30  ,  ,8:32  ,  ,8:34  ,  ,8:36  ,↳     ,8:45  ,  ,8:47  ,  ,8:49  ,  ,8:51  ,↳     ,9:00  ,  ,9:02  ,  ,9:04  ,9:06  ,↳     ,9:15  ,  ,9:17  ,  ,9:19  ,  ,9:21  ,↳     ,9:30  ,  ,9:32  ,  ,9:34  ,  ,9:36  ,↳     ,9:45  ,  ,9:47  ,  ,9:49  ,  ,9:51  ,↳     ,10:00  ,  ,10:02  ,  ,10:04  ,10:06  ,↳     ,10:15  ,  ,  ,10:17  ,10:21  ,↳     ,10:30  ,  ,  ,10:32  ,↳     ,10:45  ,  ,  ,10:47  ,↳     ,11:00  ,11:02  ,11:06  ,↳     ,11:15  ,  ,11:17  ,11:21  ,↳     ,11:30  ,  ,  ,11:32  ,  ,11:47  ,  ,↳     ,12:00  ,12:02  ,12:06  ,↳     ,12:15  ,  ,12:17  ,12:21  ,↳     ,12:30  ,  ,  ,12:32  ,  ,12:47  ,  ,↳     ,13:00  ,13:02  ,13:06  ,↳     ,13:15  ,  ,13:17  ,13:21  ,↳     ,13:30  ,  ,  ,13:32  ,  ,13:47  ,  ,↳     ,14:00  ,14:02  ,14:06  ,↳     ,14:15  ,  ,14:17  ,14:21  ,↳     ,14:30  ,  ,  ,14:32  ,  ,14:47  ,  ,↳     ,15:00  ,15:02  ,15:06  ,↳     ,15:15  ,15:17  ,  ,15:19  ,  ,15:21  ,↳     ,15:30  ,  ,15:32  ,  ,15:34  ,  ,15:36  ,  ,15:47  ,  ,15:49  ,  
50,COLLEGE PARK,|      ,|      ,|      ,  ,|      ,  ,|      ,|      ,  ,|      ,  ,|      ,|      ,  ,|      ,  ,|      ,  ,|      ,|      ,  ,|      ,  ,|      ,  ,|      ,  ,|      ,  ,|      ,  ,|      ,  ,|      ,  ,|      ,  ,|      ,  ,|      ,  ,|      ,  ,|      ,  ,|      ,  ,|      ,  ,|      ,|      ,  ,|      ,  ,|      ,  ,|      ,  ,|      ,  ,|      ,  ,|      ,  ,|      ,  ,|      ,  ,|      ,  ,|      ,  ,|      ,  ,|      ,  ,|      ,  ,|      ,  ,|      ,|      ,  ,|      ,  ,|      ,  ,|      ,  ,|      ,  ,|      ,  ,|      ,  ,|      ,  ,|      ,  ,|      ,  ,|      ,  ,|      ,  ,|      ,  ,|      ,  ,|      ,  ,|      ,|      ,  ,|      ,  ,|      ,  ,|      ,  ,|      ,  ,|      ,  ,|      ,  ,|      ,  ,|      ,  ,|      ,  ,|      ,  ,|      ,  ,|      ,  ,|      ,  ,|      ,  ,|      ,|      ,  ,|      ,  ,  ,|      ,|      ,  ,|      ,  ,  ,|      ,  ,|      ,  ,  ,|      ,  ,|      ,|      ,|      ,  ,|      ,  ,|      ,|      ,  ,|      ,  ,  ,|      ,  ,|      ,  ,  ,|      ,|      ,|      ,  ,|      ,  ,|      ,|      ,  ,|      ,  ,  ,|      ,  ,|      ,  ,  ,|      ,|      ,|      ,  ,|      ,  ,|      ,|      ,  ,|      ,  ,  ,|      ,  ,|      ,  ,  ,|      ,|      ,|      ,  ,|      ,  ,|      ,|      ,  ,|      ,  ,  ,|      ,  ,|      ,  ,  ,|      ,|      ,|      ,  ,|      ,|      ,  ,|      ,  ,|      ,  ,|      ,  ,|      ,  ,|      ,  ,|      ,  ,|      ,  ,|      ,  
52,SANTA CLARA,5:12  ,|      ,5:27  ,  ,|      ,  ,|      ,5:42  ,  ,|      ,  ,|      ,5:57  ,  ,|      ,  ,|      ,  ,|      ,6:12  ,  ,|      ,  ,|      ,  ,|      ,  ,6:27  ,  ,|      ,  ,|      ,  ,|      ,  ,6:42  ,  ,|      ,  ,|      ,  ,|      ,  ,6:57  ,  ,|      ,  ,|      ,  ,|      ,7:12  ,  ,|      ,  ,|      ,  ,|      ,  ,7:27  ,  ,|      ,  ,|      ,  ,|      ,  ,7:42  ,  ,|      ,  ,|      ,  ,|      ,  ,7:57  ,  ,|      ,  ,|      ,  ,|      ,8:12  ,  ,|      ,  ,|      ,  ,|      ,  ,8:27  ,  ,|      ,  ,|      ,  ,|      ,  ,8:42  ,  ,|      ,  ,|      ,  ,|      ,  ,8:57  ,  ,|      ,  ,|      ,  ,|      ,9:12  ,  ,|      ,  ,|      ,  ,|      ,  ,9:27  ,  ,|      ,  ,|      ,  ,|      ,  ,9:42  ,  ,|      ,  ,|      ,  ,|      ,  ,9:57  ,  ,|      ,  ,|      ,  ,|      ,10:12  ,  ,|      ,  ,  ,|      ,10:27  ,  ,|      ,  ,  ,|      ,  ,|      ,  ,  ,|      ,  ,|      ,|      ,11:12  ,  ,|      ,  ,|      ,11:27  ,  ,|      ,  ,  ,|      ,  ,|      ,  ,  ,|      ,|      ,12:12  ,  ,|      ,  ,|      ,12:27  ,  ,|      ,  ,  ,|      ,  ,|      ,  ,  ,|      ,|      ,13:12  ,  ,|      ,  ,|      ,13:27  ,  ,|      ,  ,  ,|      ,  ,|      ,  ,  ,|      ,|      ,14:12  ,  ,|      ,  ,|      ,14:27  ,  ,|      ,  ,  ,|      ,  ,|      ,  ,  ,|      ,|      ,15:12  ,  ,|      ,|      ,  ,|      ,  ,15:27  ,  ,|      ,  ,|      ,  ,|      ,  ,15:42  ,  ,|      ,  ,|      ,  
58,LAWRENCE,5:17  ,5:28  ,5:32  ,  ,|      ,  ,5:43  ,5:47  ,  ,|      ,  ,5:58  ,6:02  ,  ,|      ,  ,|      ,  ,6:13  ,6:17  ,  ,|      ,  ,|      ,  ,6:28  ,  ,6:32  ,  ,|      ,  ,|      ,  ,6:43  ,  ,6:47  ,  ,|      ,  ,|      ,  ,6:58  ,  ,7:02  ,  ,|      ,  ,|      ,  ,7:13  ,7:17  ,  ,|      ,  ,|      ,  ,7:28  ,  ,7:32  ,  ,|      ,  ,|      ,  ,7:43  ,  ,7:47  ,  ,|      ,  ,|      ,  ,7:58  ,  ,8:02  ,  ,|      ,  ,|      ,  ,8:13  ,8:17  ,  ,|      ,  ,|      ,  ,8:28  ,  ,8:32  ,  ,|      ,  ,|      ,  ,8:43  ,  ,8:47  ,  ,|      ,  ,|      ,  ,8:58  ,  ,9:02  ,  ,|      ,  ,|      ,  ,9:13  ,9:17  ,  ,|      ,  ,|      ,  ,9:28  ,  ,9:32  ,  ,|      ,  ,|      ,  ,9:43  ,  ,9:47  ,  ,|      ,  ,|      ,  ,9:58  ,  ,10:02  ,  ,|      ,  ,|      ,  ,10:13  ,10:17  ,  ,|      ,  ,  ,|      ,10:32  ,  ,|      ,  ,  ,|      ,  ,|      ,  ,  ,|      ,  ,|      ,|      ,11:17  ,  ,|      ,  ,|      ,11:32  ,  ,|      ,  ,  ,|      ,  ,|      ,  ,  ,|      ,|      ,12:17  ,  ,|      ,  ,|      ,12:32  ,  ,|      ,  ,  ,|      ,  ,|      ,  ,  ,|      ,|      ,13:17  ,  ,|      ,  ,|      ,13:32  ,  ,|      ,  ,  ,|      ,  ,|      ,  ,  ,|      ,|      ,14:17  ,  ,|      ,  ,|      ,14:32  ,  ,|      ,  ,  ,|      ,  ,|      ,  ,  ,|      ,|      ,15:17  ,  ,|      ,|      ,  ,15:28  ,  ,15:32  ,  ,|      ,  ,|      ,  ,15:43  ,  ,15:47  ,  ,|      ,  ,15:58  ,  
61,SUNNYVALE,5:20  ,5:32  ,5:35  ,  ,5:43  ,  ,5:47  ,5:50  ,  ,5:58  ,  ,6:02  ,6:05  ,  ,|      ,  ,6:13  ,  ,6:17  ,6:20  ,  ,|      ,  ,6:28  ,  ,6:32  ,  ,6:35  ,  ,|      ,  ,6:43  ,  ,6:47  ,  ,6:50  ,  ,|      ,  ,6:58  ,  ,7:02  ,  ,7:05  ,  ,|      ,  ,7:13  ,  ,7:17  ,7:20  ,  ,|      ,  ,7:28  ,  ,7:32  ,  ,7:35  ,  ,|      ,  ,7:43  ,  ,7:47  ,  ,7:50  ,  ,|      ,  ,7:58  ,  ,8:02  ,  ,8:05  ,  ,|      ,  ,8:13  ,  ,8:17  ,8:20  ,  ,|      ,  ,8:28  ,  ,8:32  ,  ,8:35  ,  ,|      ,  ,8:43  ,  ,8:47  ,  ,8:50  ,  ,|      ,  ,8:58  ,  ,9:02  ,  ,9:05  ,  ,|      ,  ,9:13  ,  ,9:17  ,9:20  ,  ,|      ,  ,9:28  ,  ,9:32  ,  ,9:35  ,  ,|      ,  ,9:43  ,  ,9:47  ,  ,9:50  ,  ,|      ,  ,9:58  ,  ,10:02  ,  ,10:05  ,  ,|      ,  ,10:13  ,  ,10:17  ,10:20  ,  ,|      ,  ,  ,10:28  ,10:35  ,  ,|      ,  ,  ,10:43  ,  ,|      ,  ,  ,10:58  ,  ,|      ,11:13  ,11:20  ,  ,|      ,  ,11:28  ,11:35  ,  ,|      ,  ,  ,11:43  ,  ,11:58  ,  ,  ,|      ,12:13  ,12:20  ,  ,|      ,  ,12:28  ,12:35  ,  ,|      ,  ,  ,12:43  ,  ,12:58  ,  ,  ,|      ,13:13  ,13:20  ,  ,|      ,  ,13:28  ,13:35  ,  ,|      ,  ,  ,13:43  ,  ,13:58  ,  ,  ,|      ,14:13  ,14:20  ,  ,|      ,  ,14:28  ,14:35  ,  ,|      ,  ,  ,14:43  ,  ,14:58  ,  ,  ,|      ,15:13  ,15:20  ,  ,|      ,15:28  ,  ,15:32  ,  ,15:35  ,  ,|      ,  ,15:43  ,  ,15:47  ,  ,15:50  ,  ,15:58  ,  ,16:02  ,  
65,MOUNTAIN VIEW,5:24  ,5:36  ,5:39  ,  ,5:47  ,  ,5:51  ,5:54  ,  ,6:02  ,  ,6:06  ,6:09  ,  ,|      ,  ,6:17  ,  ,6:21  ,6:24  ,  ,|      ,  ,6:32  ,  ,6:36  ,  ,6:39  ,  ,|      ,  ,6:47  ,  ,6:51  ,  ,6:54  ,  ,|      ,  ,7:02  ,  ,7:06  ,  ,7:09  ,  ,|      ,  ,7:17  ,  ,7:21  ,7:24  ,  ,|      ,  ,7:32  ,  ,7:36  ,  ,7:39  ,  ,|      ,  ,7:47  ,  ,7:51  ,  ,7:54  ,  ,|      ,  ,8:02  ,  ,8:06  ,  ,8:09  ,  ,|      ,  ,8:17  ,  ,8:21  ,8:24  ,  ,|      ,  ,8:32  ,  ,8:36  ,  ,8:39  ,  ,|      ,  ,8:47  ,  ,8:51  ,  ,8:54  ,  ,|      ,  ,9:02  ,  ,9:06  ,  ,9:09  ,  ,|      ,  ,9:17  ,  ,9:21  ,9:24  ,  ,|      ,  ,9:32  ,  ,9:36  ,  ,9:39  ,  ,|      ,  ,9:47  ,  ,9:51  ,  ,9:54  ,  ,|      ,  ,10:02  ,  ,10:06  ,  ,10:09  ,  ,|      ,  ,10:17  ,  ,10:21  ,10:24  ,  ,|      ,  ,  ,10:32  ,10:39  ,  ,|      ,  ,  ,10:47  ,  ,|      ,  ,  ,11:02  ,  ,|      ,11:17  ,11:24  ,  ,|      ,  ,11:32  ,11:39  ,  ,|      ,  ,  ,11:47  ,  ,12:02  ,  ,  ,|      ,12:17  ,12:24  ,  ,|      ,  ,12:32  ,12:39  ,  ,|      ,  ,  ,12:47  ,  ,13:02  ,  ,  ,|      ,13:17  ,13:24  ,  ,|      ,  ,13:32  ,13:39  ,  ,|      ,  ,  ,13:47  ,  ,14:02  ,  ,  ,|      ,14:17  ,14:24  ,  ,|      ,  ,14:32  ,14:39  ,  ,|      ,  ,  ,14:47  ,  ,15:02  ,  ,  ,|      ,15:17  ,15:24  ,  ,|      ,15:32  ,  ,15:36  ,  ,15:39  ,  ,|      ,  ,15:47  ,  ,15:51  ,  ,15:54  ,  ,16:02  ,  ,16:06  ,  
69,SAN ANTONIO,5:27  ,|      ,5:42  ,  ,|      ,  ,|      ,5:57  ,  ,|      ,  ,|      ,6:12  ,  ,|      ,  ,|      ,  ,|      ,6:27  ,  ,|      ,  ,|      ,  ,|      ,  ,6:42  ,  ,|      ,  ,|      ,  ,|      ,  ,6:57  ,  ,|      ,  ,|      ,  ,|      ,  ,7:12  ,  ,|      ,  ,|      ,  ,|      ,7:27  ,  ,|      ,  ,|      ,  ,|      ,  ,7:42  ,  ,|      ,  ,|      ,  ,|      ,  ,7:57  ,  ,|      ,  ,|      ,  ,|      ,  ,8:12  ,  ,|      ,  ,|      ,  ,|      ,8:27  ,  ,|      ,  ,|      ,  ,|      ,  ,8:42  ,  ,|      ,  ,|      ,  ,|      ,  ,8:57  ,  ,|      ,  ,|      ,  ,|      ,  ,9:12  ,  ,|      ,  ,|      ,  ,|      ,9:27  ,  ,|      ,  ,|      ,  ,|      ,  ,9:42  ,  ,|      ,  ,|      ,  ,|      ,  ,9:57  ,  ,|      ,  ,|      ,  ,|      ,  ,10:12  ,  ,|      ,  ,|      ,  ,|      ,10:27  ,  ,|      ,  ,  ,|      ,10:42  ,  ,|      ,  ,  ,|      ,  ,|      ,  ,  ,|      ,  ,|      ,|      ,11:27  ,  ,|      ,  ,|      ,11:42  ,  ,|      ,  ,  ,|      ,  ,|      ,  ,  ,|      ,|      ,12:27  ,  ,|      ,  ,|      ,12:42  ,  ,|      ,  ,  ,|      ,  ,|      ,  ,  ,|      ,|      ,13:27  ,  ,|      ,  ,|      ,13:42  ,  ,|      ,  ,  ,|      ,  ,|      ,  ,  ,|      ,|      ,14:27  ,  ,|      ,  ,|      ,14:42  ,  ,|      ,  ,  ,|      ,  ,|      ,  ,  ,|      ,|      ,15:27  ,  ,|      ,|      ,  ,|      ,  ,15:42  ,  ,|      ,  ,|      ,  ,|      ,  ,15:57  ,  ,|      ,  ,|      ,  
72,CALIFORNIA AVENUE,5:31  ,|      ,5:46  ,  ,|      ,  ,|      ,6:01  ,  ,|      ,  ,|      ,6:16  ,  ,|      ,  ,|      ,  ,|      ,6:31  ,  ,|      ,  ,|      ,  ,|      ,  ,6:46  ,  ,|      ,  ,|      ,  ,|      ,  ,7:01  ,  ,|      ,  ,|      ,  ,|      ,  ,7:16  ,  ,|      ,  ,|      ,  ,|      ,7:31  ,  ,|      ,  ,|      ,  ,|      ,  ,7:46  ,  ,|      ,  ,|      ,  ,|      ,  ,8:01  ,  ,|      ,  ,|      ,  ,|      ,  ,8:16  ,  ,|      ,  ,|      ,  ,|      ,8:31  ,  ,|      ,  ,|      ,  ,|      ,  ,8:46  ,  ,|      ,  ,|      ,  ,|      ,  ,9:01  ,  ,|      ,  ,|      ,  ,|      ,  ,9:16  ,  ,|      ,  ,|      ,  ,|      ,9:31  ,  ,|      ,  ,|      ,  ,|      ,  ,9:46  ,  ,|      ,  ,|      ,  ,|      ,  ,10:01  ,  ,|      ,  ,|      ,  ,|      ,  ,10:16  ,  ,|      ,  ,|      ,  ,|      ,10:31  ,  ,|      ,  ,  ,|      ,10:46  ,  ,|      ,  ,  ,|      ,  ,|      ,  ,  ,|      ,  ,|      ,|      ,11:31  ,  ,|      ,  ,|      ,11:46  ,  ,|      ,  ,  ,|      ,  ,|      ,  ,  ,|      ,|      ,12:31  ,  ,|      ,  ,|      ,12:46  ,  ,|      ,  ,  ,|      ,  ,|      ,  ,  ,|      ,|      ,13:31  ,  ,|      ,  ,|      ,13:46  ,  ,|      ,  ,  ,|      ,  ,|      ,  ,  ,|      ,|      ,14:31  ,  ,|      ,  ,|      ,14:46  ,  ,|      ,  ,  ,|      ,  ,|      ,  ,  ,|      ,|      ,15:31  ,  ,|      ,|      ,  ,|      ,  ,15:46  ,  ,|      ,  ,|      ,  ,|      ,  ,16:01  ,  ,|      ,  ,|      ,  
75,PALO ALTO,5:34  ,5:43  ,5:49  ,  ,5:53  ,  ,5:58  ,6:04  ,  ,6:08  ,  ,6:13  ,6:19  ,  ,|      ,  ,6:23  ,  ,6:28  ,6:34  ,  ,|      ,  ,6:38  ,  ,6:43  ,  ,6:49  ,  ,|      ,  ,6:53  ,  ,6:58  ,  ,7:04  ,  ,|      ,  ,7:08  ,  ,7:13  ,  ,7:19  ,  ,|      ,  ,7:23  ,  ,7:28  ,7:34  ,  ,|      ,  ,7:38  ,  ,7:43  ,  ,7:49  ,  ,|      ,  ,7:53  ,  ,7:58  ,  ,8:04  ,  ,|      ,  ,8:08  ,  ,8:13  ,  ,8:19  ,  ,|      ,  ,8:23  ,  ,8:28  ,8:34  ,  ,|      ,  ,8:38  ,  ,8:43  ,  ,8:49  ,  ,|      ,  ,8:53  ,  ,8:58  ,  ,9:04  ,  ,|      ,  ,9:08  ,  ,9:13  ,  ,9:19  ,  ,|      ,  ,9:23  ,  ,9:28  ,9:34  ,  ,|      ,  ,9:38  ,  ,9:43  ,  ,9:49  ,  ,|      ,  ,9:53  ,  ,9:58  ,  ,10:04  ,  ,|      ,  ,10:08  ,  ,10:13  ,  ,10:19  ,  ,|      ,  ,10:23  ,  ,10:28  ,10:34  ,  ,|      ,  ,  ,10:38  ,10:49  ,  ,|      ,  ,  ,10:53  ,  ,|      ,  ,  ,11:08  ,  ,|      ,11:23  ,11:34  ,  ,|      ,  ,11:38  ,11:49  ,  ,|      ,  ,  ,11:53  ,  ,12:08  ,  ,  ,|      ,12:23  ,12:34  ,  ,|      ,  ,12:38  ,12:49  ,  ,|      ,  ,  ,12:53  ,  ,13:08  ,  ,  ,|      ,13:23  ,13:34  ,  ,|      ,  ,13:38  ,13:49  ,  ,|      ,  ,  ,13:53  ,  ,14:08  ,  ,  ,|      ,14:23  ,14:34  ,  ,|      ,  ,14:38  ,14:49  ,  ,|      ,  ,  ,14:53  ,  ,15:08  ,  ,  ,|      ,15:23  ,15:34  ,  ,|      ,15:38  ,  ,15:43  ,  ,15:49  ,  ,|      ,  ,15:53  ,  ,15:58  ,  ,16:04  ,  ,16:08  ,  ,16:13  ,  
77,MENLO PARK,|      ,|      ,5:52  ,  ,|      ,  ,|      ,6:07  ,  ,|      ,  ,|      ,6:22  ,  ,|      ,  ,|      ,  ,|      ,|      ,  ,|      ,  ,|      ,  ,|      ,  ,6:52  ,  ,|      ,  ,|      ,  ,|      ,  ,7:07  ,  ,|      ,  ,|      ,  ,|      ,  ,7:22  ,  ,|      ,  ,|      ,  ,|      ,|      ,  ,|      ,  ,|      ,  ,|      ,  ,7:52  ,  ,|      ,  ,|      ,  ,|      ,  ,8:07  ,  ,|      ,  ,|      ,  ,|      ,  ,8:22  ,  ,|      ,  ,|      ,  ,|      ,|      ,  ,|      ,  ,|      ,  ,|      ,  ,8:52  ,  ,|      ,  ,|      ,  ,|      ,  ,9:07  ,  ,|      ,  ,|      ,  ,|      ,  ,9:22  ,  ,|      ,  ,|      ,  ,|      ,|      ,  ,|      ,  ,|      ,  ,|      ,  ,9:52  ,  ,|      ,  ,|      ,  ,|      ,  ,10:07  ,  ,|      ,  ,|      ,  ,|      ,  ,10:22  ,  ,|      ,  ,|      ,  ,|      ,|      ,  ,|      ,  ,  ,|      ,10:52  ,  ,|      ,  ,  ,|      ,  ,|      ,  ,  ,|      ,  ,|      ,|      ,|      ,  ,|      ,  ,|      ,11:52  ,  ,|      ,  ,  ,|      ,  ,|      ,  ,  ,|      ,|      ,|      ,  ,|      ,  ,|      ,12:52  ,  ,|      ,  ,  ,|      ,  ,|      ,  ,  ,|      ,|      ,|      ,  ,|      ,  ,|      ,13:52  ,  ,|      ,  ,  ,|      ,  ,|      ,  ,  ,|      ,|      ,|      ,  ,|      ,  ,|      ,14:52  ,  ,|      ,  ,  ,|      ,  ,|      ,  ,  ,|      ,|      ,|      ,  ,|      ,|      ,  ,|      ,  ,15:52  ,  ,|      ,  ,|      ,  ,|      ,  ,16:07  ,  ,|      ,  ,|      ,  
79,ATHERTON,5:38  ,|      ,|      ,  ,|      ,  ,|      ,|      ,  ,|      ,  ,|      ,|      ,  ,|      ,  ,|      ,  ,|      ,6:38  ,  ,|      ,  ,|      ,  ,|      ,  ,|      ,  ,|      ,  ,|      ,  ,|      ,  ,|      ,  ,|      ,  ,|      ,  ,|      ,  ,|      ,  ,|      ,  ,|      ,  ,|      ,7:38  ,  ,|      ,  ,|      ,  ,|      ,  ,|      ,  ,|      ,  ,|      ,  ,|      ,  ,|      ,  ,|      ,  ,|      ,  ,|      ,  ,|      ,  ,|      ,  ,|      ,  ,|      ,8:38  ,  ,|      ,  ,|      ,  ,|      ,  ,|      ,  ,|      ,  ,|      ,  ,|      ,  ,|      ,  ,|      ,  ,|      ,  ,|      ,  ,|      ,  ,|      ,  ,|      ,  ,|      ,9:38  ,  ,|      ,  ,|      ,  ,|      ,  ,|      ,  ,|      ,  ,|      ,  ,|      ,  ,|      ,  ,|      ,  ,|      ,  ,|      ,  ,|      ,  ,|      ,  ,|      ,  ,|      ,10:38  ,  ,|      ,  ,  ,|      ,|      ,  ,|      ,  ,  ,|      ,  ,|      ,  ,  ,|      ,  ,|      ,|      ,11:38  ,  ,|      ,  ,|      ,|      ,  ,|      ,  ,  ,|      ,  ,|      ,  ,  ,|      ,|      ,12:38  ,  ,|      ,  ,|      ,|      ,  ,|      ,  ,  ,|      ,  ,|      ,  ,  ,|      ,|      ,13:38  ,  ,|      ,  ,|      ,|      ,  ,|      ,  ,  ,|      ,  ,|      ,  ,  ,|      ,|      ,14:38  ,  ,|      ,  ,|      ,|      ,  ,|      ,  ,  ,|      ,  ,|      ,  ,  ,|      ,|      ,15:38  ,  ,|      ,|      ,  ,|      ,  ,|      ,  ,|      ,  ,|      ,  ,|      ,  ,|      ,  ,|      ,  ,|      ,  
83,REDWOOD CITY,5:43  ,5:50  ,5:58  ,  ,5:58  ,  ,6:05  ,6:13  ,  ,6:13  ,  ,6:20  ,6:28  ,  ,|      ,  ,6:28  ,  ,6:35  ,6:43  ,  ,|      ,  ,6:43  ,  ,6:50  ,  ,6:58  ,  ,|      ,  ,6:58  ,  ,7:05  ,  ,7:13  ,  ,|      ,  ,7:13  ,  ,7:20  ,  ,7:28  ,  ,|      ,  ,7:28  ,  ,7:35  ,7:43  ,  ,|      ,  ,7:43  ,  ,7:50  ,  ,7:58  ,  ,|      ,  ,7:58  ,  ,8:05  ,  ,8:13  ,  ,|      ,  ,8:13  ,  ,8:20  ,  ,8:28  ,  ,|      ,  ,8:28  ,  ,8:35  ,8:43  ,  ,|      ,  ,8:43  ,  ,8:50  ,  ,8:58  ,  ,|      ,  ,8:58  ,  ,9:05  ,  ,9:13  ,  ,|      ,  ,9:13  ,  ,9:20  ,  ,9:28  ,  ,|      ,  ,9:28  ,  ,9:35  ,9:43  ,  ,|      ,  ,9:43  ,  ,9:50  ,  ,9:58  ,  ,|      ,  ,9:58  ,  ,10:05  ,  ,10:13  ,  ,|      ,  ,10:13  ,  ,10:20  ,  ,10:28  ,  ,|      ,  ,10:28  ,  ,10:35  ,10:43  ,  ,|      ,  ,  ,10:43  ,10:58  ,  ,|      ,  ,  ,10:58  ,  ,|      ,  ,  ,11:13  ,  ,|      ,11:28  ,11:43  ,  ,|      ,  ,11:43  ,11:58  ,  ,|      ,  ,  ,11:58  ,  ,12:13  ,  ,  ,|      ,12:28  ,12:43  ,  ,|      ,  ,12:43  ,12:58  ,  ,|      ,  ,  ,12:58  ,  ,13:13  ,  ,  ,|      ,13:28  ,13:43  ,  ,|      ,  ,13:43  ,13:58  ,  ,|      ,  ,  ,13:58  ,  ,14:13  ,  ,  ,|      ,14:28  ,14:43  ,  ,|      ,  ,14:43  ,14:58  ,  ,|      ,  ,  ,14:58  ,  ,15:13  ,  ,  ,|      ,15:28  ,15:43  ,  ,|      ,15:43  ,  ,15:50  ,  ,15:58  ,  ,|      ,  ,15:58  ,  ,16:05  ,  ,16:13  ,  ,16:13  ,  ,16:20  ,  
86,SAN CARLOS,5:47  ,5:54  ,6:02  ,  ,|      ,  ,6:09  ,6:17  ,  ,|      ,  ,6:24  ,6:32  ,  ,|      ,  ,|      ,  ,6:39  ,6:47  ,  ,|      ,  ,|      ,  ,6:54  ,  ,7:02  ,  ,|      ,  ,|      ,  ,7:09  ,  ,7:17  ,  ,|      ,  ,|      ,  ,7:24  ,  ,7:32  ,  ,|      ,  ,|      ,  ,7:39  ,7:47  ,  ,|      ,  ,|      ,  ,7:54  ,  ,8:02  ,  ,|      ,  ,|      ,  ,8:09  ,  ,8:17  ,  ,|      ,  ,|      ,  ,8:24  ,  ,8:32  ,  ,|      ,  ,|      ,  ,8:39  ,8:47  ,  ,|      ,  ,|      ,  ,8:54  ,  ,9:02  ,  ,|      ,  ,|      ,  ,9:09  ,  ,9:17  ,  ,|      ,  ,|      ,  ,9:24  ,  ,9:32  ,  ,|      ,  ,|      ,  ,9:39  ,9:47  ,  ,|      ,  ,|      ,  ,9:54  ,  ,10:02  ,  ,|      ,  ,|      ,  ,10:09  ,  ,10:17  ,  ,|      ,  ,|      ,  ,10:24  ,  ,10:32  ,  ,|      ,  ,|      ,  ,10:39  ,10:47  ,  ,|      ,  ,  ,|      ,11:02  ,  ,|      ,  ,  ,|      ,  ,|      ,  ,  ,|      ,  ,|      ,|      ,11:47  ,  ,|      ,  ,|      ,12:02  ,  ,|      ,  ,  ,|      ,  ,|      ,  ,  ,|      ,|      ,12:47  ,  ,|      ,  ,|      ,13:02  ,  ,|      ,  ,  ,|      ,  ,|      ,  ,  ,|      ,|      ,13:47  ,  ,|      ,  ,|      ,14:02  ,  ,|      ,  ,  ,|      ,  ,|      ,  ,  ,|      ,|      ,14:47  ,  ,|      ,  ,|      ,15:02  ,  ,|      ,  ,  ,|      ,  ,|      ,  ,  ,|      ,|      ,15:47  ,  ,|      ,|      ,  ,15:54  ,  ,16:02  ,  ,|      ,  ,|      ,  ,16:09  ,  ,16:17  ,  ,|      ,  ,16:24  ,  
88,BELMONT,5:49  ,|      ,6:04  ,  ,|      ,↴      ,|      ,6:19  ,  ,|      ,↴      ,|      ,6:34  ,  ,|      ,  ,|      ,↴      ,|      ,6:49  ,  ,|      ,  ,|      ,↴      ,|      ,  ,7:04  ,  ,|      ,  ,|      ,↴      ,|      ,  ,7:19  ,  ,|      ,  ,|      ,↴      ,|      ,  ,7:34  ,  ,|      ,  ,|      ,↴      ,|      ,7:49  ,  ,|      ,  ,|      ,↴      ,|      ,  ,8:04  ,  ,|      ,  ,|      ,↴      ,|      ,  ,8:19  ,  ,|      ,  ,|      ,↴      ,|      ,  ,8:34  ,  ,|      ,  ,|      ,↴      ,|      ,8:49  ,  ,|      ,  ,|      ,↴      ,|      ,  ,9:04  ,  ,|      ,  ,|      ,↴      ,|      ,  ,9:19  ,  ,|      ,  ,|      ,↴      ,|      ,  ,9:34  ,  ,|      ,  ,|      ,↴      ,|      ,9:49  ,  ,|      ,  ,|      ,↴      ,|      ,  ,10:04  ,  ,|      ,  ,|      ,↴      ,|      ,  ,10:19  ,  ,|      ,  ,|      ,↴      ,|      ,  ,10:34  ,  ,|      ,  ,|      ,↴      ,|      ,10:49  ,  ,|      ,  ,  ,|      ,11:04  ,  ,|      ,  ,↴      ,|      ,  ,|      ,  ,↴      ,|      ,  ,|      ,|      ,11:49  ,  ,|      ,  ,|      ,12:04  ,  ,|      ,  ,↴      ,|      ,↴      ,|      ,  ,  ,|      ,|      ,12:49  ,  ,|      ,  ,|      ,13:04  ,  ,|      ,  ,↴      ,|      ,↴      ,|      ,  ,  ,|      ,|      ,13:49  ,  ,|      ,  ,|      ,14:04  ,  ,|      ,  ,↴      ,|      ,↴      ,|      ,  ,  ,|      ,|      ,14:49  ,  ,|      ,  ,|      ,15:04  ,  ,|      ,  ,↴      ,|      ,↴      ,|      ,  ,  ,|      ,|      ,15:49  ,  ,|      ,|      ,↴      ,|      ,  ,16:04  ,  ,|      ,  ,|      ,↴      ,|      ,  ,16:19  ,  ,|      ,↴      ,|      ,  
91,HILLSDALE,5:53  ,5:58  ,↳     ,  ,6:04  ,6:08  ,6:13  ,↳     ,  ,6:19  ,6:23  ,6:28  ,↳     ,  ,|      ,  ,6:34  ,6:38  ,6:43  ,↳     ,  ,|      ,  ,6:49  ,6:53  ,6:58  ,  ,↳     ,  ,|      ,  ,7:04  ,7:08  ,7:13  ,  ,↳     ,  ,|      ,  ,7:19  ,7:23  ,7:28  ,  ,↳     ,  ,|      ,  ,7:34  ,7:38  ,7:43  ,↳     ,  ,|      ,  ,7:49  ,7:53  ,7:58  ,  ,↳     ,  ,|      ,  ,8:04  ,8:08  ,8:13  ,  ,↳     ,  ,|      ,  ,8:19  ,8:23  ,8:28  ,  ,↳     ,  ,|      ,  ,8:34  ,8:38  ,8:43  ,↳     ,  ,|      ,  ,8:49  ,8:53  ,8:58  ,  ,↳     ,  ,|      ,  ,9:04  ,9:08  ,9:13  ,  ,↳     ,  ,|      ,  ,9:19  ,9:23  ,9:28  ,  ,↳     ,  ,|      ,  ,9:34  ,9:38  ,9:43  ,↳     ,  ,|      ,  ,9:49  ,9:53  ,9:58  ,  ,↳     ,  ,|      ,  ,10:04  ,10:08  ,10:13  ,  ,↳     ,  ,|      ,  ,10:19  ,10:23  ,10:28  ,  ,↳     ,  ,|      ,  ,10:34  ,10:38  ,10:43  ,↳     ,  ,|      ,  ,  ,10:49  ,↳     ,  ,|      ,  ,10:53  ,11:04  ,  ,|      ,  ,11:08  ,11:19  ,  ,|      ,11:34  ,↳     ,  ,|      ,  ,11:49  ,↳     ,  ,|      ,  ,11:53  ,12:04  ,12:08  ,12:19  ,  ,  ,|      ,12:34  ,↳     ,  ,|      ,  ,12:49  ,↳     ,  ,|      ,  ,12:53  ,13:04  ,13:08  ,13:19  ,  ,  ,|      ,13:34  ,↳     ,  ,|      ,  ,13:49  ,↳     ,  ,|      ,  ,13:53  ,14:04  ,14:08  ,14:19  ,  ,  ,|      ,14:34  ,↳     ,  ,|      ,  ,14:49  ,↳     ,  ,|      ,  ,14:53  ,15:04  ,15:08  ,15:19  ,  ,  ,|      ,15:34  ,↳     ,  ,|      ,15:49  ,15:53  ,15:58  ,  ,↳     ,  ,|      ,  ,16:04  ,16:08  ,16:13  ,  ,↳     ,  ,16:19  ,16:23  ,16:28  ,  
93,HAYWARD PARK,5:56  ,6:00  ,  ,  ,|      ,6:11  ,6:15  ,  ,  ,|      ,6:26  ,6:30  ,  ,  ,|      ,  ,|      ,6:41  ,6:45  ,  ,  ,|      ,  ,|      ,6:56  ,7:00  ,  ,  ,  ,|      ,  ,|      ,7:11  ,7:15  ,  ,  ,  ,|      ,  ,|      ,7:26  ,7:30  ,  ,  ,  ,|      ,  ,|      ,7:41  ,7:45  ,  ,  ,|      ,  ,|      ,7:56  ,8:00  ,  ,  ,  ,|      ,  ,|      ,8:11  ,8:15  ,  ,  ,  ,|      ,  ,|      ,8:26  ,8:30  ,  ,  ,  ,|      ,  ,|      ,8:41  ,8:45  ,  ,  ,|      ,  ,|      ,8:56  ,9:00  ,  ,  ,  ,|      ,  ,|      ,9:11  ,9:15  ,  ,  ,  ,|      ,  ,|      ,9:26  ,9:30  ,  ,  ,  ,|      ,  ,|      ,9:41  ,9:45  ,  ,  ,|      ,  ,|      ,9:56  ,10:00  ,  ,  ,  ,|      ,  ,|      ,10:11  ,10:15  ,  ,  ,  ,|      ,  ,|      ,10:26  ,10:30  ,  ,  ,  ,|      ,  ,|      ,10:41  ,10:45  ,  ,  ,|      ,  ,  ,|      ,  ,  ,|      ,  ,10:56  ,|      ,  ,|      ,  ,11:11  ,|      ,  ,|      ,|      ,  ,  ,|      ,  ,|      ,  ,  ,|      ,  ,11:56  ,|      ,12:11  ,|      ,  ,  ,|      ,|      ,  ,  ,|      ,  ,|      ,  ,  ,|      ,  ,12:56  ,|      ,13:11  ,|      ,  ,  ,|      ,|      ,  ,  ,|      ,  ,|      ,  ,  ,|      ,  ,13:56  ,|      ,14:11  ,|      ,  ,  ,|      ,|      ,  ,  ,|      ,  ,|      ,  ,  ,|      ,  ,14:56  ,|      ,15:11  ,|      ,  ,  ,|      ,|      ,  ,  ,|      ,|      ,15:56  ,16:00  ,  ,  ,  ,|      ,  ,|      ,16:11  ,16:15  ,  ,  ,  ,|      ,16:26  ,16:30  ,  
95,SAN MATEO,5:58  ,6:03  ,  ,  ,|      ,6:13  ,6:18  ,  ,  ,|      ,6:28  ,6:33  ,  ,  ,|      ,  ,|      ,6:43  ,6:48  ,  ,  ,|      ,  ,|      ,6:58  ,7:03  ,  ,  ,  ,|      ,  ,|      ,7:13  ,7:18  ,  ,  ,  ,|      ,  ,|      ,7:28  ,7:33  ,  ,  ,  ,|      ,  ,|      ,7:43  ,7:48  ,  ,  ,|      ,  ,|      ,7:58  ,8:03  ,  ,  ,  ,|      ,  ,|      ,8:13  ,8:18  ,  ,  ,  ,|      ,  ,|      ,8:28  ,8:33  ,  ,  ,  ,|      ,  ,|      ,8:43  ,8:48  ,  ,  ,|      ,  ,|      ,8:58  ,9:03  ,  ,  ,  ,|      ,  ,|      ,9:13  ,9:18  ,  ,  ,  ,|      ,  ,|      ,9:28  ,9:33  ,  ,  ,  ,|      ,  ,|      ,9:43  ,9:48  ,  ,  ,|      ,  ,|      ,9:58  ,10:03  ,  ,  ,  ,|      ,  ,|      ,10:13  ,10:18  ,  ,  ,  ,|      ,  ,|      ,10:28  ,10:33  ,  ,  ,  ,|      ,  ,|      ,10:43  ,10:48  ,  ,  ,|      ,  ,  ,|      ,  ,  ,|      ,  ,10:58  ,|      ,  ,|      ,  ,11:13  ,|      ,  ,|      ,|      ,  ,  ,|      ,  ,|      ,  ,  ,|      ,  ,11:58  ,|      ,12:13  ,|      ,  ,  ,|      ,|      ,  ,  ,|      ,  ,|      ,  ,  ,|      ,  ,12:58  ,|      ,13:13  ,|      ,  ,  ,|      ,|      ,  ,  ,|      ,  ,|      ,  ,  ,|      ,  ,13:58  ,|      ,14:13  ,|      ,  ,  ,|      ,|      ,  ,  ,|      ,  ,|      ,  ,  ,|      ,  ,14:58  ,|      ,15:13  ,|      ,  ,  ,|      ,|      ,  ,  ,|      ,|      ,15:58  ,16:03  ,  ,  ,  ,|      ,  ,|      ,16:13  ,16:18  ,  ,  ,  ,|      ,16:28  ,16:33  ,  
97,BURLINGAME,6:01  ,|      ,  ,  ,|      ,|      ,|      ,  ,  ,|      ,6:31  ,|      ,  ,  ,|      ,  ,|      ,|      ,|      ,  ,  ,|      ,  ,|      ,7:01  ,|      ,  ,  ,  ,|      ,  ,|      ,|      ,|      ,  ,  ,  ,|      ,  ,|      ,7:31  ,|      ,  ,  ,  ,|      ,  ,|      ,|      ,|      ,  ,  ,|      ,  ,|      ,8:01  ,|      ,  ,  ,  ,|      ,  ,|      ,|      ,|      ,  ,  ,  ,|      ,  ,|      ,8:31  ,|      ,  ,  ,  ,|      ,  ,|      ,|      ,|      ,  ,  ,|      ,  ,|      ,9:01  ,|      ,  ,  ,  ,|      ,  ,|      ,|      ,|      ,  ,  ,  ,|      ,  ,|      ,9:31  ,|      ,  ,  ,  ,|      ,  ,|      ,|      ,|      ,  ,  ,|      ,  ,|      ,10:01  ,|      ,  ,  ,  ,|      ,  ,|      ,|      ,|      ,  ,  ,  ,|      ,  ,|      ,10:31  ,|      ,  ,  ,  ,|      ,  ,|      ,|      ,|      ,  ,  ,|      ,  ,  ,|      ,  ,  ,|      ,  ,11:01  ,|      ,  ,|      ,  ,|      ,|      ,  ,|      ,|      ,  ,  ,|      ,  ,|      ,  ,  ,|      ,  ,12:01  ,|      ,|      ,|      ,  ,  ,|      ,|      ,  ,  ,|      ,  ,|      ,  ,  ,|      ,  ,13:01  ,|      ,|      ,|      ,  ,  ,|      ,|      ,  ,  ,|      ,  ,|      ,  ,  ,|      ,  ,14:01  ,|      ,|      ,|      ,  ,  ,|      ,|      ,  ,  ,|      ,  ,|      ,  ,  ,|      ,  ,15:01  ,|      ,|      ,|      ,  ,  ,|      ,|      ,  ,  ,|      ,|      ,16:01  ,|      ,  ,  ,  ,|      ,  ,|      ,|      ,|      ,  ,  ,  ,|      ,16:31  ,|      ,  
99,BROADWAY,|      ,|      ,  ,  ,|      ,6:17  ,|      ,  ,  ,|      ,|      ,|      ,  ,  ,|      ,↴      ,|      ,6:47  ,|      ,  ,  ,|      ,↴      ,|      ,|      ,|      ,  ,  ,  ,|      ,↴      ,|      ,7:17  ,|      ,  ,  ,  ,|      ,↴      ,|      ,|      ,|      ,  ,  ,  ,|      ,↴      ,|      ,7:47  ,|      ,  ,  ,|      ,↴      ,|      ,|      ,|      ,  ,  ,  ,|      ,↴      ,|      ,8:17  ,|      ,  ,  ,  ,|      ,↴      ,|      ,|      ,|      ,  ,  ,  ,|      ,↴      ,|      ,8:47  ,|      ,  ,  ,|      ,↴      ,|      ,|      ,|      ,  ,  ,  ,|      ,↴      ,|      ,9:17  ,|      ,  ,  ,  ,|      ,↴      ,|      ,|      ,|      ,  ,  ,  ,|      ,↴      ,|      ,9:47  ,|      ,  ,  ,|      ,↴      ,|      ,|      ,|      ,  ,  ,  ,|      ,↴      ,|      ,10:17  ,|      ,  ,  ,  ,|      ,↴      ,|      ,|      ,|      ,  ,  ,  ,|      ,↴      ,|      ,10:47  ,|      ,  ,  ,|      ,  ,↴      ,|      ,  ,  ,|      ,  ,|      ,|      ,  ,|      ,  ,11:17  ,|      ,  ,|      ,|      ,  ,  ,|      ,  ,|      ,  ,  ,|      ,  ,|      ,|      ,12:17  ,|      ,  ,  ,|      ,|      ,  ,  ,|      ,  ,|      ,  ,  ,|      ,  ,|      ,|      ,13:17  ,|      ,  ,  ,|      ,|      ,  ,  ,|      ,  ,|      ,  ,  ,|      ,  ,|      ,|      ,14:17  ,|      ,  ,  ,|      ,|      ,  ,  ,|      ,  ,|      ,  ,  ,|      ,  ,|      ,|      ,15:17  ,|      ,  ,  ,|      ,|      ,  ,  ,|      ,|      ,|      ,|      ,  ,  ,  ,|      ,↴      ,|      ,16:17  ,|      ,  ,  ,  ,|      ,|      ,|      ,  
101,MILLBRAE,6:05  ,|      ,  ,  ,6:11  ,6:20  ,|      ,  ,  ,6:26  ,↳     ,|      ,  ,  ,6:30  ,6:35  ,6:41  ,↳     ,|      ,  ,  ,6:45  ,6:50  ,6:56  ,↳     ,|      ,  ,  ,  ,7:00  ,7:05  ,7:11  ,↳     ,|      ,  ,  ,  ,7:15  ,7:20  ,7:26  ,↳     ,|      ,  ,  ,  ,7:30  ,7:35  ,7:41  ,↳     ,|      ,  ,  ,7:45  ,7:50  ,7:56  ,↳     ,|      ,  ,  ,  ,8:00  ,8:05  ,8:11  ,↳     ,|      ,  ,  ,  ,8:15  ,8:20  ,8:26  ,↳     ,|      ,  ,  ,  ,8:30  ,8:35  ,8:41  ,↳     ,|      ,  ,  ,8:45  ,8:50  ,8:56  ,↳     ,|      ,  ,  ,  ,9:00  ,9:05  ,9:11  ,↳     ,|      ,  ,  ,  ,9:15  ,9:20  ,9:26  ,↳     ,|      ,  ,  ,  ,9:30  ,9:35  ,9:41  ,↳     ,|      ,  ,  ,9:45  ,9:50  ,9:56  ,↳     ,|      ,  ,  ,  ,10:00  ,10:05  ,10:11  ,↳     ,|      ,  ,  ,  ,10:15  ,10:20  ,10:26  ,↳     ,|      ,  ,  ,  ,10:30  ,10:35  ,10:41  ,↳     ,|      ,  ,  ,10:45  ,  ,10:50  ,10:56  ,  ,  ,11:00  ,  ,11:05  ,11:11  ,  ,11:15  ,  ,11:20  ,11:26  ,  ,11:30  ,11:41  ,  ,  ,11:45  ,  ,11:56  ,  ,  ,12:00  ,  ,12:05  ,12:11  ,12:20  ,12:26  ,  ,  ,12:30  ,12:41  ,  ,  ,12:45  ,  ,12:56  ,  ,  ,13:00  ,  ,13:05  ,13:11  ,13:20  ,13:26  ,  ,  ,13:30  ,13:41  ,  ,  ,13:45  ,  ,13:56  ,  ,  ,14:00  ,  ,14:05  ,14:11  ,14:20  ,14:26  ,  ,  ,14:30  ,14:41  ,  ,  ,14:45  ,  ,14:56  ,  ,  ,15:00  ,  ,15:05  ,15:11  ,15:20  ,15:26  ,  ,  ,15:30  ,15:41  ,  ,  ,15:45  ,15:56  ,↳     ,|      ,  ,  ,  ,16:00  ,16:05  ,16:11  ,16:20  ,|      ,  ,  ,  ,16:26  ,↳     ,|      ,  
106,SAN BRUNO,6:09  ,|      ,  ,  ,|      ,6:23  ,|      ,  ,  ,|      ,  ,|      ,  ,  ,|      ,6:39  ,|      ,  ,|      ,  ,  ,|      ,6:53  ,|      ,  ,|      ,  ,  ,  ,|      ,7:09  ,|      ,  ,|      ,  ,  ,  ,|      ,7:23  ,|      ,  ,|      ,  ,  ,  ,|      ,7:39  ,|      ,  ,|      ,  ,  ,|      ,7:53  ,|      ,  ,|      ,  ,  ,  ,|      ,8:09  ,|      ,  ,|      ,  ,  ,  ,|      ,8:23  ,|      ,  ,|      ,  ,  ,  ,|      ,8:39  ,|      ,  ,|      ,  ,  ,|      ,8:53  ,|      ,  ,|      ,  ,  ,  ,|      ,9:09  ,|      ,  ,|      ,  ,  ,  ,|      ,9:23  ,|      ,  ,|      ,  ,  ,  ,|      ,9:39  ,|      ,  ,|      ,  ,  ,|      ,9:53  ,|      ,  ,|      ,  ,  ,  ,|      ,10:09  ,|      ,  ,|      ,  ,  ,  ,|      ,10:23  ,|      ,  ,|      ,  ,  ,  ,|      ,10:39  ,|      ,  ,|      ,  ,  ,|      ,  ,10:53  ,|      ,  ,  ,|      ,  ,11:09  ,|      ,  ,|      ,  ,11:23  ,|      ,  ,|      ,|      ,  ,  ,|      ,  ,|      ,  ,  ,|      ,  ,12:09  ,|      ,12:23  ,|      ,  ,  ,|      ,|      ,  ,  ,|      ,  ,|      ,  ,  ,|      ,  ,13:09  ,|      ,13:23  ,|      ,  ,  ,|      ,|      ,  ,  ,|      ,  ,|      ,  ,  ,|      ,  ,14:09  ,|      ,14:23  ,|      ,  ,  ,|      ,|      ,  ,  ,|      ,  ,|      ,  ,  ,|      ,  ,15:09  ,|      ,15:23  ,|      ,  ,  ,|      ,|      ,  ,  ,|      ,|      ,  ,|      ,  ,  ,  ,|      ,16:09  ,|      ,16:23  ,|      ,  ,  ,  ,|      ,  ,|      ,  
109,SOUTH SAN FRANCISCO ,6:12  ,|      ,  ,  ,6:16  ,6:27  ,|      ,  ,  ,6:31  ,  ,|      ,  ,  ,|      ,6:42  ,6:46  ,  ,|      ,  ,  ,|      ,6:57  ,7:01  ,  ,|      ,  ,  ,  ,|      ,7:12  ,7:16  ,  ,|      ,  ,  ,  ,|      ,7:27  ,7:31  ,  ,|      ,  ,  ,  ,|      ,7:42  ,7:46  ,  ,|      ,  ,  ,|      ,7:57  ,8:01  ,  ,|      ,  ,  ,  ,|      ,8:12  ,8:16  ,  ,|      ,  ,  ,  ,|      ,8:27  ,8:31  ,  ,|      ,  ,  ,  ,|      ,8:42  ,8:46  ,  ,|      ,  ,  ,|      ,8:57  ,9:01  ,  ,|      ,  ,  ,  ,|      ,9:12  ,9:16  ,  ,|      ,  ,  ,  ,|      ,9:27  ,9:31  ,  ,|      ,  ,  ,  ,|      ,9:42  ,9:46  ,  ,|      ,  ,  ,|      ,9:57  ,10:01  ,  ,|      ,  ,  ,  ,|      ,10:12  ,10:16  ,  ,|      ,  ,  ,  ,|      ,10:27  ,10:31  ,  ,|      ,  ,  ,  ,|      ,10:42  ,10:46  ,  ,|      ,  ,  ,|      ,  ,10:57  ,11:01  ,  ,  ,|      ,  ,11:12  ,11:16  ,  ,|      ,  ,11:27  ,11:31  ,  ,|      ,11:46  ,  ,  ,|      ,  ,12:01  ,  ,  ,|      ,  ,12:12  ,12:16  ,12:27  ,12:31  ,  ,  ,|      ,12:46  ,  ,  ,|      ,  ,13:01  ,  ,  ,|      ,  ,13:12  ,13:16  ,13:27  ,13:31  ,  ,  ,|      ,13:46  ,  ,  ,|      ,  ,14:01  ,  ,  ,|      ,  ,14:12  ,14:16  ,14:27  ,14:31  ,  ,  ,|      ,14:46  ,  ,  ,|      ,  ,15:01  ,  ,  ,|      ,  ,15:12  ,15:16  ,15:27  ,15:31  ,  ,  ,|      ,15:46  ,  ,  ,|      ,16:01  ,  ,|      ,  ,  ,  ,|      ,16:12  ,16:16  ,16:27  ,|      ,  ,  ,  ,16:31  ,  ,|      ,  
115,BAYSHORE,6:17  ,|      ,  ,↴      ,|      ,6:31  ,|      ,  ,↴      ,|      ,  ,|      ,  ,  ,|      ,6:47  ,|      ,  ,|      ,  ,  ,|      ,7:01  ,|      ,  ,|      ,  ,  ,  ,|      ,7:17  ,|      ,  ,|      ,  ,  ,  ,|      ,7:31  ,|      ,  ,|      ,  ,  ,  ,|      ,7:47  ,|      ,  ,|      ,  ,  ,|      ,8:01  ,|      ,  ,|      ,  ,  ,  ,|      ,8:17  ,|      ,  ,|      ,  ,  ,  ,|      ,8:31  ,|      ,  ,|      ,  ,  ,  ,|      ,8:47  ,|      ,  ,|      ,  ,  ,|      ,9:01  ,|      ,  ,|      ,  ,  ,  ,|      ,9:17  ,|      ,  ,|      ,  ,  ,  ,|      ,9:31  ,|      ,  ,|      ,  ,  ,  ,|      ,9:47  ,|      ,  ,|      ,  ,  ,|      ,10:01  ,|      ,  ,|      ,  ,  ,  ,|      ,10:17  ,|      ,  ,|      ,  ,  ,  ,|      ,10:31  ,|      ,  ,|      ,  ,  ,  ,|      ,10:47  ,|      ,  ,|      ,  ,  ,|      ,  ,11:01  ,|      ,  ,  ,|      ,  ,11:17  ,|      ,  ,|      ,  ,11:31  ,|      ,  ,|      ,|      ,  ,  ,|      ,  ,|      ,  ,  ,|      ,  ,12:17  ,|      ,12:31  ,|      ,  ,  ,|      ,|      ,  ,  ,|      ,  ,|      ,  ,  ,|      ,  ,13:17  ,|      ,13:31  ,|      ,  ,  ,|      ,|      ,  ,  ,|      ,  ,|      ,  ,  ,|      ,  ,14:17  ,|      ,14:31  ,|      ,  ,  ,|      ,|      ,  ,  ,|      ,  ,|      ,  ,  ,|      ,  ,15:17  ,|      ,15:31  ,|      ,  ,  ,|      ,|      ,  ,  ,|      ,|      ,  ,|      ,  ,  ,  ,|      ,16:17  ,|      ,16:31  ,|      ,  ,  ,↴      ,|      ,  ,|      ,  
121,22nd STREET,↳     ,6:17  ,  ,6:21  ,6:23  ,↳     ,6:32  ,  ,6:36  ,6:39  ,  ,6:47  ,  ,  ,|      ,6:51  ,6:53  ,  ,7:02  ,  ,  ,|      ,7:06  ,7:09  ,  ,7:17  ,  ,  ,  ,|      ,7:21  ,7:23  ,  ,7:32  ,  ,  ,  ,|      ,7:36  ,7:39  ,  ,7:47  ,  ,  ,  ,|      ,7:51  ,7:53  ,  ,8:02  ,  ,  ,|      ,8:06  ,8:09  ,  ,8:17  ,  ,  ,  ,|      ,8:21  ,8:23  ,  ,8:32  ,  ,  ,  ,|      ,8:36  ,8:39  ,  ,8:47  ,  ,  ,  ,|      ,8:51  ,8:53  ,  ,9:02  ,  ,  ,|      ,9:06  ,9:09  ,  ,9:17  ,  ,  ,  ,|      ,9:21  ,9:23  ,  ,9:32  ,  ,  ,  ,|      ,9:36  ,9:39  ,  ,9:47  ,  ,  ,  ,|      ,9:51  ,9:53  ,  ,10:02  ,  ,  ,|      ,10:06  ,10:09  ,  ,10:17  ,  ,  ,  ,|      ,10:21  ,10:23  ,  ,10:32  ,  ,  ,  ,|      ,10:36  ,10:39  ,  ,10:47  ,  ,  ,  ,|      ,10:51  ,10:53  ,  ,11:02  ,  ,  ,|      ,  ,11:06  ,11:09  ,  ,  ,|      ,  ,11:21  ,11:23  ,  ,|      ,  ,11:36  ,11:39  ,  ,|      ,11:53  ,  ,  ,|      ,  ,12:09  ,  ,  ,|      ,  ,12:21  ,12:23  ,12:36  ,12:39  ,  ,  ,|      ,12:53  ,  ,  ,|      ,  ,13:09  ,  ,  ,|      ,  ,13:21  ,13:23  ,13:36  ,13:39  ,  ,  ,|      ,13:53  ,  ,  ,|      ,  ,14:09  ,  ,  ,|      ,  ,14:21  ,14:23  ,14:36  ,14:39  ,  ,  ,|      ,14:53  ,  ,  ,|      ,  ,15:09  ,  ,  ,|      ,  ,15:21  ,15:23  ,15:36  ,15:39  ,  ,  ,|      ,15:53  ,  ,  ,|      ,16:09  ,  ,16:17  ,  ,  ,  ,|      ,16:21  ,16:23  ,↳     ,16:32  ,  ,  ,16:36  ,16:39  ,  ,16:47  ,  
124,TOWNSEND / 4TH AND KING $,  ,  ,  ,6:25  ,6:28  ,  ,  ,  ,6:40  ,6:43  ,  ,  ,  ,  ,6:46  ,6:55  ,6:58  ,  ,  ,  ,  ,|      ,7:10  ,7:13  ,  ,  ,  ,  ,  ,7:16  ,7:25  ,7:28  ,  ,  ,  ,  ,  ,|      ,7:40  ,7:43  ,  ,  ,  ,  ,  ,7:46  ,7:55  ,7:58  ,  ,  ,  ,  ,|      ,8:10  ,8:13  ,  ,  ,  ,  ,  ,8:16  ,8:25  ,8:28  ,  ,  ,  ,  ,  ,|      ,8:40  ,8:43  ,  ,  ,  ,  ,  ,8:46  ,8:55  ,8:58  ,  ,  ,  ,  ,|      ,9:10  ,9:13  ,  ,  ,  ,  ,  ,9:16  ,9:25  ,9:28  ,  ,  ,  ,  ,  ,|      ,9:40  ,9:43  ,  ,  ,  ,  ,  ,9:46  ,9:55  ,9:58  ,  ,  ,  ,  ,|      ,10:10  ,10:13  ,  ,  ,  ,  ,  ,10:16  ,10:25  ,10:28  ,  ,  ,  ,  ,  ,|      ,10:40  ,10:43  ,  ,  ,  ,  ,  ,10:46  ,10:55  ,10:58  ,  ,  ,  ,  ,|      ,  ,11:10  ,11:13  ,  ,  ,11:16  ,  ,11:25  ,11:28  ,  ,|      ,  ,11:40  ,11:43  ,  ,11:46  ,11:58  ,  ,  ,|      ,  ,12:13  ,  ,  ,12:16  ,  ,12:25  ,12:28  ,12:40  ,12:43  ,  ,  ,12:46  ,12:58  ,  ,  ,|      ,  ,13:13  ,  ,  ,13:16  ,  ,13:25  ,13:28  ,13:40  ,13:43  ,  ,  ,13:46  ,13:58  ,  ,  ,|      ,  ,14:13  ,  ,  ,14:16  ,  ,14:25  ,14:28  ,14:40  ,14:43  ,  ,  ,14:46  ,14:58  ,  ,  ,|      ,  ,15:13  ,  ,  ,15:16  ,  ,15:25  ,15:28  ,15:40  ,15:43  ,  ,  ,15:46  ,15:58  ,  ,  ,|      ,16:13  ,  ,  ,  ,  ,  ,16:16  ,16:25  ,16:28  ,  ,  ,  ,  ,16:40  ,16:43  ,  ,  ,  
126,SALESFORCE TRANSIT CENTER (STC) $,  ,  ,  ,6:29  ,6:32  ,  ,  ,  ,6:44  ,6:47  ,  ,  ,  ,  ,6:50  ,6:59  ,7:02  ,  ,  ,  ,  ,7:05  ,7:14  ,7:17  ,  ,  ,  ,  ,  ,7:20  ,7:29  ,7:32  ,  ,  ,  ,  ,  ,7:35  ,7:44  ,7:47  ,  ,  ,  ,  ,  ,7:50  ,7:59  ,8:02  ,  ,  ,  ,  ,8:05  ,8:14  ,8:17  ,  ,  ,  ,  ,  ,8:20  ,8:29  ,8:32  ,  ,  ,  ,  ,  ,8:35  ,8:44  ,8:47  ,  ,  ,  ,  ,  ,8:50  ,8:59  ,9:02  ,  ,  ,  ,  ,9:05  ,9:14  ,9:17  ,  ,  ,  ,  ,  ,9:20  ,9:29  ,9:32  ,  ,  ,  ,  ,  ,9:35  ,9:44  ,9:47  ,  ,  ,  ,  ,  ,9:50  ,9:59  ,10:02  ,  ,  ,  ,  ,10:05  ,10:14  ,10:17  ,  ,  ,  ,  ,  ,10:20  ,10:29  ,10:32  ,  ,  ,  ,  ,  ,10:35  ,10:44  ,10:47  ,  ,  ,  ,  ,  ,10:50  ,10:59  ,11:02  ,  ,  ,  ,  ,11:05  ,  ,11:14  ,11:17  ,  ,  ,11:20  ,  ,11:29  ,11:32  ,  ,11:35  ,  ,11:44  ,11:47  ,  ,11:50  ,12:02  ,  ,  ,12:05  ,  ,12:17  ,  ,  ,12:20  ,  ,12:29  ,12:32  ,12:44  ,12:47  ,  ,  ,12:50  ,13:02  ,  ,  ,13:05  ,  ,13:17  ,  ,  ,13:20  ,  ,13:29  ,13:32  ,13:44  ,13:47  ,  ,  ,13:50  ,14:02  ,  ,  ,14:05  ,  ,14:17  ,  ,  ,14:20  ,  ,14:29  ,14:32  ,14:44  ,14:47  ,  ,  ,14:50  ,15:02  ,  ,  ,15:05  ,  ,15:17  ,  ,  ,15:20  ,  ,15:29  ,15:32  ,15:44  ,15:47  ,  ,  ,15:50  ,16:02  ,  ,  ,16:05  ,16:17  ,  ,  ,  ,  ,  ,16:20  ,16:29  ,16:32  ,  ,  ,  ,  ,16:44  ,16:47  ,  ,  ,  