km,From:,HSR,HSR,HSR,HSR,REG (C-LCL),HSR,REG (C-EXP),REG (C-LCL),HSR,HSR,REG (C-EXP),HSR,REG (C-LCL),REG (C-EXP),REG (C-LCL),HSR,REG (C-EXP),HSR,REG (C-LCL),REG (C-EXP),REG (C-LCL),HSR,REG (C-EXP),REG (C-LCL),REG (C-EXP),REG (C-LCL),HSR,REG (C-EXP),HSR,REG (C-LCL),REG (C-EXP),REG (C-LCL),HSR,REG (C-EXP),HSR,REG (C-LCL),REG (C-EXP),REG (C-LCL),HSR,REG (C-EXP),HSR,REG (C-LCL),REG (C-EXP),REG (C-LCL),HSR,REG (C-EXP),REG (C-LCL),REG (C-EXP),REG (C-LCL),HSR,REG (C-EXP),HSR,REG (C-LCL),REG (C-EXP),REG (C-LCL),HSR,REG (C-EXP),HSR,REG (C-LCL),REG (C-EXP),REG (C-LCL),HSR,REG (C-EXP),HSR,REG (C-LCL),REG (C-EXP),REG (C-LCL),HSR,REG (C-EXP),REG (C-LCL),REG (C-EXP),REG (C-LCL),HSR,REG (C-EXP),HSR,REG (C-LCL),REG (C-EXP),REG (C-LCL),HSR,REG (C-EXP),HSR,REG (C-LCL),REG (C-EXP),REG (C-LCL),HSR,REG (C-EXP),HSR,REG (C-LCL),REG (C-EXP),REG (C-LCL),HSR,REG (C-EXP),REG (C-LCL),REG (C-EXP),REG (C-LCL),HSR,REG (C-EXP),HSR,REG (C-LCL),REG (C-EXP),REG (C-LCL),HSR,REG (C-EXP),HSR,REG (C-LCL),REG (C-EXP),REG (C-LCL),HSR,REG (C-EXP),HSR,REG (C-LCL),REG (C-EXP),REG (C-LCL),HSR,REG (C-EXP),REG (C-LCL),REG (C-EXP),REG (C-LCL),HSR,REG (C-EXP),HSR,REG (C-LCL),REG (C-EXP),REG (C-LCL),HSR,REG (C-EXP),HSR,REG (C-LCL),REG (C-EXP),HSR,REG (C-LCL),REG (C-EXP),HSR,REG (C-EXP),REG (C-LCL),REG (C-EXP),HSR,REG (C-EXP),REG (C-LCL),REG (C-EXP),HSR,HSR,REG (C-EXP),HSR,REG (C-LCL),REG (C-EXP),HSR,REG (C-LCL),REG (C-EXP),HSR,REG (C-EXP),REG (C-LCL),REG (C-EXP),HSR,REG (C-EXP),REG (C-LCL),REG (C-EXP),HSR,HSR,REG (C-EXP),HSR,REG (C-LCL),REG (C-EXP),HSR,REG (C-LCL),REG (C-EXP),HSR,REG (C-EXP),REG (C-LCL),REG (C-EXP),HSR,REG (C-EXP),REG (C-LCL),REG (C-EXP),HSR,HSR,REG (C-EXP),HSR,REG (C-LCL),REG (C-EXP),HSR,REG (C-LCL),REG (C-EXP),HSR,REG (C-EXP),REG (C-LCL),REG (C-EXP),HSR,REG (C-EXP),REG (C-LCL),REG (C-EXP),HSR,HSR,REG (C-EXP),HSR,REG (C-LCL),REG (C-EXP),HSR,REG (C-LCL),REG (C-EXP),HSR,REG (C-EXP),REG (C-LCL),REG (C-EXP),HSR,REG (C-EXP),REG (C-LCL),REG (C-EXP),HSR,HSR,REG (C-EXP),HSR,REG (C-LCL),REG (C-EXP),REG (C-LCL),HSR,REG (C-EXP),HSR,REG (C-LCL),REG (C-EXP),REG (C-LCL),HSR,REG (C-EXP),REG (C-LCL),REG (C-EXP),REG (C-LCL),HSR,REG (C-EXP),HSR,REG (C-LCL),REG (C-EXP),REG (C-LCL),HSR,REG (C-EXP),HSR,REG (C-LCL),REG (C-EXP),REG (C-LCL),HSR,REG (C-EXP),HSR,REG (C-LCL),REG (C-EXP),REG (C-LCL),HSR,REG (C-EXP),REG (C-LCL),REG (C-EXP),REG (C-LCL),HSR,REG (C-EXP),HSR
,,,,,801,101,,301,1,703,805,301,705,101,401,201,807,401,707,1,303,3,809,303,201,403,103,811,403,711,3,305,5,813,305,713,103,405,203,815,405,715,5,307,7,817,307,203,407,105,819,407,719,7,309,9,821,309,721,105,409,205,823,409,723,9,311,11,825,311,205,411,107,827,411,727,11,313,13,829,313,729,107,413,207,831,413,731,13,315,15,833,315,207,415,109,835,415,735,15,317,17,837,317,,109,417,209,839,417,,17,319,19,841,319,209,419,111,843,419,,19,321,,845,321,,111,421,,,323,849,423,113,323,851,325,,423,,853,325,,113,425,,,327,857,427,115,327,859,329,,427,,861,329,,115,429,,,331,865,431,117,331,867,333,,431,,869,333,,117,433,,,335,873,435,119,335,875,337,,435,,877,337,,119,437,,,339,881,439,121,339,883,341,41,439,783,885,341,785,121,441,221,887,441,787,41,343,43,889,343,221,443,123,891,443,791,43,345,45,893,345,793,123,445,223,895,445,795,45,347,47,897,347,223,447,125,899,447,799
0,SALESFORCE TRANSIT CENTER (STC) $,  ,  ,  ,4:55  ,5:02  ,5:10  ,5:13  ,5:17  ,  ,5:25  ,  ,  ,  ,5:28  ,5:32  ,5:40  ,  ,  ,  ,5:43  ,5:47  ,5:55  ,  ,  ,5:58  ,6:02  ,6:10  ,  ,  ,  ,6:13  ,6:17  ,6:25  ,  ,  ,  ,6:28  ,6:32  ,6:40  ,  ,  ,  ,6:43  ,6:47  ,6:55  ,  ,  ,6:58  ,7:02  ,7:10  ,  ,  ,  ,7:13  ,7:17  ,7:25  ,  ,  ,  ,7:28  ,7:32  ,7:40  ,  ,  ,  ,7:43  ,7:47  ,7:55  ,  ,  ,7:58  ,8:02  ,8:10  ,  ,  ,  ,8:13  ,8:17  ,8:25  ,  ,  ,  ,8:28  ,8:32  ,8:40  ,  ,  ,  ,8:43  ,8:47  ,8:55  ,  ,  ,8:58  ,9:02  ,9:10  ,  ,  ,  ,9:13  ,9:17  ,9:25  ,  ,  ,  ,9:28  ,9:32  ,9:40  ,  ,  ,  ,9:43  ,9:47  ,9:55  ,  ,  ,9:58  ,10:02  ,10:10  ,  ,  ,  ,10:13  ,10:17  ,10:25  ,  ,  ,  ,10:28  ,  ,  ,10:43  ,10:55  ,10:58  ,11:02  ,  ,11:10  ,11:13  ,11:17  ,  ,  ,11:25  ,  ,  ,  ,11:28  ,  ,  ,11:43  ,11:55  ,11:58  ,12:02  ,  ,12:10  ,12:13  ,12:17  ,  ,  ,12:25  ,  ,  ,  ,12:28  ,  ,  ,12:43  ,12:55  ,12:58  ,13:02  ,  ,13:10  ,13:13  ,13:17  ,  ,  ,13:25  ,  ,  ,  ,13:28  ,  ,  ,13:43  ,13:55  ,13:58  ,14:02  ,  ,14:10  ,14:13  ,14:17  ,  ,  ,14:25  ,  ,  ,  ,14:28  ,  ,  ,14:43  ,14:55  ,14:58  ,15:02  ,  ,15:10  ,15:13  ,15:17  ,  ,  ,15:25  ,  ,  ,  ,15:28  ,15:32  ,15:40  ,  ,  ,  ,15:43  ,15:47  ,15:55  ,  ,  ,15:58  ,16:02  ,16:10  ,  ,  ,  ,16:13  ,16:17  ,16:25  ,  ,  ,  ,16:28  ,16:32  ,16:40  ,  ,  ,  ,16:43  ,16:47  ,16:55  ,  ,  ,16:58  ,17:02  ,17:10  ,  ,  
2,TOWNSEND / 4TH AND KING $,  ,  ,  ,5:01  ,5:07  ,|      ,5:18  ,5:21  ,  ,5:31  ,  ,  ,  ,5:33  ,5:37  ,|      ,  ,  ,  ,5:48  ,5:51  ,6:01  ,  ,  ,6:03  ,6:07  ,|      ,  ,  ,  ,6:18  ,6:21  ,6:31  ,  ,  ,  ,6:33  ,6:37  ,|      ,  ,  ,  ,6:48  ,6:51  ,7:01  ,  ,  ,7:03  ,7:07  ,|      ,  ,  ,  ,7:18  ,7:21  ,7:31  ,  ,  ,  ,7:33  ,7:37  ,|      ,  ,  ,  ,7:48  ,7:51  ,8:01  ,  ,  ,8:03  ,8:07  ,|      ,  ,  ,  ,8:18  ,8:21  ,8:31  ,  ,  ,  ,8:33  ,8:37  ,|      ,  ,  ,  ,8:48  ,8:51  ,9:01  ,  ,  ,9:03  ,9:07  ,|      ,  ,  ,  ,9:18  ,9:21  ,9:31  ,  ,  ,  ,9:33  ,9:37  ,|      ,  ,  ,  ,9:48  ,9:51  ,10:01  ,  ,  ,10:03  ,10:07  ,|      ,  ,  ,  ,10:18  ,10:21  ,10:31  ,  ,  ,  ,10:33  ,  ,  ,10:48  ,11:01  ,11:03  ,11:07  ,  ,|      ,11:18  ,11:21  ,  ,  ,11:31  ,  ,  ,  ,11:33  ,  ,  ,11:48  ,12:01  ,12:03  ,12:07  ,  ,|      ,12:18  ,12:21  ,  ,  ,12:31  ,  ,  ,  ,12:33  ,  ,  ,12:48  ,13:01  ,13:03  ,13:07  ,  ,|      ,13:18  ,13:21  ,  ,  ,13:31  ,  ,  ,  ,13:33  ,  ,  ,13:48  ,14:01  ,14:03  ,14:07  ,  ,|      ,14:18  ,14:21  ,  ,  ,14:31  ,  ,  ,  ,14:33  ,  ,  ,14:48  ,15:01  ,15:03  ,15:07  ,  ,|      ,15:18  ,15:21  ,  ,  ,15:31  ,  ,  ,  ,15:33  ,15:37  ,|      ,  ,  ,  ,15:48  ,15:51  ,16:01  ,  ,  ,16:03  ,16:07  ,|      ,  ,  ,  ,16:18  ,16:21  ,16:31  ,  ,  ,  ,16:33  ,16:37  ,|      ,  ,  ,  ,16:48  ,16:51  ,17:01  ,  ,  ,17:03  ,17:07  ,|      ,  ,  
3,CP Common,  ,  ,  ,|      ,|      ,|      ,|      ,|      ,  ,|      ,  ,  ,  ,|      ,|      ,|      ,  ,  ,  ,|      ,|      ,|      ,  ,  ,|      ,|      ,|      ,  ,  ,  ,|      ,|      ,|      ,  ,  ,  ,|      ,|      ,|      ,  ,  ,  ,|      ,|      ,|      ,  ,  ,|      ,|      ,|      ,  ,  ,  ,|      ,|      ,|      ,  ,  ,  ,|      ,|      ,|      ,  ,  ,  ,|      ,|      ,|      ,  ,  ,|      ,|      ,|      ,  ,  ,  ,|      ,|      ,|      ,  ,  ,  ,|      ,|      ,|      ,  ,  ,  ,|      ,|      ,|      ,  ,  ,|      ,|      ,|      ,  ,  ,  ,|      ,|      ,|      ,  ,  ,  ,|      ,|      ,|      ,  ,  ,  ,|      ,|      ,|      ,  ,  ,|      ,|      ,|      ,  ,  ,  ,|      ,|      ,|      ,  ,  ,  ,|      ,  ,  ,|      ,|      ,|      ,|      ,  ,|      ,|      ,|      ,  ,  ,|      ,  ,  ,  ,|      ,  ,  ,|      ,|      ,|      ,|      ,  ,|      ,|      ,|      ,  ,  ,|      ,  ,  ,  ,|      ,  ,  ,|      ,|      ,|      ,|      ,  ,|      ,|      ,|      ,  ,  ,|      ,  ,  ,  ,|      ,  ,  ,|      ,|      ,|      ,|      ,  ,|      ,|      ,|      ,  ,  ,|      ,  ,  ,  ,|      ,  ,  ,|      ,|      ,|      ,|      ,  ,|      ,|      ,|      ,  ,  ,|      ,  ,  ,  ,|      ,|      ,|      ,  ,  ,  ,|      ,|      ,|      ,  ,  ,|      ,|      ,|      ,  ,  ,  ,|      ,|      ,|      ,  ,  ,  ,|      ,|      ,|      ,  ,  ,  ,|      ,|      ,|      ,  ,  ,|      ,|      ,|      ,  ,  
5,22nd STREET,  ,  ,  ,|      ,5:11  ,|      ,5:23  ,5:26  ,  ,|      ,  ,  ,  ,5:38  ,5:41  ,|      ,  ,  ,  ,5:53  ,5:56  ,|      ,  ,  ,6:08  ,6:11  ,|      ,  ,  ,  ,6:23  ,6:26  ,|      ,  ,  ,  ,6:38  ,6:41  ,|      ,  ,  ,  ,6:53  ,6:56  ,|      ,  ,  ,7:08  ,7:11  ,|      ,  ,  ,  ,7:23  ,7:26  ,|      ,  ,  ,  ,7:38  ,7:41  ,|      ,  ,  ,  ,7:53  ,7:56  ,|      ,  ,  ,8:08  ,8:11  ,|      ,  ,  ,  ,8:23  ,8:26  ,|      ,  ,  ,  ,8:38  ,8:41  ,|      ,  ,  ,  ,8:53  ,8:56  ,|      ,  ,  ,9:08  ,9:11  ,|      ,  ,  ,  ,9:23  ,9:26  ,|      ,  ,  ,  ,9:38  ,9:41  ,|      ,  ,  ,  ,9:53  ,9:56  ,|      ,  ,  ,10:08  ,10:11  ,|      ,  ,  ,  ,10:23  ,10:26  ,|      ,  ,  ,  ,10:38  ,  ,  ,10:53  ,|      ,11:08  ,11:11  ,  ,|      ,11:23  ,11:26  ,  ,  ,|      ,  ,  ,  ,11:38  ,  ,  ,11:53  ,|      ,12:08  ,12:11  ,  ,|      ,12:23  ,12:26  ,  ,  ,|      ,  ,  ,  ,12:38  ,  ,  ,12:53  ,|      ,13:08  ,13:11  ,  ,|      ,13:23  ,13:26  ,  ,  ,|      ,  ,  ,  ,13:38  ,  ,  ,13:53  ,|      ,14:08  ,14:11  ,  ,|      ,14:23  ,14:26  ,  ,  ,|      ,  ,  ,  ,14:38  ,  ,  ,14:53  ,|      ,15:08  ,15:11  ,  ,|      ,15:23  ,15:26  ,  ,  ,|      ,  ,  ,  ,15:38  ,15:41  ,|      ,  ,  ,  ,15:53  ,15:56  ,|      ,  ,  ,16:08  ,16:11  ,|      ,  ,  ,  ,16:23  ,16:26  ,|      ,  ,  ,  ,16:38  ,16:41  ,|      ,  ,  ,  ,16:53  ,16:56  ,|      ,  ,  ,17:08  ,17:11  ,|      ,  ,  
11,BAYSHORE,  ,  ,  ,|      ,5:15  ,|      ,|      ,5:30  ,  ,|      ,  ,  ,  ,|      ,5:45  ,|      ,  ,  ,  ,|      ,6:00  ,|      ,  ,  ,|      ,6:15  ,|      ,  ,  ,  ,|      ,6:30  ,|      ,  ,  ,  ,|      ,6:45  ,|      ,  ,  ,  ,|      ,7:00  ,|      ,  ,  ,|      ,7:15  ,|      ,  ,  ,  ,|      ,7:30  ,|      ,  ,  ,  ,|      ,7:45  ,|      ,  ,  ,  ,|      ,8:00  ,|      ,  ,  ,|      ,8:15  ,|      ,  ,  ,  ,|      ,8:30  ,|      ,  ,  ,  ,|      ,8:45  ,|      ,  ,  ,  ,|      ,9:00  ,|      ,  ,  ,|      ,9:15  ,|      ,  ,  ,  ,|      ,9:30  ,|      ,  ,  ,  ,|      ,9:45  ,|      ,  ,  ,  ,|      ,10:00  ,|      ,  ,  ,|      ,10:15  ,|      ,  ,  ,  ,|      ,10:30  ,|      ,  ,  ,  ,|      ,  ,  ,|      ,|      ,|      ,11:15  ,  ,|      ,|      ,11:30  ,  ,  ,|      ,  ,  ,  ,|      ,  ,  ,|      ,|      ,|      ,12:15  ,  ,|      ,|      ,12:30  ,  ,  ,|      ,  ,  ,  ,|      ,  ,  ,|      ,|      ,|      ,13:15  ,  ,|      ,|      ,13:30  ,  ,  ,|      ,  ,  ,  ,|      ,  ,  ,|      ,|      ,|      ,14:15  ,  ,|      ,|      ,14:30  ,  ,  ,|      ,  ,  ,  ,|      ,  ,  ,|      ,|      ,|      ,15:15  ,  ,|      ,|      ,15:30  ,  ,  ,|      ,  ,  ,  ,|      ,15:45  ,|      ,  ,  ,  ,|      ,16:00  ,|      ,  ,  ,|      ,16:15  ,|      ,  ,  ,  ,|      ,16:30  ,|      ,  ,  ,  ,|      ,16:45  ,|      ,  ,  ,  ,|      ,17:00  ,|      ,  ,  ,|      ,17:15  ,|      ,  ,  
17,SOUTH SAN FRANCISCO ,  ,  ,  ,|      ,5:20  ,|      ,5:31  ,5:35  ,  ,|      ,  ,  ,  ,5:46  ,5:49  ,|      ,  ,  ,  ,6:01  ,6:05  ,|      ,  ,  ,6:16  ,6:20  ,|      ,  ,  ,  ,6:31  ,6:35  ,|      ,  ,  ,  ,6:46  ,6:49  ,|      ,  ,  ,  ,7:01  ,7:05  ,|      ,  ,  ,7:16  ,7:20  ,|      ,  ,  ,  ,7:31  ,7:35  ,|      ,  ,  ,  ,7:46  ,7:49  ,|      ,  ,  ,  ,8:01  ,8:05  ,|      ,  ,  ,8:16  ,8:20  ,|      ,  ,  ,  ,8:31  ,8:35  ,|      ,  ,  ,  ,8:46  ,8:49  ,|      ,  ,  ,  ,9:01  ,9:05  ,|      ,  ,  ,9:16  ,9:20  ,|      ,  ,  ,  ,9:31  ,9:35  ,|      ,  ,  ,  ,9:46  ,9:49  ,|      ,  ,  ,  ,10:01  ,10:05  ,|      ,  ,  ,10:16  ,10:20  ,|      ,  ,  ,  ,10:31  ,10:35  ,|      ,  ,  ,  ,10:46  ,  ,  ,11:01  ,|      ,11:16  ,11:20  ,  ,|      ,11:31  ,11:35  ,  ,  ,|      ,  ,  ,  ,11:46  ,  ,  ,12:01  ,|      ,12:16  ,12:20  ,  ,|      ,12:31  ,12:35  ,  ,  ,|      ,  ,  ,  ,12:46  ,  ,  ,13:01  ,|      ,13:16  ,13:20  ,  ,|      ,13:31  ,13:35  ,  ,  ,|      ,  ,  ,  ,13:46  ,  ,  ,14:01  ,|      ,14:16  ,14:20  ,  ,|      ,14:31  ,14:35  ,  ,  ,|      ,  ,  ,  ,14:46  ,  ,  ,15:01  ,|      ,15:16  ,15:20  ,  ,|      ,15:31  ,15:35  ,  ,  ,|      ,  ,  ,  ,15:46  ,15:49  ,|      ,  ,  ,  ,16:01  ,16:05  ,|      ,  ,  ,16:16  ,16:20  ,|      ,  ,  ,  ,16:31  ,16:35  ,|      ,  ,  ,  ,16:46  ,16:49  ,|      ,  ,  ,  ,17:01  ,17:05  ,|      ,  ,  ,17:16  ,17:20  ,|      ,  ,  
20,SAN BRUNO,  ,  ,  ,|      ,5:23  ,|      ,|      ,5:38  ,  ,|      ,  ,  ,  ,|      ,5:53  ,|      ,  ,  ,  ,|      ,6:08  ,|      ,  ,  ,|      ,6:23  ,|      ,  ,  ,  ,|      ,6:38  ,|      ,  ,  ,  ,|      ,6:53  ,|      ,  ,  ,  ,|      ,7:08  ,|      ,  ,  ,|      ,7:23  ,|      ,  ,  ,  ,|      ,7:38  ,|      ,  ,  ,  ,|      ,7:53  ,|      ,  ,  ,  ,|      ,8:08  ,|      ,  ,  ,|      ,8:23  ,|      ,  ,  ,  ,|      ,8:38  ,|      ,  ,  ,  ,|      ,8:53  ,|      ,  ,  ,  ,|      ,9:08  ,|      ,  ,  ,|      ,9:23  ,|      ,  ,  ,  ,|      ,9:38  ,|      ,  ,  ,  ,|      ,9:53  ,|      ,  ,  ,  ,|      ,10:08  ,|      ,  ,  ,|      ,10:23  ,|      ,  ,  ,  ,|      ,10:38  ,|      ,  ,  ,  ,|      ,  ,  ,|      ,|      ,|      ,11:23  ,  ,|      ,|      ,11:38  ,  ,  ,|      ,  ,  ,  ,|      ,  ,  ,|      ,|      ,|      ,12:23  ,  ,|      ,|      ,12:38  ,  ,  ,|      ,  ,  ,  ,|      ,  ,  ,|      ,|      ,|      ,13:23  ,  ,|      ,|      ,13:38  ,  ,  ,|      ,  ,  ,  ,|      ,  ,  ,|      ,|      ,|      ,14:23  ,  ,|      ,|      ,14:38  ,  ,  ,|      ,  ,  ,  ,|      ,  ,  ,|      ,|      ,|      ,15:23  ,  ,|      ,|      ,15:38  ,  ,  ,|      ,  ,  ,  ,|      ,15:53  ,|      ,  ,  ,  ,|      ,16:08  ,|      ,  ,  ,|      ,16:23  ,|      ,  ,  ,  ,|      ,16:38  ,|      ,  ,  ,  ,|      ,16:53  ,|      ,  ,  ,  ,|      ,17:08  ,|      ,  ,  ,|      ,17:23  ,|      ,  ,  
24,MILLBRAE,  ,  ,  ,5:16  ,5:27  ,5:31  ,5:36  ,|      ,  ,5:46  ,  ,  ,  ,5:51  ,5:56  ,6:01  ,  ,  ,  ,6:06  ,|      ,6:16  ,  ,  ,6:21  ,6:27  ,6:31  ,  ,  ,  ,6:36  ,|      ,6:46  ,  ,  ,  ,6:51  ,6:56  ,7:01  ,  ,  ,  ,7:06  ,|      ,7:16  ,  ,  ,7:21  ,7:27  ,7:31  ,  ,  ,  ,7:36  ,|      ,7:46  ,  ,  ,  ,7:51  ,7:56  ,8:01  ,  ,  ,  ,8:06  ,|      ,8:16  ,  ,  ,8:21  ,8:27  ,8:31  ,  ,  ,  ,8:36  ,|      ,8:46  ,  ,  ,  ,8:51  ,8:56  ,9:01  ,  ,  ,  ,9:06  ,|      ,9:16  ,  ,  ,9:21  ,9:27  ,9:31  ,  ,  ,  ,9:36  ,|      ,9:46  ,  ,  ,  ,9:51  ,9:56  ,10:01  ,  ,  ,  ,10:06  ,|      ,10:16  ,  ,  ,10:21  ,10:27  ,10:31  ,  ,  ,  ,10:36  ,|      ,10:46  ,  ,  ,  ,10:51  ,  ,  ,11:06  ,11:16  ,11:21  ,11:27  ,  ,11:31  ,11:36  ,|      ,  ,  ,11:46  ,  ,  ,  ,11:51  ,  ,  ,12:06  ,12:16  ,12:21  ,12:27  ,  ,12:31  ,12:36  ,|      ,  ,  ,12:46  ,  ,  ,  ,12:51  ,  ,  ,13:06  ,13:16  ,13:21  ,13:27  ,  ,13:31  ,13:36  ,|      ,  ,  ,13:46  ,  ,  ,  ,13:51  ,  ,  ,14:06  ,14:16  ,14:21  ,14:27  ,  ,14:31  ,14:36  ,|      ,  ,  ,14:46  ,  ,  ,  ,14:51  ,  ,  ,15:06  ,15:16  ,15:21  ,15:27  ,  ,15:31  ,15:36  ,|      ,  ,  ,15:46  ,  ,  ,  ,15:51  ,15:56  ,16:01  ,  ,  ,  ,16:06  ,|      ,16:16  ,  ,  ,16:21  ,16:27  ,16:31  ,  ,  ,  ,16:36  ,|      ,16:46  ,  ,  ,  ,16:51  ,16:56  ,17:01  ,  ,  ,  ,17:06  ,|      ,17:16  ,  ,  ,17:21  ,17:27  ,17:31  ,  ,  
27,BROADWAY,  ,  ,  ,|      ,|      ,|      ,|      ,5:43  ,  ,|      ,  ,  ,  ,|      ,|      ,|      ,  ,  ,  ,|      ,6:13  ,|      ,  ,  ,|      ,|      ,|      ,  ,  ,  ,|      ,6:43  ,|      ,  ,  ,  ,|      ,|      ,|      ,  ,  ,  ,|      ,7:13  ,|      ,  ,  ,|      ,|      ,|      ,  ,  ,  ,|      ,7:43  ,|      ,  ,  ,  ,|      ,|      ,|      ,  ,  ,  ,|      ,8:13  ,|      ,  ,  ,|      ,|      ,|      ,  ,  ,  ,|      ,8:43  ,|      ,  ,  ,  ,|      ,|      ,|      ,  ,  ,  ,|      ,9:13  ,|      ,  ,  ,|      ,|      ,|      ,  ,  ,  ,|      ,9:43  ,|      ,  ,  ,  ,|      ,|      ,|      ,  ,  ,  ,|      ,10:13  ,|      ,  ,  ,|      ,|      ,|      ,  ,  ,  ,|      ,10:43  ,|      ,  ,  ,  ,|      ,  ,  ,|      ,|      ,|      ,|      ,  ,|      ,|      ,11:43  ,  ,  ,|      ,  ,  ,  ,|      ,  ,  ,|      ,|      ,|      ,|      ,  ,|      ,|      ,12:43  ,  ,  ,|      ,  ,  ,  ,|      ,  ,  ,|      ,|      ,|      ,|      ,  ,|      ,|      ,13:43  ,  ,  ,|      ,  ,  ,  ,|      ,  ,  ,|      ,|      ,|      ,|      ,  ,|      ,|      ,14:43  ,  ,  ,|      ,  ,  ,  ,|      ,  ,  ,|      ,|      ,|      ,|      ,  ,|      ,|      ,15:43  ,  ,  ,|      ,  ,  ,  ,|      ,|      ,|      ,  ,  ,  ,|      ,16:13  ,|      ,  ,  ,|      ,|      ,|      ,  ,  ,  ,|      ,16:43  ,|      ,  ,  ,  ,|      ,|      ,|      ,  ,  ,  ,|      ,17:13  ,|      ,  ,  ,|      ,|      ,|      ,  ,  
29,BURLINGAME,  ,  ,  ,|      ,5:30  ,|      ,|      ,|      ,  ,|      ,  ,  ,  ,|      ,6:00  ,|      ,  ,  ,  ,|      ,|      ,|      ,  ,  ,|      ,6:30  ,|      ,  ,  ,  ,|      ,|      ,|      ,  ,  ,  ,|      ,7:00  ,|      ,  ,  ,  ,|      ,|      ,|      ,  ,  ,|      ,7:30  ,|      ,  ,  ,  ,|      ,|      ,|      ,  ,  ,  ,|      ,8:00  ,|      ,  ,  ,  ,|      ,|      ,|      ,  ,  ,|      ,8:30  ,|      ,  ,  ,  ,|      ,|      ,|      ,  ,  ,  ,|      ,9:00  ,|      ,  ,  ,  ,|      ,|      ,|      ,  ,  ,|      ,9:30  ,|      ,  ,  ,  ,|      ,|      ,|      ,  ,  ,  ,|      ,10:00  ,|      ,  ,  ,  ,|      ,|      ,|      ,  ,  ,|      ,10:30  ,|      ,  ,  ,  ,|      ,|      ,|      ,  ,  ,  ,|      ,  ,  ,|      ,|      ,|      ,11:30  ,  ,|      ,|      ,|      ,  ,  ,|      ,  ,  ,  ,|      ,  ,  ,|      ,|      ,|      ,12:30  ,  ,|      ,|      ,|      ,  ,  ,|      ,  ,  ,  ,|      ,  ,  ,|      ,|      ,|      ,13:30  ,  ,|      ,|      ,|      ,  ,  ,|      ,  ,  ,  ,|      ,  ,  ,|      ,|      ,|      ,14:30  ,  ,|      ,|      ,|      ,  ,  ,|      ,  ,  ,  ,|      ,  ,  ,|      ,|      ,|      ,15:30  ,  ,|      ,|      ,|      ,  ,  ,|      ,  ,  ,  ,|      ,16:00  ,|      ,  ,  ,  ,|      ,|      ,|      ,  ,  ,|      ,16:30  ,|      ,  ,  ,  ,|      ,|      ,|      ,  ,  ,  ,|      ,17:00  ,|      ,  ,  ,  ,|      ,|      ,|      ,  ,  ,|      ,17:30  ,|      ,  ,  
31,SAN MATEO,  ,  ,  ,|      ,|      ,|      ,|      ,5:46  ,  ,|      ,  ,  ,  ,|      ,|      ,|      ,  ,  ,  ,|      ,6:16  ,|      ,  ,  ,|      ,|      ,|      ,  ,  ,  ,|      ,6:46  ,|      ,  ,  ,  ,|      ,|      ,|      ,  ,  ,  ,|      ,7:16  ,|      ,  ,  ,|      ,|      ,|      ,  ,  ,  ,|      ,7:46  ,|      ,  ,  ,  ,|      ,|      ,|      ,  ,  ,  ,|      ,8:16  ,|      ,  ,  ,|      ,|      ,|      ,  ,  ,  ,|      ,8:46  ,|      ,  ,  ,  ,|      ,|      ,|      ,  ,  ,  ,|      ,9:16  ,|      ,  ,  ,|      ,|      ,|      ,  ,  ,  ,|      ,9:46  ,|      ,  ,  ,  ,|      ,|      ,|      ,  ,  ,  ,|      ,10:16  ,|      ,  ,  ,|      ,|      ,|      ,  ,  ,  ,|      ,10:46  ,|      ,  ,  ,  ,|      ,  ,  ,|      ,|      ,|      ,|      ,  ,|      ,|      ,11:46  ,  ,  ,|      ,  ,  ,  ,|      ,  ,  ,|      ,|      ,|      ,|      ,  ,|      ,|      ,12:46  ,  ,  ,|      ,  ,  ,  ,|      ,  ,  ,|      ,|      ,|      ,|      ,  ,|      ,|      ,13:46  ,  ,  ,|      ,  ,  ,  ,|      ,  ,  ,|      ,|      ,|      ,|      ,  ,|      ,|      ,14:46  ,  ,  ,|      ,  ,  ,  ,|      ,  ,  ,|      ,|      ,|      ,|      ,  ,|      ,|      ,15:46  ,  ,  ,|      ,  ,  ,  ,|      ,|      ,|      ,  ,  ,  ,|      ,16:16  ,|      ,  ,  ,|      ,|      ,|      ,  ,  ,  ,|      ,16:46  ,|      ,  ,  ,  ,|      ,|      ,|      ,  ,  ,  ,|      ,17:16  ,|      ,  ,  ,|      ,|      ,|      ,  ,  
33,HAYWARD PARK,  ,  ,  ,|      ,5:34  ,|      ,|      ,5:49  ,  ,|      ,  ,  ,  ,|      ,6:04  ,|      ,  ,  ,  ,|      ,6:19  ,|      ,  ,  ,|      ,6:34  ,|      ,  ,  ,  ,|      ,6:49  ,|      ,  ,  ,  ,|      ,7:04  ,|      ,  ,  ,  ,|      ,7:19  ,|      ,  ,  ,|      ,7:34  ,|      ,  ,  ,  ,|      ,7:49  ,|      ,  ,  ,  ,|      ,8:04  ,|      ,  ,  ,  ,|      ,8:19  ,|      ,  ,  ,|      ,8:34  ,|      ,  ,  ,  ,|      ,8:49  ,|      ,  ,  ,  ,|      ,9:04  ,|      ,  ,  ,  ,|      ,9:19  ,|      ,  ,  ,|      ,9:34  ,|      ,  ,  ,  ,|      ,9:49  ,|      ,  ,  ,  ,|      ,10:04  ,|      ,  ,  ,  ,|      ,10:19  ,|      ,  ,  ,|      ,10:34  ,|      ,  ,  ,  ,|      ,10:49  ,|      ,  ,  ,  ,|      ,  ,  ,|      ,|      ,|      ,11:34  ,  ,|      ,|      ,11:49  ,  ,  ,|      ,  ,  ,  ,|      ,  ,  ,|      ,|      ,|      ,12:34  ,  ,|      ,|      ,12:49  ,  ,  ,|      ,  ,  ,  ,|      ,  ,  ,|      ,|      ,|      ,13:34  ,  ,|      ,|      ,13:49  ,  ,  ,|      ,  ,  ,  ,|      ,  ,  ,|      ,|      ,|      ,14:34  ,  ,|      ,|      ,14:49  ,  ,  ,|      ,  ,  ,  ,|      ,  ,  ,|      ,|      ,|      ,15:34  ,  ,|      ,|      ,15:49  ,  ,  ,|      ,  ,  ,  ,|      ,16:04  ,|      ,  ,  ,  ,|      ,16:19  ,|      ,  ,  ,|      ,16:34  ,|      ,  ,  ,  ,|      ,16:49  ,|      ,  ,  ,  ,|      ,17:04  ,|      ,  ,  ,  ,|      ,17:19  ,|      ,  ,  ,|      ,17:34  ,|      ,  ,  
35,HILLSDALE,  ,  ,  ,|      ,5:38  ,|      ,5:43  ,5:53  ,  ,|      ,  ,  ,  ,5:58  ,6:08  ,|      ,  ,  ,  ,6:13  ,6:23  ,|      ,  ,  ,6:28  ,6:38  ,|      ,  ,  ,  ,6:43  ,6:53  ,|      ,  ,  ,  ,6:58  ,7:08  ,|      ,  ,  ,  ,7:13  ,7:23  ,|      ,  ,  ,7:28  ,7:38  ,|      ,  ,  ,  ,7:43  ,7:53  ,|      ,  ,  ,  ,7:58  ,8:08  ,|      ,  ,  ,  ,8:13  ,8:23  ,|      ,  ,  ,8:28  ,8:38  ,|      ,  ,  ,  ,8:43  ,8:53  ,|      ,  ,  ,  ,8:58  ,9:08  ,|      ,  ,  ,  ,9:13  ,9:23  ,|      ,  ,  ,9:28  ,9:38  ,|      ,  ,  ,  ,9:43  ,9:53  ,|      ,  ,  ,  ,9:58  ,10:08  ,|      ,  ,  ,  ,10:13  ,10:23  ,|      ,  ,  ,10:28  ,10:38  ,|      ,  ,  ,  ,10:43  ,10:53  ,|      ,  ,  ,  ,10:58  ,  ,  ,11:13  ,|      ,11:28  ,11:38  ,  ,|      ,11:43  ,11:53  ,  ,  ,|      ,  ,  ,  ,11:58  ,  ,  ,12:13  ,|      ,12:28  ,12:38  ,  ,|      ,12:43  ,12:53  ,  ,  ,|      ,  ,  ,  ,12:58  ,  ,  ,13:13  ,|      ,13:28  ,13:38  ,  ,|      ,13:43  ,13:53  ,  ,  ,|      ,  ,  ,  ,13:58  ,  ,  ,14:13  ,|      ,14:28  ,14:38  ,  ,|      ,14:43  ,14:53  ,  ,  ,|      ,  ,  ,  ,14:58  ,  ,  ,15:13  ,|      ,15:28  ,15:38  ,  ,|      ,15:43  ,15:53  ,  ,  ,|      ,  ,  ,  ,15:58  ,16:08  ,|      ,  ,  ,  ,16:13  ,16:23  ,|      ,  ,  ,16:28  ,16:38  ,|      ,  ,  ,  ,16:43  ,16:53  ,|      ,  ,  ,  ,16:58  ,17:08  ,|      ,  ,  ,  ,17:13  ,17:23  ,|      ,  ,  ,17:28  ,17:38  ,|      ,  ,  
38,BELMONT,  ,  ,  ,|      ,5:41  ,|      ,|      ,|      ,  ,|      ,  ,  ,  ,|      ,6:11  ,|      ,  ,  ,  ,|      ,|      ,|      ,  ,  ,|      ,6:41  ,|      ,  ,  ,  ,|      ,|      ,|      ,  ,  ,  ,|      ,7:11  ,|      ,  ,  ,  ,|      ,|      ,|      ,  ,  ,|      ,7:41  ,|      ,  ,  ,  ,|      ,|      ,|      ,  ,  ,  ,|      ,8:11  ,|      ,  ,  ,  ,|      ,|      ,|      ,  ,  ,|      ,8:41  ,|      ,  ,  ,  ,|      ,|      ,|      ,  ,  ,  ,|      ,9:11  ,|      ,  ,  ,  ,|      ,|      ,|      ,  ,  ,|      ,9:41  ,|      ,  ,  ,  ,|      ,|      ,|      ,  ,  ,  ,|      ,10:11  ,|      ,  ,  ,  ,|      ,|      ,|      ,  ,  ,|      ,10:41  ,|      ,  ,  ,  ,|      ,|      ,|      ,  ,  ,  ,|      ,  ,  ,|      ,|      ,|      ,11:41  ,  ,|      ,|      ,|      ,  ,  ,|      ,  ,  ,  ,|      ,  ,  ,|      ,|      ,|      ,12:41  ,  ,|      ,|      ,|      ,  ,  ,|      ,  ,  ,  ,|      ,  ,  ,|      ,|      ,|      ,13:41  ,  ,|      ,|      ,|      ,  ,  ,|      ,  ,  ,  ,|      ,  ,  ,|      ,|      ,|      ,14:41  ,  ,|      ,|      ,|      ,  ,  ,|      ,  ,  ,  ,|      ,  ,  ,|      ,|      ,|      ,15:41  ,  ,|      ,|      ,|      ,  ,  ,|      ,  ,  ,  ,|      ,16:11  ,|      ,  ,  ,  ,|      ,|      ,|      ,  ,  ,|      ,16:41  ,|      ,  ,  ,  ,|      ,|      ,|      ,  ,  ,  ,|      ,17:11  ,|      ,  ,  ,  ,|      ,|      ,|      ,  ,  ,|      ,17:41  ,|      ,  ,  
40,SAN CARLOS,  ,  ,  ,|      ,|      ,|      ,|      ,5:57  ,  ,|      ,  ,  ,↴      ,|      ,|      ,|      ,  ,  ,↴      ,|      ,6:27  ,|      ,  ,↴      ,|      ,|      ,|      ,  ,  ,↴      ,|      ,6:57  ,|      ,  ,  ,↴      ,|      ,|      ,|      ,  ,  ,↴      ,|      ,7:27  ,|      ,  ,↴      ,|      ,|      ,|      ,  ,  ,↴      ,|      ,7:57  ,|      ,  ,  ,↴      ,|      ,|      ,|      ,  ,  ,↴      ,|      ,8:27  ,|      ,  ,↴      ,|      ,|      ,|      ,  ,  ,↴      ,|      ,8:57  ,|      ,  ,  ,↴      ,|      ,|      ,|      ,  ,  ,↴      ,|      ,9:27  ,|      ,  ,↴      ,|      ,|      ,|      ,  ,  ,↴      ,|      ,9:57  ,|      ,  ,  ,↴      ,|      ,|      ,|      ,  ,  ,↴      ,|      ,10:27  ,|      ,  ,↴      ,|      ,|      ,|      ,  ,  ,↴      ,|      ,10:57  ,|      ,  ,  ,↴      ,|      ,  ,↴      ,|      ,|      ,|      ,|      ,  ,|      ,|      ,11:57  ,  ,  ,|      ,  ,  ,↴      ,|      ,  ,↴      ,|      ,|      ,|      ,|      ,  ,|      ,|      ,12:57  ,  ,  ,|      ,  ,  ,↴      ,|      ,  ,↴      ,|      ,|      ,|      ,|      ,  ,|      ,|      ,13:57  ,  ,  ,|      ,  ,  ,↴      ,|      ,  ,↴      ,|      ,|      ,|      ,|      ,  ,|      ,|      ,14:57  ,  ,  ,|      ,  ,  ,↴      ,|      ,  ,↴      ,|      ,|      ,|      ,|      ,  ,|      ,|      ,15:57  ,  ,  ,|      ,  ,  ,↴      ,|      ,|      ,|      ,  ,  ,↴      ,|      ,16:27  ,|      ,  ,↴      ,|      ,|      ,|      ,  ,  ,↴      ,|      ,16:57  ,|      ,  ,  ,↴      ,|      ,|      ,|      ,  ,  ,↴      ,|      ,17:27  ,|      ,  ,↴      ,|      ,|      ,|      ,  ,  
43,REDWOOD CITY,  ,  ,  ,|      ,↳     ,|      ,5:48  ,↳     ,  ,|      ,  ,  ,5:50  ,6:03  ,↳     ,|      ,  ,  ,6:05  ,6:18  ,↳     ,|      ,  ,6:20  ,6:33  ,↳     ,|      ,  ,  ,6:35  ,6:48  ,↳     ,|      ,  ,  ,6:50  ,7:03  ,↳     ,|      ,  ,  ,7:05  ,7:18  ,↳     ,|      ,  ,7:20  ,7:33  ,↳     ,|      ,  ,  ,7:35  ,7:48  ,↳     ,|      ,  ,  ,7:50  ,8:03  ,↳     ,|      ,  ,  ,8:05  ,8:18  ,↳     ,|      ,  ,8:20  ,8:33  ,↳     ,|      ,  ,  ,8:35  ,8:48  ,↳     ,|      ,  ,  ,8:50  ,9:03  ,↳     ,|      ,  ,  ,9:05  ,9:18  ,↳     ,|      ,  ,9:20  ,9:33  ,↳     ,|      ,  ,  ,9:35  ,9:48  ,↳     ,|      ,  ,  ,9:50  ,10:03  ,↳     ,|      ,  ,  ,10:05  ,10:18  ,↳     ,|      ,  ,10:20  ,10:33  ,↳     ,|      ,  ,  ,10:35  ,10:48  ,↳     ,|      ,  ,  ,10:50  ,11:03  ,  ,11:05  ,11:18  ,|      ,11:33  ,↳     ,  ,|      ,11:48  ,↳     ,  ,  ,|      ,  ,  ,11:50  ,12:03  ,  ,12:05  ,12:18  ,|      ,12:33  ,↳     ,  ,|      ,12:48  ,↳     ,  ,  ,|      ,  ,  ,12:50  ,13:03  ,  ,13:05  ,13:18  ,|      ,13:33  ,↳     ,  ,|      ,13:48  ,↳     ,  ,  ,|      ,  ,  ,13:50  ,14:03  ,  ,14:05  ,14:18  ,|      ,14:33  ,↳     ,  ,|      ,14:48  ,↳     ,  ,  ,|      ,  ,  ,14:50  ,15:03  ,  ,15:05  ,15:18  ,|      ,15:33  ,↳     ,  ,|      ,15:48  ,↳     ,  ,  ,|      ,  ,  ,15:50  ,16:03  ,↳     ,|      ,  ,  ,16:05  ,16:18  ,↳     ,|      ,  ,16:20  ,16:33  ,↳     ,|      ,  ,  ,16:35  ,16:48  ,↳     ,|      ,  ,  ,16:50  ,17:03  ,↳     ,|      ,  ,  ,17:05  ,17:18  ,↳     ,|      ,  ,17:20  ,17:33  ,↳     ,|      ,  ,  
47,ATHERTON,  ,  ,  ,|      ,  ,|      ,|      ,  ,  ,|      ,  ,  ,5:53  ,|      ,  ,|      ,  ,  ,|      ,|      ,  ,|      ,  ,|      ,|      ,  ,|      ,  ,  ,|      ,|      ,  ,|      ,  ,  ,6:53  ,|      ,  ,|      ,  ,  ,|      ,|      ,  ,|      ,  ,|      ,|      ,  ,|      ,  ,  ,|      ,|      ,  ,|      ,  ,  ,7:53  ,|      ,  ,|      ,  ,  ,|      ,|      ,  ,|      ,  ,|      ,|      ,  ,|      ,  ,  ,|      ,|      ,  ,|      ,  ,  ,8:53  ,|      ,  ,|      ,  ,  ,|      ,|      ,  ,|      ,  ,|      ,|      ,  ,|      ,  ,  ,|      ,|      ,  ,|      ,  ,  ,9:53  ,|      ,  ,|      ,  ,  ,|      ,|      ,  ,|      ,  ,|      ,|      ,  ,|      ,  ,  ,|      ,|      ,  ,|      ,  ,  ,10:53  ,|      ,  ,|      ,|      ,|      ,|      ,  ,  ,|      ,|      ,  ,  ,  ,|      ,  ,  ,11:53  ,|      ,  ,|      ,|      ,|      ,|      ,  ,  ,|      ,|      ,  ,  ,  ,|      ,  ,  ,12:53  ,|      ,  ,|      ,|      ,|      ,|      ,  ,  ,|      ,|      ,  ,  ,  ,|      ,  ,  ,13:53  ,|      ,  ,|      ,|      ,|      ,|      ,  ,  ,|      ,|      ,  ,  ,  ,|      ,  ,  ,14:53  ,|      ,  ,|      ,|      ,|      ,|      ,  ,  ,|      ,|      ,  ,  ,  ,|      ,  ,  ,15:53  ,|      ,  ,|      ,  ,  ,|      ,|      ,  ,|      ,  ,|      ,|      ,  ,|      ,  ,  ,|      ,|      ,  ,|      ,  ,  ,16:53  ,|      ,  ,|      ,  ,  ,|      ,|      ,  ,|      ,  ,|      ,|      ,  ,|      ,  ,  
49,MENLO PARK,  ,  ,  ,|      ,  ,|      ,|      ,  ,  ,|      ,  ,  ,|      ,|      ,  ,|      ,  ,  ,6:09  ,|      ,  ,|      ,  ,6:24  ,|      ,  ,|      ,  ,  ,6:39  ,|      ,  ,|      ,  ,  ,|      ,|      ,  ,|      ,  ,  ,7:09  ,|      ,  ,|      ,  ,7:24  ,|      ,  ,|      ,  ,  ,7:39  ,|      ,  ,|      ,  ,  ,|      ,|      ,  ,|      ,  ,  ,8:09  ,|      ,  ,|      ,  ,8:24  ,|      ,  ,|      ,  ,  ,8:39  ,|      ,  ,|      ,  ,  ,|      ,|      ,  ,|      ,  ,  ,9:09  ,|      ,  ,|      ,  ,9:24  ,|      ,  ,|      ,  ,  ,9:39  ,|      ,  ,|      ,  ,  ,|      ,|      ,  ,|      ,  ,  ,10:09  ,|      ,  ,|      ,  ,10:24  ,|      ,  ,|      ,  ,  ,10:39  ,|      ,  ,|      ,  ,  ,|      ,|      ,  ,11:09  ,|      ,|      ,|      ,  ,  ,|      ,|      ,  ,  ,  ,|      ,  ,  ,|      ,|      ,  ,12:09  ,|      ,|      ,|      ,  ,  ,|      ,|      ,  ,  ,  ,|      ,  ,  ,|      ,|      ,  ,13:09  ,|      ,|      ,|      ,  ,  ,|      ,|      ,  ,  ,  ,|      ,  ,  ,|      ,|      ,  ,14:09  ,|      ,|      ,|      ,  ,  ,|      ,|      ,  ,  ,  ,|      ,  ,  ,|      ,|      ,  ,15:09  ,|      ,|      ,|      ,  ,  ,|      ,|      ,  ,  ,  ,|      ,  ,  ,|      ,|      ,  ,|      ,  ,  ,16:09  ,|      ,  ,|      ,  ,16:24  ,|      ,  ,|      ,  ,  ,16:39  ,|      ,  ,|      ,  ,  ,|      ,|      ,  ,|      ,  ,  ,17:09  ,|      ,  ,|      ,  ,17:24  ,|      ,  ,|      ,  ,  
51,PALO ALTO,  ,  ,  ,|      ,  ,|      ,5:53  ,  ,  ,|      ,  ,  ,5:57  ,6:08  ,  ,|      ,  ,  ,6:12  ,6:23  ,  ,|      ,  ,6:27  ,6:38  ,  ,|      ,  ,  ,6:42  ,6:53  ,  ,|      ,  ,  ,6:57  ,7:08  ,  ,|      ,  ,  ,7:12  ,7:23  ,  ,|      ,  ,7:27  ,7:38  ,  ,|      ,  ,  ,7:42  ,7:53  ,  ,|      ,  ,  ,7:57  ,8:08  ,  ,|      ,  ,  ,8:12  ,8:23  ,  ,|      ,  ,8:27  ,8:38  ,  ,|      ,  ,  ,8:42  ,8:53  ,  ,|      ,  ,  ,8:57  ,9:08  ,  ,|      ,  ,  ,9:12  ,9:23  ,  ,|      ,  ,9:27  ,9:38  ,  ,|      ,  ,  ,9:42  ,9:53  ,  ,|      ,  ,  ,9:57  ,10:08  ,  ,|      ,  ,  ,10:12  ,10:23  ,  ,|      ,  ,10:27  ,10:38  ,  ,|      ,  ,  ,10:42  ,10:53  ,  ,|      ,  ,  ,10:57  ,11:08  ,  ,11:12  ,11:23  ,|      ,11:38  ,  ,  ,|      ,11:53  ,  ,  ,  ,|      ,  ,  ,11:57  ,12:08  ,  ,12:12  ,12:23  ,|      ,12:38  ,  ,  ,|      ,12:53  ,  ,  ,  ,|      ,  ,  ,12:57  ,13:08  ,  ,13:12  ,13:23  ,|      ,13:38  ,  ,  ,|      ,13:53  ,  ,  ,  ,|      ,  ,  ,13:57  ,14:08  ,  ,14:12  ,14:23  ,|      ,14:38  ,  ,  ,|      ,14:53  ,  ,  ,  ,|      ,  ,  ,14:57  ,15:08  ,  ,15:12  ,15:23  ,|      ,15:38  ,  ,  ,|      ,15:53  ,  ,  ,  ,|      ,  ,  ,15:57  ,16:08  ,  ,|      ,  ,  ,16:12  ,16:23  ,  ,|      ,  ,16:27  ,16:38  ,  ,|      ,  ,  ,16:42  ,16:53  ,  ,|      ,  ,  ,16:57  ,17:08  ,  ,|      ,  ,  ,17:12  ,17:23  ,  ,|      ,  ,17:27  ,17:38  ,  ,|      ,  ,  
52,STANDFORD STADIUM,  ,  ,  ,|      ,  ,|      ,|      ,  ,  ,|      ,  ,  ,|      ,|      ,  ,|      ,  ,  ,|      ,|      ,  ,|      ,  ,|      ,|      ,  ,|      ,  ,  ,|      ,|      ,  ,|      ,  ,  ,|      ,|      ,  ,|      ,  ,  ,|      ,|      ,  ,|      ,  ,|      ,|      ,  ,|      ,  ,  ,|      ,|      ,  ,|      ,  ,  ,|      ,|      ,  ,|      ,  ,  ,|      ,|      ,  ,|      ,  ,|      ,|      ,  ,|      ,  ,  ,|      ,|      ,  ,|      ,  ,  ,|      ,|      ,  ,|      ,  ,  ,|      ,|      ,  ,|      ,  ,|      ,|      ,  ,|      ,  ,  ,|      ,|      ,  ,|      ,  ,  ,|      ,|      ,  ,|      ,  ,  ,|      ,|      ,  ,|      ,  ,|      ,|      ,  ,|      ,  ,  ,|      ,|      ,  ,|      ,  ,  ,|      ,|      ,  ,|      ,|      ,|      ,|      ,  ,  ,|      ,|      ,  ,  ,  ,|      ,  ,  ,|      ,|      ,  ,|      ,|      ,|      ,|      ,  ,  ,|      ,|      ,  ,  ,  ,|      ,  ,  ,|      ,|      ,  ,|      ,|      ,|      ,|      ,  ,  ,|      ,|      ,  ,  ,  ,|      ,  ,  ,|      ,|      ,  ,|      ,|      ,|      ,|      ,  ,  ,|      ,|      ,  ,  ,  ,|      ,  ,  ,|      ,|      ,  ,|      ,|      ,|      ,|      ,  ,  ,|      ,|      ,  ,  ,  ,|      ,  ,  ,|      ,|      ,  ,|      ,  ,  ,|      ,|      ,  ,|      ,  ,|      ,|      ,  ,|      ,  ,  ,|      ,|      ,  ,|      ,  ,  ,|      ,|      ,  ,|      ,  ,  ,|      ,|      ,  ,|      ,  ,|      ,|      ,  ,|      ,  ,  
53,CALIFORNIA AVENUE,  ,  ,  ,|      ,  ,|      ,|      ,  ,  ,|      ,  ,  ,6:03  ,|      ,  ,|      ,  ,  ,6:18  ,|      ,  ,|      ,  ,6:33  ,|      ,  ,|      ,  ,  ,6:48  ,|      ,  ,|      ,  ,  ,7:03  ,|      ,  ,|      ,  ,  ,7:18  ,|      ,  ,|      ,  ,7:33  ,|      ,  ,|      ,  ,  ,7:48  ,|      ,  ,|      ,  ,  ,8:03  ,|      ,  ,|      ,  ,  ,8:18  ,|      ,  ,|      ,  ,8:33  ,|      ,  ,|      ,  ,  ,8:48  ,|      ,  ,|      ,  ,  ,9:03  ,|      ,  ,|      ,  ,  ,9:18  ,|      ,  ,|      ,  ,9:33  ,|      ,  ,|      ,  ,  ,9:48  ,|      ,  ,|      ,  ,  ,10:03  ,|      ,  ,|      ,  ,  ,10:18  ,|      ,  ,|      ,  ,10:33  ,|      ,  ,|      ,  ,  ,10:48  ,|      ,  ,|      ,  ,  ,11:03  ,|      ,  ,11:18  ,|      ,|      ,|      ,  ,  ,|      ,|      ,  ,  ,  ,|      ,  ,  ,12:03  ,|      ,  ,12:18  ,|      ,|      ,|      ,  ,  ,|      ,|      ,  ,  ,  ,|      ,  ,  ,13:03  ,|      ,  ,13:18  ,|      ,|      ,|      ,  ,  ,|      ,|      ,  ,  ,  ,|      ,  ,  ,14:03  ,|      ,  ,14:18  ,|      ,|      ,|      ,  ,  ,|      ,|      ,  ,  ,  ,|      ,  ,  ,15:03  ,|      ,  ,15:18  ,|      ,|      ,|      ,  ,  ,|      ,|      ,  ,  ,  ,|      ,  ,  ,16:03  ,|      ,  ,|      ,  ,  ,16:18  ,|      ,  ,|      ,  ,16:33  ,|      ,  ,|      ,  ,  ,16:48  ,|      ,  ,|      ,  ,  ,17:03  ,|      ,  ,|      ,  ,  ,17:18  ,|      ,  ,|      ,  ,17:33  ,|      ,  ,|      ,  ,  
57,SAN ANTONIO,  ,  ,  ,|      ,  ,|      ,|      ,  ,  ,|      ,  ,  ,6:07  ,|      ,  ,|      ,  ,  ,6:22  ,|      ,  ,|      ,  ,6:37  ,|      ,  ,|      ,  ,  ,6:52  ,|      ,  ,|      ,  ,  ,7:07  ,|      ,  ,|      ,  ,  ,7:22  ,|      ,  ,|      ,  ,7:37  ,|      ,  ,|      ,  ,  ,7:52  ,|      ,  ,|      ,  ,  ,8:07  ,|      ,  ,|      ,  ,  ,8:22  ,|      ,  ,|      ,  ,8:37  ,|      ,  ,|      ,  ,  ,8:52  ,|      ,  ,|      ,  ,  ,9:07  ,|      ,  ,|      ,  ,  ,9:22  ,|      ,  ,|      ,  ,9:37  ,|      ,  ,|      ,  ,  ,9:52  ,|      ,  ,|      ,  ,  ,10:07  ,|      ,  ,|      ,  ,  ,10:22  ,|      ,  ,|      ,  ,10:37  ,|      ,  ,|      ,  ,  ,10:52  ,|      ,  ,|      ,  ,  ,11:07  ,|      ,  ,11:22  ,|      ,|      ,|      ,  ,  ,|      ,|      ,  ,  ,  ,|      ,  ,  ,12:07  ,|      ,  ,12:22  ,|      ,|      ,|      ,  ,  ,|      ,|      ,  ,  ,  ,|      ,  ,  ,13:07  ,|      ,  ,13:22  ,|      ,|      ,|      ,  ,  ,|      ,|      ,  ,  ,  ,|      ,  ,  ,14:07  ,|      ,  ,14:22  ,|      ,|      ,|      ,  ,  ,|      ,|      ,  ,  ,  ,|      ,  ,  ,15:07  ,|      ,  ,15:22  ,|      ,|      ,|      ,  ,  ,|      ,|      ,  ,  ,  ,|      ,  ,  ,16:07  ,|      ,  ,|      ,  ,  ,16:22  ,|      ,  ,|      ,  ,16:37  ,|      ,  ,|      ,  ,  ,16:52  ,|      ,  ,|      ,  ,  ,17:07  ,|      ,  ,|      ,  ,  ,17:22  ,|      ,  ,|      ,  ,17:37  ,|      ,  ,|      ,  ,  
60,MOUNTAIN VIEW,  ,  ,  ,|      ,  ,|      ,5:59  ,  ,  ,|      ,  ,  ,6:11  ,6:14  ,  ,|      ,  ,  ,6:26  ,6:29  ,  ,|      ,  ,6:40  ,6:44  ,  ,|      ,  ,  ,6:56  ,6:59  ,  ,|      ,  ,  ,7:11  ,7:14  ,  ,|      ,  ,  ,7:26  ,7:29  ,  ,|      ,  ,7:40  ,7:44  ,  ,|      ,  ,  ,7:56  ,7:59  ,  ,|      ,  ,  ,8:11  ,8:14  ,  ,|      ,  ,  ,8:26  ,8:29  ,  ,|      ,  ,8:40  ,8:44  ,  ,|      ,  ,  ,8:56  ,8:59  ,  ,|      ,  ,  ,9:11  ,9:14  ,  ,|      ,  ,  ,9:26  ,9:29  ,  ,|      ,  ,9:40  ,9:44  ,  ,|      ,  ,  ,9:56  ,9:59  ,  ,|      ,  ,  ,10:11  ,10:14  ,  ,|      ,  ,  ,10:26  ,10:29  ,  ,|      ,  ,10:40  ,10:44  ,  ,|      ,  ,  ,10:56  ,10:59  ,  ,|      ,  ,  ,11:11  ,11:14  ,  ,11:26  ,11:29  ,|      ,11:44  ,  ,  ,|      ,11:59  ,  ,  ,  ,|      ,  ,  ,12:11  ,12:14  ,  ,12:26  ,12:29  ,|      ,12:44  ,  ,  ,|      ,12:59  ,  ,  ,  ,|      ,  ,  ,13:11  ,13:14  ,  ,13:26  ,13:29  ,|      ,13:44  ,  ,  ,|      ,13:59  ,  ,  ,  ,|      ,  ,  ,14:11  ,14:14  ,  ,14:26  ,14:29  ,|      ,14:44  ,  ,  ,|      ,14:59  ,  ,  ,  ,|      ,  ,  ,15:11  ,15:14  ,  ,15:26  ,15:29  ,|      ,15:44  ,  ,  ,|      ,15:59  ,  ,  ,  ,|      ,  ,  ,16:11  ,16:14  ,  ,|      ,  ,  ,16:26  ,16:29  ,  ,|      ,  ,16:40  ,16:44  ,  ,|      ,  ,  ,16:56  ,16:59  ,  ,|      ,  ,  ,17:11  ,17:14  ,  ,|      ,  ,  ,17:26  ,17:29  ,  ,|      ,  ,17:40  ,17:44  ,  ,|      ,  ,  
65,SUNNYVALE,  ,  ,  ,|      ,  ,|      ,6:04  ,  ,  ,|      ,  ,  ,6:14  ,6:19  ,  ,|      ,  ,  ,6:29  ,6:34  ,  ,|      ,  ,6:44  ,6:49  ,  ,|      ,  ,  ,6:59  ,7:04  ,  ,|      ,  ,  ,7:14  ,7:19  ,  ,|      ,  ,  ,7:29  ,7:34  ,  ,|      ,  ,7:44  ,7:49  ,  ,|      ,  ,  ,7:59  ,8:04  ,  ,|      ,  ,  ,8:14  ,8:19  ,  ,|      ,  ,  ,8:29  ,8:34  ,  ,|      ,  ,8:44  ,8:49  ,  ,|      ,  ,  ,8:59  ,9:04  ,  ,|      ,  ,  ,9:14  ,9:19  ,  ,|      ,  ,  ,9:29  ,9:34  ,  ,|      ,  ,9:44  ,9:49  ,  ,|      ,  ,  ,9:59  ,10:04  ,  ,|      ,  ,  ,10:14  ,10:19  ,  ,|      ,  ,  ,10:29  ,10:34  ,  ,|      ,  ,10:44  ,10:49  ,  ,|      ,  ,  ,10:59  ,11:04  ,  ,|      ,  ,  ,11:14  ,11:19  ,  ,11:29  ,11:34  ,|      ,11:49  ,  ,  ,|      ,12:04  ,  ,  ,  ,|      ,  ,  ,12:14  ,12:19  ,  ,12:29  ,12:34  ,|      ,12:49  ,  ,  ,|      ,13:04  ,  ,  ,  ,|      ,  ,  ,13:14  ,13:19  ,  ,13:29  ,13:34  ,|      ,13:49  ,  ,  ,|      ,14:04  ,  ,  ,  ,|      ,  ,  ,14:14  ,14:19  ,  ,14:29  ,14:34  ,|      ,14:49  ,  ,  ,|      ,15:04  ,  ,  ,  ,|      ,  ,  ,15:14  ,15:19  ,  ,15:29  ,15:34  ,|      ,15:49  ,  ,  ,|      ,16:04  ,  ,  ,  ,|      ,  ,  ,16:14  ,16:19  ,  ,|      ,  ,  ,16:29  ,16:34  ,  ,|      ,  ,16:44  ,16:49  ,  ,|      ,  ,  ,16:59  ,17:04  ,  ,|      ,  ,  ,17:14  ,17:19  ,  ,|      ,  ,  ,17:29  ,17:34  ,  ,|      ,  ,17:44  ,17:49  ,  ,|      ,  ,  
66,CP Hendy,  ,  ,  ,|      ,  ,|      ,|      ,  ,  ,|      ,  ,  ,|      ,|      ,  ,|      ,  ,  ,|      ,|      ,  ,|      ,  ,|      ,|      ,  ,|      ,  ,  ,|      ,|      ,  ,|      ,  ,  ,|      ,|      ,  ,|      ,  ,  ,|      ,|      ,  ,|      ,  ,|      ,|      ,  ,|      ,  ,  ,|      ,|      ,  ,|      ,  ,  ,|      ,|      ,  ,|      ,  ,  ,|      ,|      ,  ,|      ,  ,|      ,|      ,  ,|      ,  ,  ,|      ,|      ,  ,|      ,  ,  ,|      ,|      ,  ,|      ,  ,  ,|      ,|      ,  ,|      ,  ,|      ,|      ,  ,|      ,  ,  ,|      ,|      ,  ,|      ,  ,  ,|      ,|      ,  ,|      ,  ,  ,|      ,|      ,  ,|      ,  ,|      ,|      ,  ,|      ,  ,  ,|      ,|      ,  ,|      ,  ,  ,|      ,|      ,  ,|      ,|      ,|      ,|      ,  ,  ,|      ,|      ,  ,  ,  ,|      ,  ,  ,|      ,|      ,  ,|      ,|      ,|      ,|      ,  ,  ,|      ,|      ,  ,  ,  ,|      ,  ,  ,|      ,|      ,  ,|      ,|      ,|      ,|      ,  ,  ,|      ,|      ,  ,  ,  ,|      ,  ,  ,|      ,|      ,  ,|      ,|      ,|      ,|      ,  ,  ,|      ,|      ,  ,  ,  ,|      ,  ,  ,|      ,|      ,  ,|      ,|      ,|      ,|      ,  ,  ,|      ,|      ,  ,  ,  ,|      ,  ,  ,|      ,|      ,  ,|      ,  ,  ,|      ,|      ,  ,|      ,  ,|      ,|      ,  ,|      ,  ,  ,|      ,|      ,  ,|      ,  ,  ,|      ,|      ,  ,|      ,  ,  ,|      ,|      ,  ,|      ,  ,|      ,|      ,  ,|      ,  ,  
68,LAWRENCE,  ,  ,  ,|      ,  ,|      ,|      ,  ,  ,|      ,  ,  ,6:17  ,|      ,  ,|      ,  ,  ,6:32  ,|      ,  ,|      ,  ,6:47  ,|      ,  ,|      ,  ,  ,7:02  ,|      ,  ,|      ,  ,  ,7:17  ,|      ,  ,|      ,  ,  ,7:32  ,|      ,  ,|      ,  ,7:47  ,|      ,  ,|      ,  ,  ,8:02  ,|      ,  ,|      ,  ,  ,8:17  ,|      ,  ,|      ,  ,  ,8:32  ,|      ,  ,|      ,  ,8:47  ,|      ,  ,|      ,  ,  ,9:02  ,|      ,  ,|      ,  ,  ,9:17  ,|      ,  ,|      ,  ,  ,9:32  ,|      ,  ,|      ,  ,9:47  ,|      ,  ,|      ,  ,  ,10:02  ,|      ,  ,|      ,  ,  ,10:17  ,|      ,  ,|      ,  ,  ,10:32  ,|      ,  ,|      ,  ,10:47  ,|      ,  ,|      ,  ,  ,11:02  ,|      ,  ,|      ,  ,  ,11:17  ,|      ,  ,11:32  ,|      ,|      ,|      ,  ,  ,|      ,|      ,  ,  ,  ,|      ,  ,  ,12:17  ,|      ,  ,12:32  ,|      ,|      ,|      ,  ,  ,|      ,|      ,  ,  ,  ,|      ,  ,  ,13:17  ,|      ,  ,13:32  ,|      ,|      ,|      ,  ,  ,|      ,|      ,  ,  ,  ,|      ,  ,  ,14:17  ,|      ,  ,14:32  ,|      ,|      ,|      ,  ,  ,|      ,|      ,  ,  ,  ,|      ,  ,  ,15:17  ,|      ,  ,15:32  ,|      ,|      ,|      ,  ,  ,|      ,|      ,  ,  ,  ,|      ,  ,  ,16:17  ,|      ,  ,|      ,  ,  ,16:32  ,|      ,  ,|      ,  ,16:47  ,|      ,  ,|      ,  ,  ,17:02  ,|      ,  ,|      ,  ,  ,17:17  ,|      ,  ,|      ,  ,  ,17:32  ,|      ,  ,|      ,  ,17:47  ,|      ,  ,|      ,  ,  
74,SANTA CLARA,  ,  ,  ,|      ,  ,|      ,|      ,  ,  ,|      ,  ,  ,6:22  ,|      ,  ,|      ,  ,  ,6:37  ,|      ,  ,|      ,  ,6:51  ,|      ,  ,|      ,  ,  ,7:07  ,|      ,  ,|      ,  ,  ,7:22  ,|      ,  ,|      ,  ,  ,7:37  ,|      ,  ,|      ,  ,7:51  ,|      ,  ,|      ,  ,  ,8:07  ,|      ,  ,|      ,  ,  ,8:22  ,|      ,  ,|      ,  ,  ,8:37  ,|      ,  ,|      ,  ,8:51  ,|      ,  ,|      ,  ,  ,9:07  ,|      ,  ,|      ,  ,  ,9:22  ,|      ,  ,|      ,  ,  ,9:37  ,|      ,  ,|      ,  ,9:51  ,|      ,  ,|      ,  ,  ,10:07  ,|      ,  ,|      ,  ,  ,10:22  ,|      ,  ,|      ,  ,  ,10:37  ,|      ,  ,|      ,  ,10:51  ,|      ,  ,|      ,  ,  ,11:07  ,|      ,  ,|      ,  ,  ,11:22  ,|      ,  ,11:37  ,|      ,|      ,|      ,  ,  ,|      ,|      ,  ,  ,  ,|      ,  ,  ,12:22  ,|      ,  ,12:37  ,|      ,|      ,|      ,  ,  ,|      ,|      ,  ,  ,  ,|      ,  ,  ,13:22  ,|      ,  ,13:37  ,|      ,|      ,|      ,  ,  ,|      ,|      ,  ,  ,  ,|      ,  ,  ,14:22  ,|      ,  ,14:37  ,|      ,|      ,|      ,  ,  ,|      ,|      ,  ,  ,  ,|      ,  ,  ,15:22  ,|      ,  ,15:37  ,|      ,|      ,|      ,  ,  ,|      ,|      ,  ,  ,  ,|      ,  ,  ,16:22  ,|      ,  ,|      ,  ,  ,16:37  ,|      ,  ,|      ,  ,16:51  ,|      ,  ,|      ,  ,  ,17:07  ,|      ,  ,|      ,  ,  ,17:22  ,|      ,  ,|      ,  ,  ,17:37  ,|      ,  ,|      ,  ,17:51  ,|      ,  ,|      ,  ,  
76,COLLEGE PARK,  ,  ,  ,|      ,  ,|      ,|      ,  ,  ,|      ,↴      ,  ,|      ,|      ,  ,|      ,↴      ,  ,|      ,|      ,  ,|      ,↴      ,|      ,|      ,  ,|      ,↴      ,  ,|      ,|      ,  ,|      ,↴      ,  ,|      ,|      ,  ,|      ,↴      ,  ,|      ,|      ,  ,|      ,↴      ,|      ,|      ,  ,|      ,↴      ,  ,|      ,|      ,  ,|      ,↴      ,  ,|      ,|      ,  ,|      ,↴      ,  ,|      ,|      ,  ,|      ,↴      ,|      ,|      ,  ,|      ,↴      ,  ,|      ,|      ,  ,|      ,↴      ,  ,|      ,|      ,  ,|      ,↴      ,  ,|      ,|      ,  ,|      ,↴      ,|      ,|      ,  ,|      ,↴      ,  ,|      ,|      ,  ,|      ,↴      ,  ,|      ,|      ,  ,|      ,↴      ,  ,|      ,|      ,  ,|      ,↴      ,|      ,|      ,  ,|      ,↴      ,  ,|      ,|      ,  ,|      ,↴      ,  ,|      ,|      ,  ,|      ,|      ,|      ,|      ,  ,↴      ,|      ,|      ,  ,↴      ,  ,|      ,↴      ,  ,|      ,|      ,  ,|      ,|      ,|      ,|      ,  ,↴      ,|      ,|      ,  ,↴      ,  ,|      ,↴      ,  ,|      ,|      ,  ,|      ,|      ,|      ,|      ,  ,↴      ,|      ,|      ,  ,↴      ,  ,|      ,↴      ,  ,|      ,|      ,  ,|      ,|      ,|      ,|      ,  ,↴      ,|      ,|      ,  ,↴      ,  ,|      ,↴      ,  ,|      ,|      ,  ,|      ,|      ,|      ,|      ,  ,↴      ,|      ,|      ,  ,↴      ,  ,|      ,↴      ,  ,|      ,|      ,  ,|      ,↴      ,  ,|      ,|      ,  ,|      ,↴      ,|      ,|      ,  ,|      ,↴      ,  ,|      ,|      ,  ,|      ,↴      ,  ,|      ,|      ,  ,|      ,↴      ,  ,|      ,|      ,  ,|      ,↴      ,|      ,|      ,  ,|      ,↴      ,  
78,SAN JOSE,5:13  ,5:28  ,5:43  ,5:48  ,  ,6:03  ,↳     ,  ,6:13  ,6:18  ,6:20  ,6:28  ,6:30  ,↳     ,  ,6:33  ,6:35  ,6:43  ,6:45  ,↳     ,  ,6:48  ,6:50  ,7:00  ,↳     ,  ,7:03  ,7:05  ,7:13  ,7:15  ,↳     ,  ,7:18  ,7:20  ,7:28  ,7:30  ,↳     ,  ,7:33  ,7:35  ,7:43  ,7:45  ,↳     ,  ,7:48  ,7:50  ,8:00  ,↳     ,  ,8:03  ,8:05  ,8:13  ,8:15  ,↳     ,  ,8:18  ,8:20  ,8:28  ,8:30  ,↳     ,  ,8:33  ,8:35  ,8:43  ,8:45  ,↳     ,  ,8:48  ,8:50  ,9:00  ,↳     ,  ,9:03  ,9:05  ,9:13  ,9:15  ,↳     ,  ,9:18  ,9:20  ,9:28  ,9:30  ,↳     ,  ,9:33  ,9:35  ,9:43  ,9:45  ,↳     ,  ,9:48  ,9:50  ,10:00  ,↳     ,  ,10:03  ,10:05  ,10:13  ,10:15  ,↳     ,  ,10:18  ,10:20  ,10:28  ,10:30  ,↳     ,  ,10:33  ,10:35  ,10:43  ,10:45  ,↳     ,  ,10:48  ,10:50  ,11:00  ,↳     ,  ,11:03  ,11:05  ,11:13  ,11:15  ,↳     ,  ,11:18  ,11:20  ,11:28  ,11:30  ,11:35  ,11:43  ,11:45  ,↳     ,11:48  ,↳     ,  ,11:50  ,12:03  ,↳     ,  ,12:05  ,12:13  ,12:18  ,12:20  ,12:28  ,12:30  ,12:35  ,12:43  ,12:45  ,↳     ,12:48  ,↳     ,  ,12:50  ,13:03  ,↳     ,  ,13:05  ,13:13  ,13:18  ,13:20  ,13:28  ,13:30  ,13:35  ,13:43  ,13:45  ,↳     ,13:48  ,↳     ,  ,13:50  ,14:03  ,↳     ,  ,14:05  ,14:13  ,14:18  ,14:20  ,14:28  ,14:30  ,14:35  ,14:43  ,14:45  ,↳     ,14:48  ,↳     ,  ,14:50  ,15:03  ,↳     ,  ,15:05  ,15:13  ,15:18  ,15:20  ,15:28  ,15:30  ,15:35  ,15:43  ,15:45  ,↳     ,15:48  ,↳     ,  ,15:50  ,16:03  ,↳     ,  ,16:05  ,16:13  ,16:18  ,16:20  ,16:28  ,16:30  ,↳     ,  ,16:33  ,16:35  ,16:43  ,16:45  ,↳     ,  ,16:48  ,16:50  ,17:00  ,↳     ,  ,17:03  ,17:05  ,17:13  ,17:15  ,↳     ,  ,17:18  ,17:20  ,17:28  ,17:30  ,↳     ,  ,17:33  ,17:35  ,17:43  ,17:45  ,↳     ,  ,17:48  ,17:50  ,18:00  ,↳     ,  ,18:03  ,18:05  ,18:13  
81,TAMIEN (HSR) $,|      ,|      ,|      ,|      ,  ,|      ,  ,  ,|      ,|      ,6:24  ,|      ,o 6:33  ,  ,  ,|      ,6:39  ,|      ,o 6:48  ,  ,  ,|      ,6:54  ,o 7:03  ,  ,  ,|      ,7:09  ,|      ,o 7:18  ,  ,  ,|      ,7:24  ,|      ,o 7:33  ,  ,  ,|      ,7:39  ,|      ,o 7:48  ,  ,  ,|      ,7:54  ,o 8:03  ,  ,  ,|      ,8:09  ,|      ,o 8:18  ,  ,  ,|      ,8:24  ,|      ,o 8:33  ,  ,  ,|      ,8:39  ,|      ,o 8:48  ,  ,  ,|      ,8:54  ,o 9:03  ,  ,  ,|      ,9:09  ,|      ,o 9:18  ,  ,  ,|      ,9:24  ,|      ,o 9:33  ,  ,  ,|      ,9:39  ,|      ,o 9:48  ,  ,  ,|      ,9:54  ,o 10:03  ,  ,  ,|      ,10:09  ,|      ,o 10:18  ,  ,  ,|      ,10:24  ,|      ,o 10:33  ,  ,  ,|      ,10:39  ,|      ,o 10:48  ,  ,  ,|      ,10:54  ,o 11:03  ,  ,  ,|      ,11:09  ,|      ,o 11:18  ,  ,  ,|      ,11:24  ,|      ,o 11:33  ,11:39  ,|      ,o 11:48  ,  ,|      ,  ,  ,11:54  ,|      ,  ,  ,12:09  ,|      ,|      ,12:24  ,|      ,o 12:33  ,12:39  ,|      ,o 12:48  ,  ,|      ,  ,  ,12:54  ,|      ,  ,  ,13:09  ,|      ,|      ,13:24  ,|      ,o 13:33  ,13:39  ,|      ,o 13:48  ,  ,|      ,  ,  ,13:54  ,|      ,  ,  ,14:09  ,|      ,|      ,14:24  ,|      ,o 14:33  ,14:39  ,|      ,o 14:48  ,  ,|      ,  ,  ,14:54  ,|      ,  ,  ,15:09  ,|      ,|      ,15:24  ,|      ,o 15:33  ,15:39  ,|      ,o 15:48  ,  ,|      ,  ,  ,15:54  ,|      ,  ,  ,16:09  ,|      ,|      ,16:24  ,|      ,o 16:33  ,  ,  ,|      ,16:39  ,|      ,o 16:48  ,  ,  ,|      ,16:54  ,o 17:03  ,  ,  ,|      ,17:09  ,|      ,o 17:18  ,  ,  ,|      ,17:24  ,|      ,o 17:33  ,  ,  ,|      ,17:39  ,|      ,o 17:48  ,  ,  ,|      ,17:54  ,o 18:03  ,  ,  ,|      ,18:09  ,|      
86,CAPITOL (HSR) $,|      ,|      ,|      ,|      ,  ,|      ,  ,  ,|      ,|      ,6:28  ,|      ,  ,  ,  ,|      ,6:43  ,|      ,  ,  ,  ,|      ,6:58  ,  ,  ,  ,|      ,7:13  ,|      ,  ,  ,  ,|      ,7:28  ,|      ,  ,  ,  ,|      ,7:43  ,|      ,  ,  ,  ,|      ,7:58  ,  ,  ,  ,|      ,8:13  ,|      ,  ,  ,  ,|      ,8:28  ,|      ,  ,  ,  ,|      ,8:43  ,|      ,  ,  ,  ,|      ,8:58  ,  ,  ,  ,|      ,9:13  ,|      ,  ,  ,  ,|      ,9:28  ,|      ,  ,  ,  ,|      ,9:43  ,|      ,  ,  ,  ,|      ,9:58  ,  ,  ,  ,|      ,10:13  ,|      ,  ,  ,  ,|      ,10:28  ,|      ,  ,  ,  ,|      ,10:43  ,|      ,  ,  ,  ,|      ,10:58  ,  ,  ,  ,|      ,11:13  ,|      ,  ,  ,  ,|      ,11:28  ,|      ,  ,11:43  ,|      ,  ,  ,|      ,  ,  ,11:58  ,|      ,  ,  ,12:13  ,|      ,|      ,12:28  ,|      ,  ,12:43  ,|      ,  ,  ,|      ,  ,  ,12:58  ,|      ,  ,  ,13:13  ,|      ,|      ,13:28  ,|      ,  ,13:43  ,|      ,  ,  ,|      ,  ,  ,13:58  ,|      ,  ,  ,14:13  ,|      ,|      ,14:28  ,|      ,  ,14:43  ,|      ,  ,  ,|      ,  ,  ,14:58  ,|      ,  ,  ,15:13  ,|      ,|      ,15:28  ,|      ,  ,15:43  ,|      ,  ,  ,|      ,  ,  ,15:58  ,|      ,  ,  ,16:13  ,|      ,|      ,16:28  ,|      ,  ,  ,  ,|      ,16:43  ,|      ,  ,  ,  ,|      ,16:58  ,  ,  ,  ,|      ,17:13  ,|      ,  ,  ,  ,|      ,17:28  ,|      ,  ,  ,  ,|      ,17:43  ,|      ,  ,  ,  ,|      ,17:58  ,  ,  ,  ,|      ,18:13  ,|      
91,BLOSSOM HILL (HSR) $,|      ,|      ,|      ,|      ,  ,|      ,  ,  ,|      ,|      ,6:32  ,|      ,  ,  ,  ,|      ,o 6:46  ,|      ,  ,  ,  ,|      ,7:02  ,  ,  ,  ,|      ,o 7:16  ,|      ,  ,  ,  ,|      ,7:32  ,|      ,  ,  ,  ,|      ,o 7:46  ,|      ,  ,  ,  ,|      ,8:02  ,  ,  ,  ,|      ,o 8:16  ,|      ,  ,  ,  ,|      ,8:32  ,|      ,  ,  ,  ,|      ,o 8:46  ,|      ,  ,  ,  ,|      ,9:02  ,  ,  ,  ,|      ,o 9:16  ,|      ,  ,  ,  ,|      ,9:32  ,|      ,  ,  ,  ,|      ,o 9:46  ,|      ,  ,  ,  ,|      ,10:02  ,  ,  ,  ,|      ,o 10:16  ,|      ,  ,  ,  ,|      ,10:32  ,|      ,  ,  ,  ,|      ,o 10:46  ,|      ,  ,  ,  ,|      ,11:02  ,  ,  ,  ,|      ,o 11:16  ,|      ,  ,  ,  ,|      ,11:32  ,|      ,  ,o 11:46  ,|      ,  ,  ,|      ,  ,  ,12:02  ,|      ,  ,  ,o 12:16  ,|      ,|      ,12:32  ,|      ,  ,o 12:46  ,|      ,  ,  ,|      ,  ,  ,13:02  ,|      ,  ,  ,o 13:16  ,|      ,|      ,13:32  ,|      ,  ,o 13:46  ,|      ,  ,  ,|      ,  ,  ,14:02  ,|      ,  ,  ,o 14:16  ,|      ,|      ,14:32  ,|      ,  ,o 14:46  ,|      ,  ,  ,|      ,  ,  ,15:02  ,|      ,  ,  ,o 15:16  ,|      ,|      ,15:32  ,|      ,  ,o 15:46  ,|      ,  ,  ,|      ,  ,  ,16:02  ,|      ,  ,  ,o 16:16  ,|      ,|      ,16:32  ,|      ,  ,  ,  ,|      ,o 16:46  ,|      ,  ,  ,  ,|      ,17:02  ,  ,  ,  ,|      ,o 17:16  ,|      ,  ,  ,  ,|      ,17:32  ,|      ,  ,  ,  ,|      ,o 17:46  ,|      ,  ,  ,  ,|      ,18:02  ,  ,  ,  ,|      ,o 18:16  ,|      
110,MORGAN HILL (HSR) $,|      ,|      ,|      ,|      ,  ,|      ,  ,  ,|      ,|      ,6:41  ,|      ,  ,  ,  ,|      ,  ,|      ,  ,  ,  ,|      ,7:11  ,  ,  ,  ,|      ,  ,|      ,  ,  ,  ,|      ,7:41  ,|      ,  ,  ,  ,|      ,  ,|      ,  ,  ,  ,|      ,8:11  ,  ,  ,  ,|      ,  ,|      ,  ,  ,  ,|      ,8:41  ,|      ,  ,  ,  ,|      ,  ,|      ,  ,  ,  ,|      ,9:11  ,  ,  ,  ,|      ,  ,|      ,  ,  ,  ,|      ,9:41  ,|      ,  ,  ,  ,|      ,  ,|      ,  ,  ,  ,|      ,10:11  ,  ,  ,  ,|      ,  ,|      ,  ,  ,  ,|      ,10:41  ,|      ,  ,  ,  ,|      ,  ,|      ,  ,  ,  ,|      ,11:11  ,  ,  ,  ,|      ,  ,|      ,  ,  ,  ,|      ,11:41  ,|      ,  ,  ,|      ,  ,  ,|      ,  ,  ,12:11  ,|      ,  ,  ,  ,|      ,|      ,12:41  ,|      ,  ,  ,|      ,  ,  ,|      ,  ,  ,13:11  ,|      ,  ,  ,  ,|      ,|      ,13:41  ,|      ,  ,  ,|      ,  ,  ,|      ,  ,  ,14:11  ,|      ,  ,  ,  ,|      ,|      ,14:41  ,|      ,  ,  ,|      ,  ,  ,|      ,  ,  ,15:11  ,|      ,  ,  ,  ,|      ,|      ,15:41  ,|      ,  ,  ,|      ,  ,  ,|      ,  ,  ,16:11  ,|      ,  ,  ,  ,|      ,|      ,16:41  ,|      ,  ,  ,  ,|      ,  ,|      ,  ,  ,  ,|      ,17:11  ,  ,  ,  ,|      ,  ,|      ,  ,  ,  ,|      ,17:41  ,|      ,  ,  ,  ,|      ,  ,|      ,  ,  ,  ,|      ,18:11  ,  ,  ,  ,|      ,  ,|      
116,SAN MARTIIN (HSR) $,|      ,|      ,|      ,|      ,  ,|      ,  ,  ,|      ,|      ,|      ,|      ,  ,  ,  ,|      ,  ,|      ,  ,  ,  ,|      ,|      ,  ,  ,  ,|      ,  ,|      ,  ,  ,  ,|      ,|      ,|      ,  ,  ,  ,|      ,  ,|      ,  ,  ,  ,|      ,|      ,  ,  ,  ,|      ,  ,|      ,  ,  ,  ,|      ,|      ,|      ,  ,  ,  ,|      ,  ,|      ,  ,  ,  ,|      ,|      ,  ,  ,  ,|      ,  ,|      ,  ,  ,  ,|      ,|      ,|      ,  ,  ,  ,|      ,  ,|      ,  ,  ,  ,|      ,|      ,  ,  ,  ,|      ,  ,|      ,  ,  ,  ,|      ,|      ,|      ,  ,  ,  ,|      ,  ,|      ,  ,  ,  ,|      ,|      ,  ,  ,  ,|      ,  ,|      ,  ,  ,  ,|      ,|      ,|      ,  ,  ,|      ,  ,  ,|      ,  ,  ,|      ,|      ,  ,  ,  ,|      ,|      ,|      ,|      ,  ,  ,|      ,  ,  ,|      ,  ,  ,|      ,|      ,  ,  ,  ,|      ,|      ,|      ,|      ,  ,  ,|      ,  ,  ,|      ,  ,  ,|      ,|      ,  ,  ,  ,|      ,|      ,|      ,|      ,  ,  ,|      ,  ,  ,|      ,  ,  ,|      ,|      ,  ,  ,  ,|      ,|      ,|      ,|      ,  ,  ,|      ,  ,  ,|      ,  ,  ,|      ,|      ,  ,  ,  ,|      ,|      ,|      ,|      ,  ,  ,  ,|      ,  ,|      ,  ,  ,  ,|      ,|      ,  ,  ,  ,|      ,  ,|      ,  ,  ,  ,|      ,|      ,|      ,  ,  ,  ,|      ,  ,|      ,  ,  ,  ,|      ,|      ,  ,  ,  ,|      ,  ,|      
126,GILROY (HSR) $,5:39  ,5:54  ,6:09  ,6:13  ,  ,6:28  ,  ,  ,6:39  ,6:43  ,o 6:50  ,6:54  ,  ,  ,  ,6:58  ,  ,7:09  ,  ,  ,  ,7:13  ,o 7:20  ,  ,  ,  ,7:28  ,  ,7:39  ,  ,  ,  ,7:43  ,o 7:50  ,7:54  ,  ,  ,  ,7:58  ,  ,8:09  ,  ,  ,  ,8:13  ,o 8:20  ,  ,  ,  ,8:28  ,  ,8:39  ,  ,  ,  ,8:43  ,o 8:50  ,8:54  ,  ,  ,  ,8:58  ,  ,9:09  ,  ,  ,  ,9:13  ,o 9:20  ,  ,  ,  ,9:28  ,  ,9:39  ,  ,  ,  ,9:43  ,o 9:50  ,9:54  ,  ,  ,  ,9:58  ,  ,10:09  ,  ,  ,  ,10:13  ,o 10:20  ,  ,  ,  ,10:28  ,  ,10:39  ,  ,  ,  ,10:43  ,o 10:50  ,10:54  ,  ,  ,  ,10:58  ,  ,11:09  ,  ,  ,  ,11:13  ,o 11:20  ,  ,  ,  ,11:28  ,  ,11:39  ,  ,  ,  ,11:43  ,o 11:50  ,11:54  ,  ,  ,12:09  ,  ,  ,12:13  ,  ,  ,o 12:20  ,12:28  ,  ,  ,  ,12:39  ,12:43  ,o 12:50  ,12:54  ,  ,  ,13:09  ,  ,  ,13:13  ,  ,  ,o 13:20  ,13:28  ,  ,  ,  ,13:39  ,13:43  ,o 13:50  ,13:54  ,  ,  ,14:09  ,  ,  ,14:13  ,  ,  ,o 14:20  ,14:28  ,  ,  ,  ,14:39  ,14:43  ,o 14:50  ,14:54  ,  ,  ,15:09  ,  ,  ,15:13  ,  ,  ,o 15:20  ,15:28  ,  ,  ,  ,15:39  ,15:43  ,o 15:50  ,15:54  ,  ,  ,16:09  ,  ,  ,16:13  ,  ,  ,o 16:20  ,16:28  ,  ,  ,  ,16:39  ,16:43  ,o 16:50  ,16:54  ,  ,  ,  ,16:58  ,  ,17:09  ,  ,  ,  ,17:13  ,o 17:20  ,  ,  ,  ,17:28  ,  ,17:39  ,  ,  ,  ,17:43  ,o 17:50  ,17:54  ,  ,  ,  ,17:58  ,  ,18:09  ,  ,  ,  ,18:13  ,o 18:20  ,  ,  ,  ,18:28  ,  ,18:39  