km,From:,REG (C-LCL),REG (C-EXP),REG (C-LCL),REG (C-LCL),REG (C-EXP),REG (C-LCL),REG (C-EXP),HSR,REG (C-LCL),REG (C-EXP),REG (C-LCL),HSR,REG (C-EXP),HSR,REG (C-LCL),REG (C-EXP),REG (C-LCL),HSR,REG (C-EXP),HSR,REG (C-LCL),REG (C-EXP),REG (C-LCL),REG (C-EXP),HSR,REG (C-LCL),REG (C-EXP),REG (C-LCL),HSR,REG (C-EXP),HSR,REG (C-LCL),REG (C-EXP),REG (C-LCL),HSR,REG (C-EXP),HSR,REG (C-LCL),REG (C-EXP),REG (C-LCL),HSR,REG (C-EXP),HSR,REG (C-LCL),REG (C-EXP),REG (C-LCL),REG (C-EXP),HSR,REG (C-LCL),REG (C-EXP),REG (C-LCL),HSR,REG (C-EXP),HSR,REG (C-LCL),REG (C-EXP),REG (C-LCL),HSR,REG (C-EXP),HSR,REG (C-LCL),REG (C-EXP),REG (C-LCL),HSR,REG (C-EXP),HSR,REG (C-LCL),REG (C-EXP),REG (C-LCL),REG (C-EXP),HSR,REG (C-LCL),REG (C-EXP),REG (C-LCL),HSR,REG (C-EXP),HSR,REG (C-LCL),REG (C-EXP),REG (C-LCL),HSR,REG (C-EXP),HSR,REG (C-LCL),REG (C-EXP),REG (C-LCL),HSR,REG (C-EXP),HSR,REG (C-LCL),REG (C-EXP),REG (C-LCL),REG (C-EXP),HSR,REG (C-LCL),REG (C-EXP),REG (C-LCL),HSR,REG (C-EXP),HSR,REG (C-LCL),REG (C-EXP),REG (C-LCL),HSR,REG (C-EXP),HSR,REG (C-LCL),REG (C-EXP),REG (C-LCL),HSR,REG (C-EXP),HSR,REG (C-LCL),REG (C-EXP),REG (C-LCL),REG (C-EXP),HSR,REG (C-LCL),REG (C-EXP),HSR,REG (C-EXP),HSR,REG (C-LCL),REG (C-EXP),HSR,REG (C-EXP),HSR,REG (C-EXP),REG (C-LCL),HSR,REG (C-EXP),HSR,REG (C-EXP),REG (C-LCL),REG (C-LCL),REG (C-EXP),HSR,REG (C-EXP),HSR,REG (C-LCL),REG (C-EXP),HSR,REG (C-EXP),HSR,REG (C-EXP),REG (C-LCL),HSR,REG (C-EXP),HSR,REG (C-EXP),REG (C-LCL),REG (C-LCL),REG (C-EXP),HSR,REG (C-EXP),HSR,REG (C-LCL),REG (C-EXP),HSR,REG (C-EXP),HSR,REG (C-EXP),REG (C-LCL),HSR,REG (C-EXP),HSR,REG (C-EXP),REG (C-LCL),REG (C-LCL),REG (C-EXP),HSR,REG (C-EXP),HSR,REG (C-LCL),REG (C-EXP),HSR,REG (C-EXP),HSR,REG (C-EXP),REG (C-LCL),HSR,REG (C-EXP),HSR,REG (C-EXP),REG (C-LCL),REG (C-LCL),REG (C-EXP),HSR,REG (C-EXP),HSR,REG (C-LCL),REG (C-EXP),HSR,REG (C-EXP),HSR,REG (C-EXP),REG (C-LCL),HSR,REG (C-EXP),HSR,REG (C-EXP),REG (C-LCL),REG (C-LCL),REG (C-EXP),REG (C-LCL),HSR,REG (C-EXP),HSR,REG (C-LCL),REG (C-EXP),REG (C-LCL),HSR,REG (C-EXP),HSR,REG (C-LCL),REG (C-EXP),REG (C-LCL),HSR,REG (C-EXP),HSR,REG (C-LCL),REG (C-EXP),REG (C-LCL),REG (C-EXP),HSR,REG (C-LCL),REG (C-EXP),REG (C-LCL),HSR,REG (C-EXP),HSR,REG (C-LCL),REG (C-EXP),REG (C-LCL),HSR,REG (C-EXP),HSR,REG (C-LCL),REG (C-EXP),REG (C-LCL),HSR,REG (C-EXP),HSR,REG (C-LCL),REG (C-EXP),REG (C-LCL),REG (C-EXP),HSR,REG (C-LCL),REG (C-EXP),REG (C-LCL),HSR
,,1,1,1,100,1,2,2,1,100,2,204,,2,804,2,2,3,,3,806,204,3,102,3,808,3,3,4,700,4,810,102,4,206,702,4,812,4,4,5,704,5,814,206,5,104,5,816,5,5,6,708,6,818,104,6,208,710,6,820,6,6,7,712,7,822,208,7,106,7,824,7,7,8,716,8,826,106,8,210,718,8,828,8,8,9,720,9,830,210,9,108,9,832,9,9,10,724,10,834,108,10,212,726,10,836,10,10,11,728,11,838,212,11,110,11,840,11,11,,12,842,110,12,,12,844,12,13,,13,846,13,13,112,13,,14,850,112,14,,14,852,14,15,,15,854,15,15,114,15,,16,858,114,16,,16,860,16,17,,17,862,17,17,116,17,,18,866,116,18,,18,868,18,19,,19,870,19,19,118,19,,20,874,118,20,,20,876,20,21,,21,878,21,21,120,21,22,,22,882,120,22,224,,22,884,22,22,23,,23,886,224,23,122,23,888,23,23,24,,24,890,122,24,226,,24,892,24,24,25,,25,894,226,25,124,25,896,25,25,26,
0,GILROY (HSR) $,  ,  ,  ,  ,5:10  ,  ,  ,5:33  ,  ,  ,  ,5:38  ,5:40  ,5:48  ,  ,  ,  ,5:53  ,  ,6:03  ,  ,  ,  ,6:10  ,6:18  ,  ,  ,  ,6:23  ,  ,6:33  ,  ,  ,  ,6:38  ,6:40  ,6:48  ,  ,  ,  ,6:53  ,  ,7:03  ,  ,  ,  ,7:10  ,7:18  ,  ,  ,  ,7:23  ,  ,7:33  ,  ,  ,  ,7:38  ,7:40  ,7:48  ,  ,  ,  ,7:53  ,  ,8:03  ,  ,  ,  ,8:10  ,8:18  ,  ,  ,  ,8:23  ,  ,8:33  ,  ,  ,  ,8:38  ,8:40  ,8:48  ,  ,  ,  ,8:53  ,  ,9:03  ,  ,  ,  ,9:10  ,9:18  ,  ,  ,  ,9:23  ,  ,9:33  ,  ,  ,  ,9:38  ,9:40  ,9:48  ,  ,  ,  ,9:53  ,  ,10:03  ,  ,  ,  ,10:10  ,10:18  ,  ,  ,10:23  ,  ,10:33  ,  ,  ,10:38  ,10:40  ,10:48  ,  ,  ,10:53  ,  ,11:03  ,  ,  ,  ,11:10  ,11:23  ,  ,11:33  ,  ,  ,11:38  ,11:40  ,11:48  ,  ,  ,11:53  ,  ,12:03  ,  ,  ,  ,12:10  ,12:23  ,  ,12:33  ,  ,  ,12:38  ,12:40  ,12:48  ,  ,  ,12:53  ,  ,13:03  ,  ,  ,  ,13:10  ,13:23  ,  ,13:33  ,  ,  ,13:38  ,13:40  ,13:48  ,  ,  ,13:53  ,  ,14:03  ,  ,  ,  ,14:10  ,14:23  ,  ,14:33  ,  ,  ,14:38  ,14:40  ,14:48  ,  ,  ,14:53  ,  ,15:03  ,  ,  ,  ,15:10  ,  ,15:23  ,  ,15:33  ,  ,  ,  ,15:38  ,15:40  ,15:48  ,  ,  ,  ,15:53  ,  ,16:03  ,  ,  ,  ,16:10  ,16:18  ,  ,  ,  ,16:23  ,  ,16:33  ,  ,  ,  ,16:38  ,16:40  ,16:48  ,  ,  ,  ,16:53  ,  ,17:03  ,  ,  ,  ,17:10  ,17:18  ,  ,  ,  ,17:23  
10,SAN MARTIIN (HSR) $,  ,  ,  ,  ,|      ,  ,  ,|      ,  ,  ,  ,|      ,|      ,|      ,  ,  ,  ,|      ,  ,|      ,  ,  ,  ,|      ,|      ,  ,  ,  ,|      ,  ,|      ,  ,  ,  ,|      ,|      ,|      ,  ,  ,  ,|      ,  ,|      ,  ,  ,  ,|      ,|      ,  ,  ,  ,|      ,  ,|      ,  ,  ,  ,|      ,|      ,|      ,  ,  ,  ,|      ,  ,|      ,  ,  ,  ,|      ,|      ,  ,  ,  ,|      ,  ,|      ,  ,  ,  ,|      ,|      ,|      ,  ,  ,  ,|      ,  ,|      ,  ,  ,  ,|      ,|      ,  ,  ,  ,|      ,  ,|      ,  ,  ,  ,|      ,|      ,|      ,  ,  ,  ,|      ,  ,|      ,  ,  ,  ,|      ,|      ,  ,  ,|      ,  ,|      ,  ,  ,|      ,|      ,|      ,  ,  ,|      ,  ,|      ,  ,  ,  ,|      ,|      ,  ,|      ,  ,  ,|      ,|      ,|      ,  ,  ,|      ,  ,|      ,  ,  ,  ,|      ,|      ,  ,|      ,  ,  ,|      ,|      ,|      ,  ,  ,|      ,  ,|      ,  ,  ,  ,|      ,|      ,  ,|      ,  ,  ,|      ,|      ,|      ,  ,  ,|      ,  ,|      ,  ,  ,  ,|      ,|      ,  ,|      ,  ,  ,|      ,|      ,|      ,  ,  ,|      ,  ,|      ,  ,  ,  ,|      ,  ,|      ,  ,|      ,  ,  ,  ,|      ,|      ,|      ,  ,  ,  ,|      ,  ,|      ,  ,  ,  ,|      ,|      ,  ,  ,  ,|      ,  ,|      ,  ,  ,  ,|      ,|      ,|      ,  ,  ,  ,|      ,  ,|      ,  ,  ,  ,|      ,|      ,  ,  ,  ,|      
16,MORGAN HILL (HSR) $,  ,  ,  ,  ,5:20  ,  ,  ,|      ,  ,  ,  ,|      ,5:50  ,|      ,  ,  ,  ,|      ,  ,|      ,  ,  ,  ,6:20  ,|      ,  ,  ,  ,|      ,  ,|      ,  ,  ,  ,|      ,6:50  ,|      ,  ,  ,  ,|      ,  ,|      ,  ,  ,  ,7:20  ,|      ,  ,  ,  ,|      ,  ,|      ,  ,  ,  ,|      ,7:50  ,|      ,  ,  ,  ,|      ,  ,|      ,  ,  ,  ,8:20  ,|      ,  ,  ,  ,|      ,  ,|      ,  ,  ,  ,|      ,8:50  ,|      ,  ,  ,  ,|      ,  ,|      ,  ,  ,  ,9:20  ,|      ,  ,  ,  ,|      ,  ,|      ,  ,  ,  ,|      ,9:50  ,|      ,  ,  ,  ,|      ,  ,|      ,  ,  ,  ,10:20  ,|      ,  ,  ,|      ,  ,|      ,  ,  ,|      ,10:50  ,|      ,  ,  ,|      ,  ,|      ,  ,  ,  ,11:20  ,|      ,  ,|      ,  ,  ,|      ,11:50  ,|      ,  ,  ,|      ,  ,|      ,  ,  ,  ,12:20  ,|      ,  ,|      ,  ,  ,|      ,12:50  ,|      ,  ,  ,|      ,  ,|      ,  ,  ,  ,13:20  ,|      ,  ,|      ,  ,  ,|      ,13:50  ,|      ,  ,  ,|      ,  ,|      ,  ,  ,  ,14:20  ,|      ,  ,|      ,  ,  ,|      ,14:50  ,|      ,  ,  ,|      ,  ,|      ,  ,  ,  ,15:20  ,  ,|      ,  ,|      ,  ,  ,  ,|      ,15:50  ,|      ,  ,  ,  ,|      ,  ,|      ,  ,  ,  ,16:20  ,|      ,  ,  ,  ,|      ,  ,|      ,  ,  ,  ,|      ,16:50  ,|      ,  ,  ,  ,|      ,  ,|      ,  ,  ,  ,17:20  ,|      ,  ,  ,  ,|      
35,BLOSSOM HILL (HSR) $,  ,5:14  ,  ,  ,5:29  ,  ,5:44  ,|      ,  ,  ,  ,|      ,5:59  ,|      ,  ,  ,  ,|      ,6:14  ,|      ,  ,  ,  ,6:29  ,|      ,  ,  ,  ,|      ,6:44  ,|      ,  ,  ,  ,|      ,6:59  ,|      ,  ,  ,  ,|      ,7:14  ,|      ,  ,  ,  ,7:29  ,|      ,  ,  ,  ,|      ,7:44  ,|      ,  ,  ,  ,|      ,7:59  ,|      ,  ,  ,  ,|      ,8:14  ,|      ,  ,  ,  ,8:29  ,|      ,  ,  ,  ,|      ,8:44  ,|      ,  ,  ,  ,|      ,8:59  ,|      ,  ,  ,  ,|      ,9:14  ,|      ,  ,  ,  ,9:29  ,|      ,  ,  ,  ,|      ,9:44  ,|      ,  ,  ,  ,|      ,9:59  ,|      ,  ,  ,  ,|      ,10:14  ,|      ,  ,  ,  ,10:29  ,|      ,  ,  ,|      ,10:44  ,|      ,  ,  ,|      ,10:59  ,|      ,  ,  ,|      ,11:14  ,|      ,  ,  ,  ,11:29  ,|      ,11:44  ,|      ,  ,  ,|      ,11:59  ,|      ,  ,  ,|      ,12:14  ,|      ,  ,  ,  ,12:29  ,|      ,12:44  ,|      ,  ,  ,|      ,12:59  ,|      ,  ,  ,|      ,13:14  ,|      ,  ,  ,  ,13:29  ,|      ,13:44  ,|      ,  ,  ,|      ,13:59  ,|      ,  ,  ,|      ,14:14  ,|      ,  ,  ,  ,14:29  ,|      ,14:44  ,|      ,  ,  ,|      ,14:59  ,|      ,  ,  ,|      ,15:14  ,|      ,  ,  ,  ,15:29  ,  ,|      ,15:44  ,|      ,  ,  ,  ,|      ,15:59  ,|      ,  ,  ,  ,|      ,16:14  ,|      ,  ,  ,  ,16:29  ,|      ,  ,  ,  ,|      ,16:44  ,|      ,  ,  ,  ,|      ,16:59  ,|      ,  ,  ,  ,|      ,17:14  ,|      ,  ,  ,  ,17:29  ,|      ,  ,  ,  ,|      
40,CAPITOL (HSR) $,  ,5:18  ,  ,  ,5:33  ,  ,5:48  ,|      ,  ,  ,  ,|      ,6:03  ,|      ,  ,  ,  ,|      ,6:18  ,|      ,  ,  ,  ,6:33  ,|      ,  ,  ,  ,|      ,6:48  ,|      ,  ,  ,  ,|      ,7:03  ,|      ,  ,  ,  ,|      ,7:18  ,|      ,  ,  ,  ,7:33  ,|      ,  ,  ,  ,|      ,7:48  ,|      ,  ,  ,  ,|      ,8:03  ,|      ,  ,  ,  ,|      ,8:18  ,|      ,  ,  ,  ,8:33  ,|      ,  ,  ,  ,|      ,8:48  ,|      ,  ,  ,  ,|      ,9:03  ,|      ,  ,  ,  ,|      ,9:18  ,|      ,  ,  ,  ,9:33  ,|      ,  ,  ,  ,|      ,9:48  ,|      ,  ,  ,  ,|      ,10:03  ,|      ,  ,  ,  ,|      ,10:18  ,|      ,  ,  ,  ,10:33  ,|      ,  ,  ,|      ,10:48  ,|      ,  ,  ,|      ,11:03  ,|      ,  ,  ,|      ,11:18  ,|      ,  ,  ,  ,11:33  ,|      ,11:48  ,|      ,  ,  ,|      ,12:03  ,|      ,  ,  ,|      ,12:18  ,|      ,  ,  ,  ,12:33  ,|      ,12:48  ,|      ,  ,  ,|      ,13:03  ,|      ,  ,  ,|      ,13:18  ,|      ,  ,  ,  ,13:33  ,|      ,13:48  ,|      ,  ,  ,|      ,14:03  ,|      ,  ,  ,|      ,14:18  ,|      ,  ,  ,  ,14:33  ,|      ,14:48  ,|      ,  ,  ,|      ,15:03  ,|      ,  ,  ,|      ,15:18  ,|      ,  ,  ,  ,15:33  ,  ,|      ,15:48  ,|      ,  ,  ,  ,|      ,16:03  ,|      ,  ,  ,  ,|      ,16:18  ,|      ,  ,  ,  ,16:33  ,|      ,  ,  ,  ,|      ,16:48  ,|      ,  ,  ,  ,|      ,17:03  ,|      ,  ,  ,  ,|      ,17:18  ,|      ,  ,  ,  ,17:33  ,|      ,  ,  ,  ,|      
45,TAMIEN (HSR) $,5:12  ,5:22  ,  ,5:27  ,5:37  ,5:42  ,5:52  ,|      ,  ,  ,5:57  ,|      ,6:07  ,|      ,  ,  ,6:12  ,|      ,6:22  ,|      ,  ,  ,6:27  ,6:37  ,|      ,  ,  ,6:42  ,|      ,6:52  ,|      ,  ,  ,6:57  ,|      ,7:07  ,|      ,  ,  ,7:12  ,|      ,7:22  ,|      ,  ,  ,7:27  ,7:37  ,|      ,  ,  ,7:42  ,|      ,7:52  ,|      ,  ,  ,7:57  ,|      ,8:07  ,|      ,  ,  ,8:12  ,|      ,8:22  ,|      ,  ,  ,8:27  ,8:37  ,|      ,  ,  ,8:42  ,|      ,8:52  ,|      ,  ,  ,8:57  ,|      ,9:07  ,|      ,  ,  ,9:12  ,|      ,9:22  ,|      ,  ,  ,9:27  ,9:37  ,|      ,  ,  ,9:42  ,|      ,9:52  ,|      ,  ,  ,9:57  ,|      ,10:07  ,|      ,  ,  ,10:12  ,|      ,10:22  ,|      ,  ,  ,10:27  ,10:37  ,|      ,  ,  ,|      ,10:52  ,|      ,  ,  ,|      ,11:07  ,|      ,  ,11:12  ,|      ,11:22  ,|      ,  ,  ,11:27  ,11:37  ,|      ,11:52  ,|      ,  ,  ,|      ,12:07  ,|      ,  ,12:12  ,|      ,12:22  ,|      ,  ,  ,12:27  ,12:37  ,|      ,12:52  ,|      ,  ,  ,|      ,13:07  ,|      ,  ,13:12  ,|      ,13:22  ,|      ,  ,  ,13:27  ,13:37  ,|      ,13:52  ,|      ,  ,  ,|      ,14:07  ,|      ,  ,14:12  ,|      ,14:22  ,|      ,  ,  ,14:27  ,14:37  ,|      ,14:52  ,|      ,  ,  ,|      ,15:07  ,|      ,  ,15:12  ,|      ,15:22  ,|      ,  ,  ,15:27  ,15:37  ,15:42  ,|      ,15:52  ,|      ,  ,  ,15:57  ,|      ,16:07  ,|      ,  ,  ,16:12  ,|      ,16:22  ,|      ,  ,  ,16:27  ,16:37  ,|      ,  ,  ,16:42  ,|      ,16:52  ,|      ,  ,  ,16:57  ,|      ,17:07  ,|      ,  ,  ,17:12  ,|      ,17:22  ,|      ,  ,  ,17:27  ,17:37  ,|      ,  ,  ,17:42  ,|      
48,SAN JOSE,5:15  ,5:25  ,  ,5:30  ,5:40  ,5:45  ,5:55  ,5:57  ,  ,↴      ,6:00  ,6:02  ,6:10  ,6:12  ,  ,↴      ,6:15  ,6:17  ,6:25  ,6:27  ,  ,↴      ,6:30  ,6:40  ,6:42  ,  ,↴      ,6:45  ,6:47  ,6:55  ,6:57  ,  ,↴      ,7:00  ,7:02  ,7:10  ,7:12  ,  ,↴      ,7:15  ,7:17  ,7:25  ,7:27  ,  ,↴      ,7:30  ,7:40  ,7:42  ,  ,↴      ,7:45  ,7:47  ,7:55  ,7:57  ,  ,↴      ,8:00  ,8:02  ,8:10  ,8:12  ,  ,↴      ,8:15  ,8:17  ,8:25  ,8:27  ,  ,↴      ,8:30  ,8:40  ,8:42  ,  ,↴      ,8:45  ,8:47  ,8:55  ,8:57  ,  ,↴      ,9:00  ,9:02  ,9:10  ,9:12  ,  ,↴      ,9:15  ,9:17  ,9:25  ,9:27  ,  ,↴      ,9:30  ,9:40  ,9:42  ,  ,↴      ,9:45  ,9:47  ,9:55  ,9:57  ,  ,↴      ,10:00  ,10:02  ,10:10  ,10:12  ,  ,↴      ,10:15  ,10:17  ,10:25  ,10:27  ,  ,↴      ,10:30  ,10:40  ,10:42  ,  ,↴      ,10:47  ,10:55  ,10:57  ,  ,↴      ,11:02  ,11:10  ,11:12  ,↴      ,11:15  ,11:17  ,11:25  ,11:27  ,↴      ,  ,11:30  ,11:40  ,11:47  ,11:55  ,11:57  ,  ,↴      ,12:02  ,12:10  ,12:12  ,↴      ,12:15  ,12:17  ,12:25  ,12:27  ,↴      ,  ,12:30  ,12:40  ,12:47  ,12:55  ,12:57  ,  ,↴      ,13:02  ,13:10  ,13:12  ,↴      ,13:15  ,13:17  ,13:25  ,13:27  ,↴      ,  ,13:30  ,13:40  ,13:47  ,13:55  ,13:57  ,  ,↴      ,14:02  ,14:10  ,14:12  ,↴      ,14:15  ,14:17  ,14:25  ,14:27  ,↴      ,  ,14:30  ,14:40  ,14:47  ,14:55  ,14:57  ,  ,↴      ,15:02  ,15:10  ,15:12  ,↴      ,15:15  ,15:17  ,15:25  ,15:27  ,↴      ,  ,15:30  ,15:40  ,15:45  ,15:47  ,15:55  ,15:57  ,  ,↴      ,16:00  ,16:02  ,16:10  ,16:12  ,  ,↴      ,16:15  ,16:17  ,16:25  ,16:27  ,  ,↴      ,16:30  ,16:40  ,16:42  ,  ,↴      ,16:45  ,16:47  ,16:55  ,16:57  ,  ,↴      ,17:00  ,17:02  ,17:10  ,17:12  ,  ,↴      ,17:15  ,17:17  ,17:25  ,17:27  ,  ,↴      ,17:30  ,17:40  ,17:42  ,  ,↴      ,17:45  ,17:47  
,SAN JOSE,5:18  ,5:31  ,  ,5:33  ,5:46  ,5:48  ,↳     ,5:59  ,  ,6:01  ,6:03  ,  ,↳     ,6:14  ,  ,6:16  ,6:18  ,  ,↳     ,6:29  ,  ,6:31  ,6:33  ,↳     ,6:44  ,  ,6:46  ,6:48  ,  ,↳     ,6:59  ,  ,7:01  ,7:03  ,  ,↳     ,7:14  ,  ,7:16  ,7:18  ,  ,↳     ,7:29  ,  ,7:31  ,7:33  ,↳     ,7:44  ,  ,7:46  ,7:48  ,  ,↳     ,7:59  ,  ,8:01  ,8:03  ,  ,↳     ,8:14  ,  ,8:16  ,8:18  ,  ,↳     ,8:29  ,  ,8:31  ,8:33  ,↳     ,8:44  ,  ,8:46  ,8:48  ,  ,↳     ,8:59  ,  ,9:01  ,9:03  ,  ,↳     ,9:14  ,  ,9:16  ,9:18  ,  ,↳     ,9:29  ,  ,9:31  ,9:33  ,↳     ,9:44  ,  ,9:46  ,9:48  ,  ,↳     ,9:59  ,  ,10:01  ,10:03  ,  ,↳     ,10:14  ,  ,10:16  ,10:18  ,  ,↳     ,10:29  ,  ,10:31  ,10:33  ,↳     ,10:44  ,  ,10:46  ,  ,↳     ,10:59  ,  ,11:01  ,  ,↳     ,11:14  ,11:16  ,11:18  ,  ,↳     ,11:29  ,11:31  ,  ,11:33  ,11:46  ,  ,↳     ,11:59  ,  ,12:01  ,  ,↳     ,12:14  ,12:16  ,12:18  ,  ,↳     ,12:29  ,12:31  ,  ,12:33  ,12:46  ,  ,↳     ,12:59  ,  ,13:01  ,  ,↳     ,13:14  ,13:16  ,13:18  ,  ,↳     ,13:29  ,13:31  ,  ,13:33  ,13:46  ,  ,↳     ,13:59  ,  ,14:01  ,  ,↳     ,14:14  ,14:16  ,14:18  ,  ,↳     ,14:29  ,14:31  ,  ,14:33  ,14:46  ,  ,↳     ,14:59  ,  ,15:01  ,  ,↳     ,15:14  ,15:16  ,15:18  ,  ,↳     ,15:29  ,15:31  ,  ,15:33  ,15:46  ,15:48  ,  ,↳     ,15:59  ,  ,16:01  ,16:03  ,  ,↳     ,16:14  ,  ,16:16  ,16:18  ,  ,↳     ,16:29  ,  ,16:31  ,16:33  ,↳     ,16:44  ,  ,16:46  ,16:48  ,  ,↳     ,16:59  ,  ,17:01  ,17:03  ,  ,↳     ,17:14  ,  ,17:16  ,17:18  ,  ,↳     ,17:29  ,  ,17:31  ,17:33  ,↳     ,17:44  ,  ,17:46  ,17:48  ,  
50,COLLEGE PARK,|      ,|      ,  ,|      ,|      ,|      ,  ,|      ,  ,|      ,|      ,  ,  ,|      ,  ,|      ,|      ,  ,  ,|      ,  ,|      ,|      ,  ,|      ,  ,|      ,|      ,  ,  ,|      ,  ,|      ,|      ,  ,  ,|      ,  ,|      ,|      ,  ,  ,|      ,  ,|      ,|      ,  ,|      ,  ,|      ,|      ,  ,  ,|      ,  ,|      ,|      ,  ,  ,|      ,  ,|      ,|      ,  ,  ,|      ,  ,|      ,|      ,  ,|      ,  ,|      ,|      ,  ,  ,|      ,  ,|      ,|      ,  ,  ,|      ,  ,|      ,|      ,  ,  ,|      ,  ,|      ,|      ,  ,|      ,  ,|      ,|      ,  ,  ,|      ,  ,|      ,|      ,  ,  ,|      ,  ,|      ,|      ,  ,  ,|      ,  ,|      ,|      ,  ,|      ,  ,|      ,  ,  ,|      ,  ,|      ,  ,  ,|      ,|      ,|      ,  ,  ,|      ,|      ,  ,|      ,|      ,  ,  ,|      ,  ,|      ,  ,  ,|      ,|      ,|      ,  ,  ,|      ,|      ,  ,|      ,|      ,  ,  ,|      ,  ,|      ,  ,  ,|      ,|      ,|      ,  ,  ,|      ,|      ,  ,|      ,|      ,  ,  ,|      ,  ,|      ,  ,  ,|      ,|      ,|      ,  ,  ,|      ,|      ,  ,|      ,|      ,  ,  ,|      ,  ,|      ,  ,  ,|      ,|      ,|      ,  ,  ,|      ,|      ,  ,|      ,|      ,|      ,  ,  ,|      ,  ,|      ,|      ,  ,  ,|      ,  ,|      ,|      ,  ,  ,|      ,  ,|      ,|      ,  ,|      ,  ,|      ,|      ,  ,  ,|      ,  ,|      ,|      ,  ,  ,|      ,  ,|      ,|      ,  ,  ,|      ,  ,|      ,|      ,  ,|      ,  ,|      ,|      ,  
52,SANTA CLARA,5:24  ,|      ,  ,5:39  ,|      ,5:54  ,  ,|      ,  ,|      ,6:09  ,  ,  ,|      ,  ,|      ,6:24  ,  ,  ,|      ,  ,|      ,6:39  ,  ,|      ,  ,|      ,6:54  ,  ,  ,|      ,  ,|      ,7:09  ,  ,  ,|      ,  ,|      ,7:24  ,  ,  ,|      ,  ,|      ,7:39  ,  ,|      ,  ,|      ,7:54  ,  ,  ,|      ,  ,|      ,8:09  ,  ,  ,|      ,  ,|      ,8:24  ,  ,  ,|      ,  ,|      ,8:39  ,  ,|      ,  ,|      ,8:54  ,  ,  ,|      ,  ,|      ,9:09  ,  ,  ,|      ,  ,|      ,9:24  ,  ,  ,|      ,  ,|      ,9:39  ,  ,|      ,  ,|      ,9:54  ,  ,  ,|      ,  ,|      ,10:09  ,  ,  ,|      ,  ,|      ,10:24  ,  ,  ,|      ,  ,|      ,10:39  ,  ,|      ,  ,|      ,  ,  ,|      ,  ,|      ,  ,  ,|      ,|      ,11:24  ,  ,  ,|      ,|      ,  ,11:39  ,|      ,  ,  ,|      ,  ,|      ,  ,  ,|      ,|      ,12:24  ,  ,  ,|      ,|      ,  ,12:39  ,|      ,  ,  ,|      ,  ,|      ,  ,  ,|      ,|      ,13:24  ,  ,  ,|      ,|      ,  ,13:39  ,|      ,  ,  ,|      ,  ,|      ,  ,  ,|      ,|      ,14:24  ,  ,  ,|      ,|      ,  ,14:39  ,|      ,  ,  ,|      ,  ,|      ,  ,  ,|      ,|      ,15:24  ,  ,  ,|      ,|      ,  ,15:39  ,|      ,15:54  ,  ,  ,|      ,  ,|      ,16:09  ,  ,  ,|      ,  ,|      ,16:24  ,  ,  ,|      ,  ,|      ,16:39  ,  ,|      ,  ,|      ,16:54  ,  ,  ,|      ,  ,|      ,17:09  ,  ,  ,|      ,  ,|      ,17:24  ,  ,  ,|      ,  ,|      ,17:39  ,  ,|      ,  ,|      ,17:54  ,  
58,LAWRENCE,5:29  ,|      ,  ,5:44  ,|      ,5:59  ,  ,|      ,  ,|      ,6:14  ,  ,  ,|      ,  ,|      ,6:29  ,  ,  ,|      ,  ,|      ,6:44  ,  ,|      ,  ,|      ,6:59  ,  ,  ,|      ,  ,|      ,7:14  ,  ,  ,|      ,  ,|      ,7:29  ,  ,  ,|      ,  ,|      ,7:44  ,  ,|      ,  ,|      ,7:59  ,  ,  ,|      ,  ,|      ,8:14  ,  ,  ,|      ,  ,|      ,8:29  ,  ,  ,|      ,  ,|      ,8:44  ,  ,|      ,  ,|      ,8:59  ,  ,  ,|      ,  ,|      ,9:14  ,  ,  ,|      ,  ,|      ,9:29  ,  ,  ,|      ,  ,|      ,9:44  ,  ,|      ,  ,|      ,9:59  ,  ,  ,|      ,  ,|      ,10:14  ,  ,  ,|      ,  ,|      ,10:29  ,  ,  ,|      ,  ,|      ,10:44  ,  ,|      ,  ,|      ,  ,  ,|      ,  ,|      ,  ,  ,|      ,|      ,11:29  ,  ,  ,|      ,|      ,  ,11:44  ,|      ,  ,  ,|      ,  ,|      ,  ,  ,|      ,|      ,12:29  ,  ,  ,|      ,|      ,  ,12:44  ,|      ,  ,  ,|      ,  ,|      ,  ,  ,|      ,|      ,13:29  ,  ,  ,|      ,|      ,  ,13:44  ,|      ,  ,  ,|      ,  ,|      ,  ,  ,|      ,|      ,14:29  ,  ,  ,|      ,|      ,  ,14:44  ,|      ,  ,  ,|      ,  ,|      ,  ,  ,|      ,|      ,15:29  ,  ,  ,|      ,|      ,  ,15:44  ,|      ,15:59  ,  ,  ,|      ,  ,|      ,16:14  ,  ,  ,|      ,  ,|      ,16:29  ,  ,  ,|      ,  ,|      ,16:44  ,  ,|      ,  ,|      ,16:59  ,  ,  ,|      ,  ,|      ,17:14  ,  ,  ,|      ,  ,|      ,17:29  ,  ,  ,|      ,  ,|      ,17:44  ,  ,|      ,  ,|      ,17:59  ,  
61,SUNNYVALE,5:32  ,5:42  ,  ,5:47  ,5:57  ,6:02  ,  ,|      ,  ,6:12  ,6:17  ,  ,  ,|      ,  ,6:27  ,6:32  ,  ,  ,|      ,  ,6:42  ,6:47  ,  ,|      ,  ,6:57  ,7:02  ,  ,  ,|      ,  ,7:12  ,7:17  ,  ,  ,|      ,  ,7:27  ,7:32  ,  ,  ,|      ,  ,7:42  ,7:47  ,  ,|      ,  ,7:57  ,8:02  ,  ,  ,|      ,  ,8:12  ,8:17  ,  ,  ,|      ,  ,8:27  ,8:32  ,  ,  ,|      ,  ,8:42  ,8:47  ,  ,|      ,  ,8:57  ,9:02  ,  ,  ,|      ,  ,9:12  ,9:17  ,  ,  ,|      ,  ,9:27  ,9:32  ,  ,  ,|      ,  ,9:42  ,9:47  ,  ,|      ,  ,9:57  ,10:02  ,  ,  ,|      ,  ,10:12  ,10:17  ,  ,  ,|      ,  ,10:27  ,10:32  ,  ,  ,|      ,  ,10:42  ,10:47  ,  ,|      ,  ,10:57  ,  ,  ,|      ,  ,11:12  ,  ,  ,|      ,11:27  ,11:32  ,  ,  ,|      ,11:42  ,  ,11:47  ,11:57  ,  ,  ,|      ,  ,12:12  ,  ,  ,|      ,12:27  ,12:32  ,  ,  ,|      ,12:42  ,  ,12:47  ,12:57  ,  ,  ,|      ,  ,13:12  ,  ,  ,|      ,13:27  ,13:32  ,  ,  ,|      ,13:42  ,  ,13:47  ,13:57  ,  ,  ,|      ,  ,14:12  ,  ,  ,|      ,14:27  ,14:32  ,  ,  ,|      ,14:42  ,  ,14:47  ,14:57  ,  ,  ,|      ,  ,15:12  ,  ,  ,|      ,15:27  ,15:32  ,  ,  ,|      ,15:42  ,  ,15:47  ,15:57  ,16:02  ,  ,  ,|      ,  ,16:12  ,16:17  ,  ,  ,|      ,  ,16:27  ,16:32  ,  ,  ,|      ,  ,16:42  ,16:47  ,  ,|      ,  ,16:57  ,17:02  ,  ,  ,|      ,  ,17:12  ,17:17  ,  ,  ,|      ,  ,17:27  ,17:32  ,  ,  ,|      ,  ,17:42  ,17:47  ,  ,|      ,  ,17:57  ,18:02  ,  
65,MOUNTAIN VIEW,5:36  ,5:47  ,  ,5:50  ,6:02  ,6:06  ,  ,|      ,  ,6:17  ,6:20  ,  ,  ,|      ,  ,6:32  ,6:36  ,  ,  ,|      ,  ,6:47  ,6:50  ,  ,|      ,  ,7:02  ,7:06  ,  ,  ,|      ,  ,7:17  ,7:20  ,  ,  ,|      ,  ,7:32  ,7:36  ,  ,  ,|      ,  ,7:47  ,7:50  ,  ,|      ,  ,8:02  ,8:06  ,  ,  ,|      ,  ,8:17  ,8:20  ,  ,  ,|      ,  ,8:32  ,8:36  ,  ,  ,|      ,  ,8:47  ,8:50  ,  ,|      ,  ,9:02  ,9:06  ,  ,  ,|      ,  ,9:17  ,9:20  ,  ,  ,|      ,  ,9:32  ,9:36  ,  ,  ,|      ,  ,9:47  ,9:50  ,  ,|      ,  ,10:02  ,10:06  ,  ,  ,|      ,  ,10:17  ,10:20  ,  ,  ,|      ,  ,10:32  ,10:36  ,  ,  ,|      ,  ,10:47  ,10:50  ,  ,|      ,  ,11:02  ,  ,  ,|      ,  ,11:17  ,  ,  ,|      ,11:32  ,11:36  ,  ,  ,|      ,11:47  ,  ,11:50  ,12:02  ,  ,  ,|      ,  ,12:17  ,  ,  ,|      ,12:32  ,12:36  ,  ,  ,|      ,12:47  ,  ,12:50  ,13:02  ,  ,  ,|      ,  ,13:17  ,  ,  ,|      ,13:32  ,13:36  ,  ,  ,|      ,13:47  ,  ,13:50  ,14:02  ,  ,  ,|      ,  ,14:17  ,  ,  ,|      ,14:32  ,14:36  ,  ,  ,|      ,14:47  ,  ,14:50  ,15:02  ,  ,  ,|      ,  ,15:17  ,  ,  ,|      ,15:32  ,15:36  ,  ,  ,|      ,15:47  ,  ,15:50  ,16:02  ,16:06  ,  ,  ,|      ,  ,16:17  ,16:20  ,  ,  ,|      ,  ,16:32  ,16:36  ,  ,  ,|      ,  ,16:47  ,16:50  ,  ,|      ,  ,17:02  ,17:06  ,  ,  ,|      ,  ,17:17  ,17:20  ,  ,  ,|      ,  ,17:32  ,17:36  ,  ,  ,|      ,  ,17:47  ,17:50  ,  ,|      ,  ,18:02  ,18:06  ,  
69,SAN ANTONIO,5:39  ,|      ,  ,5:54  ,|      ,6:09  ,  ,|      ,  ,|      ,6:24  ,  ,  ,|      ,  ,|      ,6:39  ,  ,  ,|      ,  ,|      ,6:54  ,  ,|      ,  ,|      ,7:09  ,  ,  ,|      ,  ,|      ,7:24  ,  ,  ,|      ,  ,|      ,7:39  ,  ,  ,|      ,  ,|      ,7:54  ,  ,|      ,  ,|      ,8:09  ,  ,  ,|      ,  ,|      ,8:24  ,  ,  ,|      ,  ,|      ,8:39  ,  ,  ,|      ,  ,|      ,8:54  ,  ,|      ,  ,|      ,9:09  ,  ,  ,|      ,  ,|      ,9:24  ,  ,  ,|      ,  ,|      ,9:39  ,  ,  ,|      ,  ,|      ,9:54  ,  ,|      ,  ,|      ,10:09  ,  ,  ,|      ,  ,|      ,10:24  ,  ,  ,|      ,  ,|      ,10:39  ,  ,  ,|      ,  ,|      ,10:54  ,  ,|      ,  ,|      ,  ,  ,|      ,  ,|      ,  ,  ,|      ,|      ,11:39  ,  ,  ,|      ,|      ,  ,11:54  ,|      ,  ,  ,|      ,  ,|      ,  ,  ,|      ,|      ,12:39  ,  ,  ,|      ,|      ,  ,12:54  ,|      ,  ,  ,|      ,  ,|      ,  ,  ,|      ,|      ,13:39  ,  ,  ,|      ,|      ,  ,13:54  ,|      ,  ,  ,|      ,  ,|      ,  ,  ,|      ,|      ,14:39  ,  ,  ,|      ,|      ,  ,14:54  ,|      ,  ,  ,|      ,  ,|      ,  ,  ,|      ,|      ,15:39  ,  ,  ,|      ,|      ,  ,15:54  ,|      ,16:09  ,  ,  ,|      ,  ,|      ,16:24  ,  ,  ,|      ,  ,|      ,16:39  ,  ,  ,|      ,  ,|      ,16:54  ,  ,|      ,  ,|      ,17:09  ,  ,  ,|      ,  ,|      ,17:24  ,  ,  ,|      ,  ,|      ,17:39  ,  ,  ,|      ,  ,|      ,17:54  ,  ,|      ,  ,|      ,18:09  ,  
72,CALIFORNIA AVENUE,5:46  ,|      ,  ,6:01  ,|      ,6:16  ,  ,|      ,  ,|      ,6:31  ,  ,  ,|      ,  ,|      ,6:46  ,  ,  ,|      ,  ,|      ,7:01  ,  ,|      ,  ,|      ,7:16  ,  ,  ,|      ,  ,|      ,7:31  ,  ,  ,|      ,  ,|      ,7:46  ,  ,  ,|      ,  ,|      ,8:01  ,  ,|      ,  ,|      ,8:16  ,  ,  ,|      ,  ,|      ,8:31  ,  ,  ,|      ,  ,|      ,8:46  ,  ,  ,|      ,  ,|      ,9:01  ,  ,|      ,  ,|      ,9:16  ,  ,  ,|      ,  ,|      ,9:31  ,  ,  ,|      ,  ,|      ,9:46  ,  ,  ,|      ,  ,|      ,10:01  ,  ,|      ,  ,|      ,10:16  ,  ,  ,|      ,  ,|      ,10:31  ,  ,  ,|      ,  ,|      ,10:46  ,  ,  ,|      ,  ,|      ,11:01  ,  ,|      ,  ,|      ,  ,  ,|      ,  ,|      ,  ,  ,|      ,|      ,11:46  ,  ,  ,|      ,|      ,  ,12:01  ,|      ,  ,  ,|      ,  ,|      ,  ,  ,|      ,|      ,12:46  ,  ,  ,|      ,|      ,  ,13:01  ,|      ,  ,  ,|      ,  ,|      ,  ,  ,|      ,|      ,13:46  ,  ,  ,|      ,|      ,  ,14:01  ,|      ,  ,  ,|      ,  ,|      ,  ,  ,|      ,|      ,14:46  ,  ,  ,|      ,|      ,  ,15:01  ,|      ,  ,  ,|      ,  ,|      ,  ,  ,|      ,|      ,15:46  ,  ,  ,|      ,|      ,  ,16:01  ,|      ,16:16  ,  ,  ,|      ,  ,|      ,16:31  ,  ,  ,|      ,  ,|      ,16:46  ,  ,  ,|      ,  ,|      ,17:01  ,  ,|      ,  ,|      ,17:16  ,  ,  ,|      ,  ,|      ,17:31  ,  ,  ,|      ,  ,|      ,17:46  ,  ,  ,|      ,  ,|      ,18:01  ,  ,|      ,  ,|      ,18:16  ,  
75,PALO ALTO,5:49  ,5:53  ,  ,6:04  ,6:08  ,6:19  ,  ,|      ,  ,6:23  ,6:34  ,  ,  ,|      ,  ,6:38  ,6:49  ,  ,  ,|      ,  ,6:53  ,7:04  ,  ,|      ,  ,7:08  ,7:19  ,  ,  ,|      ,  ,7:23  ,7:34  ,  ,  ,|      ,  ,7:38  ,7:49  ,  ,  ,|      ,  ,7:53  ,8:04  ,  ,|      ,  ,8:08  ,8:19  ,  ,  ,|      ,  ,8:23  ,8:34  ,  ,  ,|      ,  ,8:38  ,8:49  ,  ,  ,|      ,  ,8:53  ,9:04  ,  ,|      ,  ,9:08  ,9:19  ,  ,  ,|      ,  ,9:23  ,9:34  ,  ,  ,|      ,  ,9:38  ,9:49  ,  ,  ,|      ,  ,9:53  ,10:04  ,  ,|      ,  ,10:08  ,10:19  ,  ,  ,|      ,  ,10:23  ,10:34  ,  ,  ,|      ,  ,10:38  ,10:49  ,  ,  ,|      ,  ,10:53  ,11:04  ,  ,|      ,  ,11:08  ,  ,  ,|      ,  ,11:23  ,  ,  ,|      ,11:38  ,11:49  ,  ,  ,|      ,11:53  ,  ,12:04  ,12:08  ,  ,  ,|      ,  ,12:23  ,  ,  ,|      ,12:38  ,12:49  ,  ,  ,|      ,12:53  ,  ,13:04  ,13:08  ,  ,  ,|      ,  ,13:23  ,  ,  ,|      ,13:38  ,13:49  ,  ,  ,|      ,13:53  ,  ,14:04  ,14:08  ,  ,  ,|      ,  ,14:23  ,  ,  ,|      ,14:38  ,14:49  ,  ,  ,|      ,14:53  ,  ,15:04  ,15:08  ,  ,  ,|      ,  ,15:23  ,  ,  ,|      ,15:38  ,15:49  ,  ,  ,|      ,15:53  ,  ,16:04  ,16:08  ,16:19  ,  ,  ,|      ,  ,16:23  ,16:34  ,  ,  ,|      ,  ,16:38  ,16:49  ,  ,  ,|      ,  ,16:53  ,17:04  ,  ,|      ,  ,17:08  ,17:19  ,  ,  ,|      ,  ,17:23  ,17:34  ,  ,  ,|      ,  ,17:38  ,17:49  ,  ,  ,|      ,  ,17:53  ,18:04  ,  ,|      ,  ,18:08  ,18:19  ,  
77,MENLO PARK,5:52  ,|      ,  ,|      ,|      ,6:22  ,  ,|      ,  ,|      ,6:37  ,  ,  ,|      ,  ,|      ,6:52  ,  ,  ,|      ,  ,|      ,|      ,  ,|      ,  ,|      ,7:22  ,  ,  ,|      ,  ,|      ,7:37  ,  ,  ,|      ,  ,|      ,7:52  ,  ,  ,|      ,  ,|      ,|      ,  ,|      ,  ,|      ,8:22  ,  ,  ,|      ,  ,|      ,8:37  ,  ,  ,|      ,  ,|      ,8:52  ,  ,  ,|      ,  ,|      ,|      ,  ,|      ,  ,|      ,9:22  ,  ,  ,|      ,  ,|      ,9:37  ,  ,  ,|      ,  ,|      ,9:52  ,  ,  ,|      ,  ,|      ,|      ,  ,|      ,  ,|      ,10:22  ,  ,  ,|      ,  ,|      ,10:37  ,  ,  ,|      ,  ,|      ,10:52  ,  ,  ,|      ,  ,|      ,|      ,  ,|      ,  ,|      ,  ,  ,|      ,  ,|      ,  ,  ,|      ,|      ,11:52  ,  ,  ,|      ,|      ,  ,|      ,|      ,  ,  ,|      ,  ,|      ,  ,  ,|      ,|      ,12:52  ,  ,  ,|      ,|      ,  ,|      ,|      ,  ,  ,|      ,  ,|      ,  ,  ,|      ,|      ,13:52  ,  ,  ,|      ,|      ,  ,|      ,|      ,  ,  ,|      ,  ,|      ,  ,  ,|      ,|      ,14:52  ,  ,  ,|      ,|      ,  ,|      ,|      ,  ,  ,|      ,  ,|      ,  ,  ,|      ,|      ,15:52  ,  ,  ,|      ,|      ,  ,|      ,|      ,16:22  ,  ,  ,|      ,  ,|      ,16:37  ,  ,  ,|      ,  ,|      ,16:52  ,  ,  ,|      ,  ,|      ,|      ,  ,|      ,  ,|      ,17:22  ,  ,  ,|      ,  ,|      ,17:37  ,  ,  ,|      ,  ,|      ,17:52  ,  ,  ,|      ,  ,|      ,|      ,  ,|      ,  ,|      ,18:22  ,  
79,ATHERTON,|      ,|      ,↴      ,6:07  ,|      ,|      ,  ,|      ,↴      ,|      ,|      ,  ,  ,|      ,↴      ,|      ,|      ,  ,  ,|      ,↴      ,|      ,7:07  ,  ,|      ,↴      ,|      ,|      ,  ,  ,|      ,↴      ,|      ,|      ,  ,  ,|      ,↴      ,|      ,|      ,  ,  ,|      ,↴      ,|      ,8:07  ,  ,|      ,↴      ,|      ,|      ,  ,  ,|      ,↴      ,|      ,|      ,  ,  ,|      ,↴      ,|      ,|      ,  ,  ,|      ,↴      ,|      ,9:07  ,  ,|      ,↴      ,|      ,|      ,  ,  ,|      ,↴      ,|      ,|      ,  ,  ,|      ,↴      ,|      ,|      ,  ,  ,|      ,↴      ,|      ,10:07  ,  ,|      ,↴      ,|      ,|      ,  ,  ,|      ,↴      ,|      ,|      ,  ,  ,|      ,↴      ,|      ,|      ,  ,  ,|      ,↴      ,|      ,11:07  ,  ,|      ,↴      ,|      ,  ,  ,|      ,↴      ,|      ,  ,  ,|      ,|      ,|      ,  ,  ,|      ,|      ,↴      ,12:07  ,|      ,  ,  ,|      ,↴      ,|      ,  ,  ,|      ,|      ,|      ,  ,  ,|      ,|      ,↴      ,13:07  ,|      ,  ,  ,|      ,↴      ,|      ,  ,  ,|      ,|      ,|      ,  ,  ,|      ,|      ,↴      ,14:07  ,|      ,  ,  ,|      ,↴      ,|      ,  ,  ,|      ,|      ,|      ,  ,  ,|      ,|      ,↴      ,15:07  ,|      ,  ,  ,|      ,↴      ,|      ,  ,  ,|      ,|      ,|      ,  ,  ,|      ,|      ,↴      ,16:07  ,|      ,|      ,  ,  ,|      ,↴      ,|      ,|      ,  ,  ,|      ,↴      ,|      ,|      ,  ,  ,|      ,↴      ,|      ,17:07  ,  ,|      ,↴      ,|      ,|      ,  ,  ,|      ,↴      ,|      ,|      ,  ,  ,|      ,↴      ,|      ,|      ,  ,  ,|      ,↴      ,|      ,18:07  ,  ,|      ,↴      ,|      ,|      ,  
83,REDWOOD CITY,↳     ,5:58  ,6:00  ,↳     ,6:13  ,↳     ,  ,|      ,6:15  ,6:28  ,↳     ,  ,  ,|      ,6:30  ,6:43  ,↳     ,  ,  ,|      ,6:45  ,6:58  ,↳     ,  ,|      ,7:00  ,7:13  ,↳     ,  ,  ,|      ,7:15  ,7:28  ,↳     ,  ,  ,|      ,7:30  ,7:43  ,↳     ,  ,  ,|      ,7:45  ,7:58  ,↳     ,  ,|      ,8:00  ,8:13  ,↳     ,  ,  ,|      ,8:15  ,8:28  ,↳     ,  ,  ,|      ,8:30  ,8:43  ,↳     ,  ,  ,|      ,8:45  ,8:58  ,↳     ,  ,|      ,9:00  ,9:13  ,↳     ,  ,  ,|      ,9:15  ,9:28  ,↳     ,  ,  ,|      ,9:30  ,9:43  ,↳     ,  ,  ,|      ,9:45  ,9:58  ,↳     ,  ,|      ,10:00  ,10:13  ,↳     ,  ,  ,|      ,10:15  ,10:28  ,↳     ,  ,  ,|      ,10:30  ,10:43  ,↳     ,  ,  ,|      ,10:45  ,10:58  ,↳     ,  ,|      ,11:00  ,11:13  ,  ,  ,|      ,11:15  ,11:28  ,  ,  ,|      ,11:43  ,↳     ,  ,  ,|      ,11:58  ,12:00  ,↳     ,12:13  ,  ,  ,|      ,12:15  ,12:28  ,  ,  ,|      ,12:43  ,↳     ,  ,  ,|      ,12:58  ,13:00  ,↳     ,13:13  ,  ,  ,|      ,13:15  ,13:28  ,  ,  ,|      ,13:43  ,↳     ,  ,  ,|      ,13:58  ,14:00  ,↳     ,14:13  ,  ,  ,|      ,14:15  ,14:28  ,  ,  ,|      ,14:43  ,↳     ,  ,  ,|      ,14:58  ,15:00  ,↳     ,15:13  ,  ,  ,|      ,15:15  ,15:28  ,  ,  ,|      ,15:43  ,↳     ,  ,  ,|      ,15:58  ,16:00  ,↳     ,16:13  ,↳     ,  ,  ,|      ,16:15  ,16:28  ,↳     ,  ,  ,|      ,16:30  ,16:43  ,↳     ,  ,  ,|      ,16:45  ,16:58  ,↳     ,  ,|      ,17:00  ,17:13  ,↳     ,  ,  ,|      ,17:15  ,17:28  ,↳     ,  ,  ,|      ,17:30  ,17:43  ,↳     ,  ,  ,|      ,17:45  ,17:58  ,↳     ,  ,|      ,18:00  ,18:13  ,↳     ,  
86,SAN CARLOS,  ,|      ,6:04  ,  ,|      ,  ,  ,|      ,|      ,|      ,  ,  ,  ,|      ,6:34  ,|      ,  ,  ,  ,|      ,|      ,|      ,  ,  ,|      ,7:04  ,|      ,  ,  ,  ,|      ,|      ,|      ,  ,  ,  ,|      ,7:34  ,|      ,  ,  ,  ,|      ,|      ,|      ,  ,  ,|      ,8:04  ,|      ,  ,  ,  ,|      ,|      ,|      ,  ,  ,  ,|      ,8:34  ,|      ,  ,  ,  ,|      ,|      ,|      ,  ,  ,|      ,9:04  ,|      ,  ,  ,  ,|      ,|      ,|      ,  ,  ,  ,|      ,9:34  ,|      ,  ,  ,  ,|      ,|      ,|      ,  ,  ,|      ,10:04  ,|      ,  ,  ,  ,|      ,|      ,|      ,  ,  ,  ,|      ,10:34  ,|      ,  ,  ,  ,|      ,|      ,|      ,  ,  ,|      ,11:04  ,|      ,  ,  ,|      ,|      ,|      ,  ,  ,|      ,|      ,  ,  ,  ,|      ,|      ,12:04  ,  ,|      ,  ,  ,|      ,|      ,|      ,  ,  ,|      ,|      ,  ,  ,  ,|      ,|      ,13:04  ,  ,|      ,  ,  ,|      ,|      ,|      ,  ,  ,|      ,|      ,  ,  ,  ,|      ,|      ,14:04  ,  ,|      ,  ,  ,|      ,|      ,|      ,  ,  ,|      ,|      ,  ,  ,  ,|      ,|      ,15:04  ,  ,|      ,  ,  ,|      ,|      ,|      ,  ,  ,|      ,|      ,  ,  ,  ,|      ,|      ,16:04  ,  ,|      ,  ,  ,  ,|      ,|      ,|      ,  ,  ,  ,|      ,16:34  ,|      ,  ,  ,  ,|      ,|      ,|      ,  ,  ,|      ,17:04  ,|      ,  ,  ,  ,|      ,|      ,|      ,  ,  ,  ,|      ,17:34  ,|      ,  ,  ,  ,|      ,|      ,|      ,  ,  ,|      ,18:04  ,|      ,  ,  
88,BELMONT,  ,|      ,|      ,  ,|      ,  ,  ,|      ,6:20  ,|      ,  ,  ,  ,|      ,|      ,|      ,  ,  ,  ,|      ,6:50  ,|      ,  ,  ,|      ,|      ,|      ,  ,  ,  ,|      ,7:20  ,|      ,  ,  ,  ,|      ,|      ,|      ,  ,  ,  ,|      ,7:50  ,|      ,  ,  ,|      ,|      ,|      ,  ,  ,  ,|      ,8:20  ,|      ,  ,  ,  ,|      ,|      ,|      ,  ,  ,  ,|      ,8:50  ,|      ,  ,  ,|      ,|      ,|      ,  ,  ,  ,|      ,9:20  ,|      ,  ,  ,  ,|      ,|      ,|      ,  ,  ,  ,|      ,9:50  ,|      ,  ,  ,|      ,|      ,|      ,  ,  ,  ,|      ,10:20  ,|      ,  ,  ,  ,|      ,|      ,|      ,  ,  ,  ,|      ,10:50  ,|      ,  ,  ,|      ,|      ,|      ,  ,  ,|      ,11:20  ,|      ,  ,  ,|      ,|      ,  ,  ,  ,|      ,|      ,|      ,  ,|      ,  ,  ,|      ,12:20  ,|      ,  ,  ,|      ,|      ,  ,  ,  ,|      ,|      ,|      ,  ,|      ,  ,  ,|      ,13:20  ,|      ,  ,  ,|      ,|      ,  ,  ,  ,|      ,|      ,|      ,  ,|      ,  ,  ,|      ,14:20  ,|      ,  ,  ,|      ,|      ,  ,  ,  ,|      ,|      ,|      ,  ,|      ,  ,  ,|      ,15:20  ,|      ,  ,  ,|      ,|      ,  ,  ,  ,|      ,|      ,|      ,  ,|      ,  ,  ,  ,|      ,16:20  ,|      ,  ,  ,  ,|      ,|      ,|      ,  ,  ,  ,|      ,16:50  ,|      ,  ,  ,|      ,|      ,|      ,  ,  ,  ,|      ,17:20  ,|      ,  ,  ,  ,|      ,|      ,|      ,  ,  ,  ,|      ,17:50  ,|      ,  ,  ,|      ,|      ,|      ,  ,  
91,HILLSDALE,  ,6:04  ,6:08  ,  ,6:19  ,  ,  ,|      ,6:23  ,6:34  ,  ,  ,  ,|      ,6:38  ,6:49  ,  ,  ,  ,|      ,6:53  ,7:04  ,  ,  ,|      ,7:08  ,7:19  ,  ,  ,  ,|      ,7:23  ,7:34  ,  ,  ,  ,|      ,7:38  ,7:49  ,  ,  ,  ,|      ,7:53  ,8:04  ,  ,  ,|      ,8:08  ,8:19  ,  ,  ,  ,|      ,8:23  ,8:34  ,  ,  ,  ,|      ,8:38  ,8:49  ,  ,  ,  ,|      ,8:53  ,9:04  ,  ,  ,|      ,9:08  ,9:19  ,  ,  ,  ,|      ,9:23  ,9:34  ,  ,  ,  ,|      ,9:38  ,9:49  ,  ,  ,  ,|      ,9:53  ,10:04  ,  ,  ,|      ,10:08  ,10:19  ,  ,  ,  ,|      ,10:23  ,10:34  ,  ,  ,  ,|      ,10:38  ,10:49  ,  ,  ,  ,|      ,10:53  ,11:04  ,  ,  ,|      ,11:08  ,11:19  ,  ,  ,|      ,11:23  ,11:34  ,  ,  ,|      ,11:49  ,  ,  ,  ,|      ,12:04  ,12:08  ,  ,12:19  ,  ,  ,|      ,12:23  ,12:34  ,  ,  ,|      ,12:49  ,  ,  ,  ,|      ,13:04  ,13:08  ,  ,13:19  ,  ,  ,|      ,13:23  ,13:34  ,  ,  ,|      ,13:49  ,  ,  ,  ,|      ,14:04  ,14:08  ,  ,14:19  ,  ,  ,|      ,14:23  ,14:34  ,  ,  ,|      ,14:49  ,  ,  ,  ,|      ,15:04  ,15:08  ,  ,15:19  ,  ,  ,|      ,15:23  ,15:34  ,  ,  ,|      ,15:49  ,  ,  ,  ,|      ,16:04  ,16:08  ,  ,16:19  ,  ,  ,  ,|      ,16:23  ,16:34  ,  ,  ,  ,|      ,16:38  ,16:49  ,  ,  ,  ,|      ,16:53  ,17:04  ,  ,  ,|      ,17:08  ,17:19  ,  ,  ,  ,|      ,17:23  ,17:34  ,  ,  ,  ,|      ,17:38  ,17:49  ,  ,  ,  ,|      ,17:53  ,18:04  ,  ,  ,|      ,18:08  ,18:19  ,  ,  
93,HAYWARD PARK,  ,|      ,6:11  ,  ,|      ,  ,  ,|      ,6:27  ,|      ,  ,  ,  ,|      ,6:41  ,|      ,  ,  ,  ,|      ,6:57  ,|      ,  ,  ,|      ,7:11  ,|      ,  ,  ,  ,|      ,7:27  ,|      ,  ,  ,  ,|      ,7:41  ,|      ,  ,  ,  ,|      ,7:57  ,|      ,  ,  ,|      ,8:11  ,|      ,  ,  ,  ,|      ,8:27  ,|      ,  ,  ,  ,|      ,8:41  ,|      ,  ,  ,  ,|      ,8:57  ,|      ,  ,  ,|      ,9:11  ,|      ,  ,  ,  ,|      ,9:27  ,|      ,  ,  ,  ,|      ,9:41  ,|      ,  ,  ,  ,|      ,9:57  ,|      ,  ,  ,|      ,10:11  ,|      ,  ,  ,  ,|      ,10:27  ,|      ,  ,  ,  ,|      ,10:41  ,|      ,  ,  ,  ,|      ,10:57  ,|      ,  ,  ,|      ,11:11  ,|      ,  ,  ,|      ,11:27  ,|      ,  ,  ,|      ,|      ,  ,  ,  ,|      ,|      ,12:11  ,  ,|      ,  ,  ,|      ,12:27  ,|      ,  ,  ,|      ,|      ,  ,  ,  ,|      ,|      ,13:11  ,  ,|      ,  ,  ,|      ,13:27  ,|      ,  ,  ,|      ,|      ,  ,  ,  ,|      ,|      ,14:11  ,  ,|      ,  ,  ,|      ,14:27  ,|      ,  ,  ,|      ,|      ,  ,  ,  ,|      ,|      ,15:11  ,  ,|      ,  ,  ,|      ,15:27  ,|      ,  ,  ,|      ,|      ,  ,  ,  ,|      ,|      ,16:11  ,  ,|      ,  ,  ,  ,|      ,16:27  ,|      ,  ,  ,  ,|      ,16:41  ,|      ,  ,  ,  ,|      ,16:57  ,|      ,  ,  ,|      ,17:11  ,|      ,  ,  ,  ,|      ,17:27  ,|      ,  ,  ,  ,|      ,17:41  ,|      ,  ,  ,  ,|      ,17:57  ,|      ,  ,  ,|      ,18:11  ,|      ,  ,  
95,SAN MATEO,  ,|      ,6:14  ,  ,|      ,  ,  ,|      ,|      ,|      ,  ,  ,  ,|      ,6:44  ,|      ,  ,  ,  ,|      ,|      ,|      ,  ,  ,|      ,7:14  ,|      ,  ,  ,  ,|      ,|      ,|      ,  ,  ,  ,|      ,7:44  ,|      ,  ,  ,  ,|      ,|      ,|      ,  ,  ,|      ,8:14  ,|      ,  ,  ,  ,|      ,|      ,|      ,  ,  ,  ,|      ,8:44  ,|      ,  ,  ,  ,|      ,|      ,|      ,  ,  ,|      ,9:14  ,|      ,  ,  ,  ,|      ,|      ,|      ,  ,  ,  ,|      ,9:44  ,|      ,  ,  ,  ,|      ,|      ,|      ,  ,  ,|      ,10:14  ,|      ,  ,  ,  ,|      ,|      ,|      ,  ,  ,  ,|      ,10:44  ,|      ,  ,  ,  ,|      ,|      ,|      ,  ,  ,|      ,11:14  ,|      ,  ,  ,|      ,|      ,|      ,  ,  ,|      ,|      ,  ,  ,  ,|      ,|      ,12:14  ,  ,|      ,  ,  ,|      ,|      ,|      ,  ,  ,|      ,|      ,  ,  ,  ,|      ,|      ,13:14  ,  ,|      ,  ,  ,|      ,|      ,|      ,  ,  ,|      ,|      ,  ,  ,  ,|      ,|      ,14:14  ,  ,|      ,  ,  ,|      ,|      ,|      ,  ,  ,|      ,|      ,  ,  ,  ,|      ,|      ,15:14  ,  ,|      ,  ,  ,|      ,|      ,|      ,  ,  ,|      ,|      ,  ,  ,  ,|      ,|      ,16:14  ,  ,|      ,  ,  ,  ,|      ,|      ,|      ,  ,  ,  ,|      ,16:44  ,|      ,  ,  ,  ,|      ,|      ,|      ,  ,  ,|      ,17:14  ,|      ,  ,  ,  ,|      ,|      ,|      ,  ,  ,  ,|      ,17:44  ,|      ,  ,  ,  ,|      ,|      ,|      ,  ,  ,|      ,18:14  ,|      ,  ,  
97,BURLINGAME,  ,|      ,|      ,  ,|      ,  ,  ,|      ,6:31  ,|      ,  ,  ,  ,|      ,|      ,|      ,  ,  ,  ,|      ,7:01  ,|      ,  ,  ,|      ,|      ,|      ,  ,  ,  ,|      ,7:31  ,|      ,  ,  ,  ,|      ,|      ,|      ,  ,  ,  ,|      ,8:01  ,|      ,  ,  ,|      ,|      ,|      ,  ,  ,  ,|      ,8:31  ,|      ,  ,  ,  ,|      ,|      ,|      ,  ,  ,  ,|      ,9:01  ,|      ,  ,  ,|      ,|      ,|      ,  ,  ,  ,|      ,9:31  ,|      ,  ,  ,  ,|      ,|      ,|      ,  ,  ,  ,|      ,10:01  ,|      ,  ,  ,|      ,|      ,|      ,  ,  ,  ,|      ,10:31  ,|      ,  ,  ,  ,|      ,|      ,|      ,  ,  ,  ,|      ,11:01  ,|      ,  ,  ,|      ,|      ,|      ,  ,  ,|      ,11:31  ,|      ,  ,  ,|      ,|      ,  ,  ,  ,|      ,|      ,|      ,  ,|      ,  ,  ,|      ,12:31  ,|      ,  ,  ,|      ,|      ,  ,  ,  ,|      ,|      ,|      ,  ,|      ,  ,  ,|      ,13:31  ,|      ,  ,  ,|      ,|      ,  ,  ,  ,|      ,|      ,|      ,  ,|      ,  ,  ,|      ,14:31  ,|      ,  ,  ,|      ,|      ,  ,  ,  ,|      ,|      ,|      ,  ,|      ,  ,  ,|      ,15:31  ,|      ,  ,  ,|      ,|      ,  ,  ,  ,|      ,|      ,|      ,  ,|      ,  ,  ,  ,|      ,16:31  ,|      ,  ,  ,  ,|      ,|      ,|      ,  ,  ,  ,|      ,17:01  ,|      ,  ,  ,|      ,|      ,|      ,  ,  ,  ,|      ,17:31  ,|      ,  ,  ,  ,|      ,|      ,|      ,  ,  ,  ,|      ,18:01  ,|      ,  ,  ,|      ,|      ,|      ,  ,  
99,BROADWAY,  ,|      ,6:17  ,  ,|      ,  ,  ,|      ,|      ,|      ,  ,  ,  ,|      ,6:47  ,|      ,  ,  ,  ,|      ,|      ,|      ,  ,  ,|      ,7:17  ,|      ,  ,  ,  ,|      ,|      ,|      ,  ,  ,  ,|      ,7:47  ,|      ,  ,  ,  ,|      ,|      ,|      ,  ,  ,|      ,8:17  ,|      ,  ,  ,  ,|      ,|      ,|      ,  ,  ,  ,|      ,8:47  ,|      ,  ,  ,  ,|      ,|      ,|      ,  ,  ,|      ,9:17  ,|      ,  ,  ,  ,|      ,|      ,|      ,  ,  ,  ,|      ,9:47  ,|      ,  ,  ,  ,|      ,|      ,|      ,  ,  ,|      ,10:17  ,|      ,  ,  ,  ,|      ,|      ,|      ,  ,  ,  ,|      ,10:47  ,|      ,  ,  ,  ,|      ,|      ,|      ,  ,  ,|      ,11:17  ,|      ,  ,  ,|      ,|      ,|      ,  ,  ,|      ,|      ,  ,  ,  ,|      ,|      ,12:17  ,  ,|      ,  ,  ,|      ,|      ,|      ,  ,  ,|      ,|      ,  ,  ,  ,|      ,|      ,13:17  ,  ,|      ,  ,  ,|      ,|      ,|      ,  ,  ,|      ,|      ,  ,  ,  ,|      ,|      ,14:17  ,  ,|      ,  ,  ,|      ,|      ,|      ,  ,  ,|      ,|      ,  ,  ,  ,|      ,|      ,15:17  ,  ,|      ,  ,  ,|      ,|      ,|      ,  ,  ,|      ,|      ,  ,  ,  ,|      ,|      ,16:17  ,  ,|      ,  ,  ,  ,|      ,|      ,|      ,  ,  ,  ,|      ,16:47  ,|      ,  ,  ,  ,|      ,|      ,|      ,  ,  ,|      ,17:17  ,|      ,  ,  ,  ,|      ,|      ,|      ,  ,  ,  ,|      ,17:47  ,|      ,  ,  ,  ,|      ,|      ,|      ,  ,  ,|      ,18:17  ,|      ,  ,  
101,MILLBRAE,  ,6:10  ,|      ,  ,6:25  ,  ,  ,6:31  ,6:34  ,6:40  ,  ,  ,  ,6:46  ,|      ,6:55  ,  ,  ,  ,7:01  ,7:04  ,7:10  ,  ,  ,7:16  ,|      ,7:25  ,  ,  ,  ,7:31  ,7:34  ,7:40  ,  ,  ,  ,7:46  ,|      ,7:55  ,  ,  ,  ,8:01  ,8:04  ,8:10  ,  ,  ,8:16  ,|      ,8:25  ,  ,  ,  ,8:31  ,8:34  ,8:40  ,  ,  ,  ,8:46  ,|      ,8:55  ,  ,  ,  ,9:01  ,9:04  ,9:10  ,  ,  ,9:16  ,|      ,9:25  ,  ,  ,  ,9:31  ,9:34  ,9:40  ,  ,  ,  ,9:46  ,|      ,9:55  ,  ,  ,  ,10:01  ,10:04  ,10:10  ,  ,  ,10:16  ,|      ,10:25  ,  ,  ,  ,10:31  ,10:34  ,10:40  ,  ,  ,  ,10:46  ,|      ,10:55  ,  ,  ,  ,11:01  ,11:04  ,11:10  ,  ,  ,11:16  ,|      ,11:25  ,  ,  ,11:31  ,11:34  ,11:40  ,  ,  ,11:46  ,11:55  ,  ,  ,  ,12:01  ,12:10  ,|      ,  ,12:25  ,  ,  ,12:31  ,12:34  ,12:40  ,  ,  ,12:46  ,12:55  ,  ,  ,  ,13:01  ,13:10  ,|      ,  ,13:25  ,  ,  ,13:31  ,13:34  ,13:40  ,  ,  ,13:46  ,13:55  ,  ,  ,  ,14:01  ,14:10  ,|      ,  ,14:25  ,  ,  ,14:31  ,14:34  ,14:40  ,  ,  ,14:46  ,14:55  ,  ,  ,  ,15:01  ,15:10  ,|      ,  ,15:25  ,  ,  ,15:31  ,15:34  ,15:40  ,  ,  ,15:46  ,15:55  ,  ,  ,  ,16:01  ,16:10  ,|      ,  ,16:25  ,  ,  ,  ,16:31  ,16:34  ,16:40  ,  ,  ,  ,16:46  ,|      ,16:55  ,  ,  ,  ,17:01  ,17:04  ,17:10  ,  ,  ,17:16  ,|      ,17:25  ,  ,  ,  ,17:31  ,17:34  ,17:40  ,  ,  ,  ,17:46  ,|      ,17:55  ,  ,  ,  ,18:01  ,18:04  ,18:10  ,  ,  ,18:16  ,|      ,18:25  ,  ,  
106,SAN BRUNO,  ,|      ,6:22  ,  ,|      ,  ,  ,|      ,6:38  ,|      ,  ,  ,  ,|      ,6:52  ,|      ,  ,  ,  ,|      ,7:08  ,|      ,  ,  ,|      ,7:22  ,|      ,  ,  ,  ,|      ,7:38  ,|      ,  ,  ,  ,|      ,7:52  ,|      ,  ,  ,  ,|      ,8:08  ,|      ,  ,  ,|      ,8:22  ,|      ,  ,  ,  ,|      ,8:38  ,|      ,  ,  ,  ,|      ,8:52  ,|      ,  ,  ,  ,|      ,9:08  ,|      ,  ,  ,|      ,9:22  ,|      ,  ,  ,  ,|      ,9:38  ,|      ,  ,  ,  ,|      ,9:52  ,|      ,  ,  ,  ,|      ,10:08  ,|      ,  ,  ,|      ,10:22  ,|      ,  ,  ,  ,|      ,10:38  ,|      ,  ,  ,  ,|      ,10:52  ,|      ,  ,  ,  ,|      ,11:08  ,|      ,  ,  ,|      ,11:22  ,|      ,  ,  ,|      ,11:38  ,|      ,  ,  ,|      ,|      ,  ,  ,  ,|      ,|      ,12:22  ,  ,|      ,  ,  ,|      ,12:38  ,|      ,  ,  ,|      ,|      ,  ,  ,  ,|      ,|      ,13:22  ,  ,|      ,  ,  ,|      ,13:38  ,|      ,  ,  ,|      ,|      ,  ,  ,  ,|      ,|      ,14:22  ,  ,|      ,  ,  ,|      ,14:38  ,|      ,  ,  ,|      ,|      ,  ,  ,  ,|      ,|      ,15:22  ,  ,|      ,  ,  ,|      ,15:38  ,|      ,  ,  ,|      ,|      ,  ,  ,  ,|      ,|      ,16:22  ,  ,|      ,  ,  ,  ,|      ,16:38  ,|      ,  ,  ,  ,|      ,16:52  ,|      ,  ,  ,  ,|      ,17:08  ,|      ,  ,  ,|      ,17:22  ,|      ,  ,  ,  ,|      ,17:38  ,|      ,  ,  ,  ,|      ,17:52  ,|      ,  ,  ,  ,|      ,18:08  ,|      ,  ,  ,|      ,18:22  ,|      ,  ,  
109,SOUTH SAN FRANCISCO ,  ,6:15  ,6:25  ,  ,6:30  ,  ,  ,|      ,6:41  ,6:45  ,  ,  ,  ,|      ,6:55  ,7:00  ,  ,  ,  ,|      ,7:11  ,7:15  ,  ,  ,|      ,7:25  ,7:30  ,  ,  ,  ,|      ,7:41  ,7:45  ,  ,  ,  ,|      ,7:55  ,8:00  ,  ,  ,  ,|      ,8:11  ,8:15  ,  ,  ,|      ,8:25  ,8:30  ,  ,  ,  ,|      ,8:41  ,8:45  ,  ,  ,  ,|      ,8:55  ,9:00  ,  ,  ,  ,|      ,9:11  ,9:15  ,  ,  ,|      ,9:25  ,9:30  ,  ,  ,  ,|      ,9:41  ,9:45  ,  ,  ,  ,|      ,9:55  ,10:00  ,  ,  ,  ,|      ,10:11  ,10:15  ,  ,  ,|      ,10:25  ,10:30  ,  ,  ,  ,|      ,10:41  ,10:45  ,  ,  ,  ,|      ,10:55  ,11:00  ,  ,  ,  ,|      ,11:11  ,11:15  ,  ,  ,|      ,11:25  ,11:30  ,  ,  ,|      ,11:41  ,11:45  ,  ,  ,|      ,12:00  ,  ,  ,  ,|      ,12:15  ,12:25  ,  ,12:30  ,  ,  ,|      ,12:41  ,12:45  ,  ,  ,|      ,13:00  ,  ,  ,  ,|      ,13:15  ,13:25  ,  ,13:30  ,  ,  ,|      ,13:41  ,13:45  ,  ,  ,|      ,14:00  ,  ,  ,  ,|      ,14:15  ,14:25  ,  ,14:30  ,  ,  ,|      ,14:41  ,14:45  ,  ,  ,|      ,15:00  ,  ,  ,  ,|      ,15:15  ,15:25  ,  ,15:30  ,  ,  ,|      ,15:41  ,15:45  ,  ,  ,|      ,16:00  ,  ,  ,  ,|      ,16:15  ,16:25  ,  ,16:30  ,  ,  ,  ,|      ,16:41  ,16:45  ,  ,  ,  ,|      ,16:55  ,17:00  ,  ,  ,  ,|      ,17:11  ,17:15  ,  ,  ,|      ,17:25  ,17:30  ,  ,  ,  ,|      ,17:41  ,17:45  ,  ,  ,  ,|      ,17:55  ,18:00  ,  ,  ,  ,|      ,18:11  ,18:15  ,  ,  ,|      ,18:25  ,18:30  ,  ,  
115,BAYSHORE,  ,|      ,6:30  ,  ,|      ,  ,  ,|      ,6:45  ,|      ,  ,  ,  ,|      ,7:00  ,|      ,  ,  ,  ,|      ,7:15  ,|      ,  ,  ,|      ,7:30  ,|      ,  ,  ,  ,|      ,7:45  ,|      ,  ,  ,  ,|      ,8:00  ,|      ,  ,  ,  ,|      ,8:15  ,|      ,  ,  ,|      ,8:30  ,|      ,  ,  ,  ,|      ,8:45  ,|      ,  ,  ,  ,|      ,9:00  ,|      ,  ,  ,  ,|      ,9:15  ,|      ,  ,  ,|      ,9:30  ,|      ,  ,  ,  ,|      ,9:45  ,|      ,  ,  ,  ,|      ,10:00  ,|      ,  ,  ,  ,|      ,10:15  ,|      ,  ,  ,|      ,10:30  ,|      ,  ,  ,  ,|      ,10:45  ,|      ,  ,  ,  ,|      ,11:00  ,|      ,  ,  ,  ,|      ,11:15  ,|      ,  ,  ,|      ,11:30  ,|      ,  ,  ,|      ,11:45  ,|      ,  ,  ,|      ,|      ,  ,  ,  ,|      ,|      ,12:30  ,  ,|      ,  ,  ,|      ,12:45  ,|      ,  ,  ,|      ,|      ,  ,  ,  ,|      ,|      ,13:30  ,  ,|      ,  ,  ,|      ,13:45  ,|      ,  ,  ,|      ,|      ,  ,  ,  ,|      ,|      ,14:30  ,  ,|      ,  ,  ,|      ,14:45  ,|      ,  ,  ,|      ,|      ,  ,  ,  ,|      ,|      ,15:30  ,  ,|      ,  ,  ,|      ,15:45  ,|      ,  ,  ,|      ,|      ,  ,  ,  ,|      ,|      ,16:30  ,  ,|      ,  ,  ,  ,|      ,16:45  ,|      ,  ,  ,  ,|      ,17:00  ,|      ,  ,  ,  ,|      ,17:15  ,|      ,  ,  ,|      ,17:30  ,|      ,  ,  ,  ,|      ,17:45  ,|      ,  ,  ,  ,|      ,18:00  ,|      ,  ,  ,  ,|      ,18:15  ,|      ,  ,  ,|      ,18:30  ,|      ,  ,  
121,22nd STREET,  ,6:23  ,6:34  ,  ,6:38  ,  ,  ,|      ,6:50  ,6:53  ,  ,  ,  ,|      ,7:04  ,7:08  ,  ,  ,  ,|      ,7:20  ,7:23  ,  ,  ,|      ,7:34  ,7:38  ,  ,  ,  ,|      ,7:50  ,7:53  ,  ,  ,  ,|      ,8:04  ,8:08  ,  ,  ,  ,|      ,8:20  ,8:23  ,  ,  ,|      ,8:34  ,8:38  ,  ,  ,  ,|      ,8:50  ,8:53  ,  ,  ,  ,|      ,9:04  ,9:08  ,  ,  ,  ,|      ,9:20  ,9:23  ,  ,  ,|      ,9:34  ,9:38  ,  ,  ,  ,|      ,9:50  ,9:53  ,  ,  ,  ,|      ,10:04  ,10:08  ,  ,  ,  ,|      ,10:20  ,10:23  ,  ,  ,|      ,10:34  ,10:38  ,  ,  ,  ,|      ,10:50  ,10:53  ,  ,  ,  ,|      ,11:04  ,11:08  ,  ,  ,  ,|      ,11:20  ,11:23  ,  ,  ,|      ,11:34  ,11:38  ,  ,  ,|      ,11:50  ,11:53  ,  ,  ,|      ,12:08  ,  ,  ,  ,|      ,12:23  ,12:34  ,  ,12:38  ,  ,  ,|      ,12:50  ,12:53  ,  ,  ,|      ,13:08  ,  ,  ,  ,|      ,13:23  ,13:34  ,  ,13:38  ,  ,  ,|      ,13:50  ,13:53  ,  ,  ,|      ,14:08  ,  ,  ,  ,|      ,14:23  ,14:34  ,  ,14:38  ,  ,  ,|      ,14:50  ,14:53  ,  ,  ,|      ,15:08  ,  ,  ,  ,|      ,15:23  ,15:34  ,  ,15:38  ,  ,  ,|      ,15:50  ,15:53  ,  ,  ,|      ,16:08  ,  ,  ,  ,|      ,16:23  ,16:34  ,  ,16:38  ,  ,  ,  ,|      ,16:50  ,16:53  ,  ,  ,  ,|      ,17:04  ,17:08  ,  ,  ,  ,|      ,17:20  ,17:23  ,  ,  ,|      ,17:34  ,17:38  ,  ,  ,  ,|      ,17:50  ,17:53  ,  ,  ,  ,|      ,18:04  ,18:08  ,  ,  ,  ,|      ,18:20  ,18:23  ,  ,  ,|      ,18:34  ,18:38  ,  ,  
124,TOWNSEND / 4TH AND KING $,  ,6:28  ,6:39  ,  ,6:43  ,  ,  ,6:46  ,6:54  ,6:58  ,  ,  ,  ,|      ,7:09  ,7:13  ,  ,  ,  ,7:16  ,7:24  ,7:28  ,  ,  ,|      ,7:39  ,7:43  ,  ,  ,  ,7:46  ,7:54  ,7:58  ,  ,  ,  ,|      ,8:09  ,8:13  ,  ,  ,  ,8:16  ,8:24  ,8:28  ,  ,  ,|      ,8:39  ,8:43  ,  ,  ,  ,8:46  ,8:54  ,8:58  ,  ,  ,  ,|      ,9:09  ,9:13  ,  ,  ,  ,9:16  ,9:24  ,9:28  ,  ,  ,|      ,9:39  ,9:43  ,  ,  ,  ,9:46  ,9:54  ,9:58  ,  ,  ,  ,|      ,10:09  ,10:13  ,  ,  ,  ,10:16  ,10:24  ,10:28  ,  ,  ,|      ,10:39  ,10:43  ,  ,  ,  ,10:46  ,10:54  ,10:58  ,  ,  ,  ,|      ,11:09  ,11:13  ,  ,  ,  ,11:16  ,11:24  ,11:28  ,  ,  ,|      ,11:39  ,11:43  ,  ,  ,11:46  ,11:54  ,11:58  ,  ,  ,|      ,12:13  ,  ,  ,  ,12:16  ,12:28  ,12:39  ,  ,12:43  ,  ,  ,12:46  ,12:54  ,12:58  ,  ,  ,|      ,13:13  ,  ,  ,  ,13:16  ,13:28  ,13:39  ,  ,13:43  ,  ,  ,13:46  ,13:54  ,13:58  ,  ,  ,|      ,14:13  ,  ,  ,  ,14:16  ,14:28  ,14:39  ,  ,14:43  ,  ,  ,14:46  ,14:54  ,14:58  ,  ,  ,|      ,15:13  ,  ,  ,  ,15:16  ,15:28  ,15:39  ,  ,15:43  ,  ,  ,15:46  ,15:54  ,15:58  ,  ,  ,|      ,16:13  ,  ,  ,  ,16:16  ,16:28  ,16:39  ,  ,16:43  ,  ,  ,  ,16:46  ,16:54  ,16:58  ,  ,  ,  ,|      ,17:09  ,17:13  ,  ,  ,  ,17:16  ,17:24  ,17:28  ,  ,  ,|      ,17:39  ,17:43  ,  ,  ,  ,17:46  ,17:54  ,17:58  ,  ,  ,  ,|      ,18:09  ,18:13  ,  ,  ,  ,18:16  ,18:24  ,18:28  ,  ,  ,|      ,18:39  ,18:43  ,  ,  
126,SALESFORCE TRANSIT CENTER (STC) $,  ,6:32  ,6:43  ,  ,6:47  ,  ,  ,6:50  ,6:58  ,7:02  ,  ,  ,  ,7:05  ,7:13  ,7:17  ,  ,  ,  ,7:20  ,7:28  ,7:32  ,  ,  ,7:35  ,7:43  ,7:47  ,  ,  ,  ,7:50  ,7:58  ,8:02  ,  ,  ,  ,8:05  ,8:13  ,8:17  ,  ,  ,  ,8:20  ,8:28  ,8:32  ,  ,  ,8:35  ,8:43  ,8:47  ,  ,  ,  ,8:50  ,8:58  ,9:02  ,  ,  ,  ,9:05  ,9:13  ,9:17  ,  ,  ,  ,9:20  ,9:28  ,9:32  ,  ,  ,9:35  ,9:43  ,9:47  ,  ,  ,  ,9:50  ,9:58  ,10:02  ,  ,  ,  ,10:05  ,10:13  ,10:17  ,  ,  ,  ,10:20  ,10:28  ,10:32  ,  ,  ,10:35  ,10:43  ,10:47  ,  ,  ,  ,10:50  ,10:58  ,11:02  ,  ,  ,  ,11:05  ,11:13  ,11:17  ,  ,  ,  ,11:20  ,11:28  ,11:32  ,  ,  ,11:35  ,11:43  ,11:47  ,  ,  ,11:50  ,11:58  ,12:02  ,  ,  ,12:05  ,12:17  ,  ,  ,  ,12:20  ,12:32  ,12:43  ,  ,12:47  ,  ,  ,12:50  ,12:58  ,13:02  ,  ,  ,13:05  ,13:17  ,  ,  ,  ,13:20  ,13:32  ,13:43  ,  ,13:47  ,  ,  ,13:50  ,13:58  ,14:02  ,  ,  ,14:05  ,14:17  ,  ,  ,  ,14:20  ,14:32  ,14:43  ,  ,14:47  ,  ,  ,14:50  ,14:58  ,15:02  ,  ,  ,15:05  ,15:17  ,  ,  ,  ,15:20  ,15:32  ,15:43  ,  ,15:47  ,  ,  ,15:50  ,15:58  ,16:02  ,  ,  ,16:05  ,16:17  ,  ,  ,  ,16:20  ,16:32  ,16:43  ,  ,16:47  ,  ,  ,  ,16:50  ,16:58  ,17:02  ,  ,  ,  ,17:05  ,17:13  ,17:17  ,  ,  ,  ,17:20  ,17:28  ,17:32  ,  ,  ,17:35  ,17:43  ,17:47  ,  ,  ,  ,17:50  ,17:58  ,18:02  ,  ,  ,  ,18:05  ,18:13  ,18:17  ,  ,  ,  ,18:20  ,18:28  ,18:32  ,  ,  ,18:35  ,18:43  ,18:47  ,  ,  